EUROPEAN CLIMATE ASSESSMENT & DATASET (ECA&D), file created on 18-11-2023
THESE DATA CAN BE USED FREELY PROVIDED THAT THE FOLLOWING SOURCE IS ACKNOWLEDGED:

Klein Tank, A.M.G. and Coauthors, 2002. Daily dataset of 20th-century surface
air temperature and precipitation series for the European Climate Assessment.
Int. J. of Climatol., 22, 1441-1453.
Data and metadata available at http://www.ecad.eu

FILE FORMAT (MISSING VALUE CODE IS -9999):

01-06 SOUID: Source identifier
08-15 DATE : Date YYYYMMDD
17-21 TN   : minimum temperature in 0.1 &#176;C
23-27 Q_TN : Quality code for TN (0='valid'; 1='suspect'; 9='missing')

This is the blended series of station SPAIN, BADAJOZ/TALAVERA LA REAL (STAID: 229).
Blended and updated with sources: 100707 
See file sources.txt and stations.txt for more info.

 SOUID,    DATE,   TN, Q_TN
100707,19550101,   36,    0
100707,19550102,   53,    0
100707,19550103,   80,    0
100707,19550104,   74,    0
100707,19550105,  100,    0
100707,19550106,   52,    0
100707,19550107,   50,    0
100707,19550108,   56,    0
100707,19550109,   57,    0
100707,19550110,  123,    0
100707,19550111,  125,    0
100707,19550112,  118,    0
100707,19550113,  120,    0
100707,19550114,  130,    0
100707,19550115,  104,    0
100707,19550116,  103,    0
100707,19550117,  105,    0
100707,19550118,  140,    0
100707,19550119,  120,    0
100707,19550120,  115,    0
100707,19550121,  114,    0
100707,19550122,   98,    0
100707,19550123,   62,    0
100707,19550124,   60,    0
100707,19550125,   38,    0
100707,19550126,   35,    0
100707,19550127,   40,    0
100707,19550128,   66,    0
100707,19550129,  100,    0
100707,19550130,   60,    0
100707,19550131,   70,    0
100707,19550201,   62,    0
100707,19550202,   60,    0
100707,19550203,   96,    0
100707,19550204,   50,    0
100707,19550205,   47,    0
100707,19550206,   97,    0
100707,19550207,   58,    0
100707,19550208,   30,    0
100707,19550209,   30,    0
100707,19550210,   32,    0
100707,19550211,   50,    0
100707,19550212,   88,    0
100707,19550213,  110,    0
100707,19550214,   60,    0
100707,19550215,   60,    0
100707,19550216,  112,    0
100707,19550217,   85,    0
100707,19550218,   54,    0
100707,19550219,   47,    0
100707,19550220,   35,    0
100707,19550221,   10,    0
100707,19550222,   70,    0
100707,19550223,   65,    0
100707,19550224,   45,    0
100707,19550225,   54,    0
100707,19550226,   30,    0
100707,19550227,   25,    0
100707,19550228,   30,    0
100707,19550301,   24,    0
100707,19550302,   64,    0
100707,19550303,   60,    0
100707,19550304,   45,    0
100707,19550305,   55,    0
100707,19550306,   43,    0
100707,19550307,   18,    0
100707,19550308,    6,    0
100707,19550309,   10,    0
100707,19550310,    5,    0
100707,19550311,   16,    0
100707,19550312,    0,    0
100707,19550313,   14,    0
100707,19550314,   48,    0
100707,19550315,   75,    0
100707,19550316,   40,    0
100707,19550317,   62,    0
100707,19550318,   45,    0
100707,19550319,   92,    0
100707,19550320,  100,    0
100707,19550321,   94,    0
100707,19550322,  112,    0
100707,19550323,  100,    0
100707,19550324,  105,    0
100707,19550325,  142,    0
100707,19550326,  125,    0
100707,19550327,   90,    0
100707,19550328,   80,    0
100707,19550329,   70,    0
100707,19550330,   84,    0
100707,19550331,   90,    0
100707,19550401,   60,    0
100707,19550402,   80,    0
100707,19550403,   86,    0
100707,19550404,   60,    0
100707,19550405,   54,    0
100707,19550406,   96,    0
100707,19550407,   75,    0
100707,19550408,   50,    0
100707,19550409,   75,    0
100707,19550410,   88,    0
100707,19550411,   86,    0
100707,19550412,   71,    0
100707,19550413,   86,    0
100707,19550414,   80,    0
100707,19550415,  100,    0
100707,19550416,  103,    0
100707,19550417,   90,    0
100707,19550418,  116,    0
100707,19550419,  102,    0
100707,19550420,  125,    0
100707,19550421,  105,    0
100707,19550422,  105,    0
100707,19550423,  110,    0
100707,19550424,  113,    0
100707,19550425,   88,    0
100707,19550426,   78,    0
100707,19550427,   83,    0
100707,19550428,   98,    0
100707,19550429,   94,    0
100707,19550430,  118,    0
100707,19550501,   90,    0
100707,19550502,  119,    0
100707,19550503,   85,    0
100707,19550504,  115,    0
100707,19550505,  105,    0
100707,19550506,  160,    0
100707,19550507,  108,    0
100707,19550508,   97,    0
100707,19550509,  135,    0
100707,19550510,  102,    0
100707,19550511,  120,    0
100707,19550512,  115,    0
100707,19550513,  100,    0
100707,19550514,  123,    0
100707,19550515,  144,    0
100707,19550516,   85,    0
100707,19550517,  120,    0
100707,19550518,  116,    0
100707,19550519,  106,    0
100707,19550520,  138,    0
100707,19550521,  176,    0
100707,19550522,  134,    0
100707,19550523,  165,    0
100707,19550524,  120,    0
100707,19550525,  145,    0
100707,19550526,  130,    0
100707,19550527,  128,    0
100707,19550528,  132,    0
100707,19550529,  145,    0
100707,19550530,  155,    0
100707,19550531,  160,    0
100707,19550601,  146,    0
100707,19550602,  120,    0
100707,19550603,  105,    0
100707,19550604,  114,    0
100707,19550605,  118,    0
100707,19550606,  120,    0
100707,19550607,  119,    0
100707,19550608,  153,    0
100707,19550609,  126,    0
100707,19550610,  100,    0
100707,19550611,  113,    0
100707,19550612,  142,    0
100707,19550613,  135,    0
100707,19550614,  165,    0
100707,19550615,  165,    0
100707,19550616,  180,    0
100707,19550617,  178,    0
100707,19550618,  150,    0
100707,19550619,  130,    0
100707,19550620,  140,    0
100707,19550621,  164,    0
100707,19550622,  172,    0
100707,19550623,  200,    0
100707,19550624,  200,    0
100707,19550625,  188,    0
100707,19550626,  148,    0
100707,19550627,  154,    0
100707,19550628,  184,    0
100707,19550629,  145,    0
100707,19550630,  154,    0
100707,19550701,  138,    0
100707,19550702,  138,    0
100707,19550703,  144,    0
100707,19550704,  130,    0
100707,19550705,  168,    0
100707,19550706,  160,    0
100707,19550707,  174,    0
100707,19550708,  184,    0
100707,19550709,  157,    0
100707,19550710,  140,    0
100707,19550711,  140,    0
100707,19550712,  155,    0
100707,19550713,  164,    0
100707,19550714,  172,    0
100707,19550715,  160,    0
100707,19550716,  194,    0
100707,19550717,  204,    0
100707,19550718,  164,    0
100707,19550719,  173,    0
100707,19550720,  165,    0
100707,19550721,  180,    0
100707,19550722,  208,    0
100707,19550723,  199,    0
100707,19550724,  209,    0
100707,19550725,  152,    0
100707,19550726,  154,    0
100707,19550727,  145,    0
100707,19550728,  134,    0
100707,19550729,  160,    0
100707,19550730,  160,    0
100707,19550731,  156,    0
100707,19550801,  165,    0
100707,19550802,  136,    0
100707,19550803,  148,    0
100707,19550804,  160,    0
100707,19550805,  178,    0
100707,19550806,  180,    0
100707,19550807,  185,    0
100707,19550808,  180,    0
100707,19550809,  170,    0
100707,19550810,  160,    0
100707,19550811,  162,    0
100707,19550812,  179,    0
100707,19550813,  135,    0
100707,19550814,  150,    0
100707,19550815,  170,    0
100707,19550816,  155,    0
100707,19550817,  178,    0
100707,19550818,  156,    0
100707,19550819,  176,    0
100707,19550820,  172,    0
100707,19550821,  200,    0
100707,19550822,  210,    0
100707,19550823,  200,    0
100707,19550824,  224,    0
100707,19550825,  190,    0
100707,19550826,  204,    0
100707,19550827,  183,    0
100707,19550828,  170,    0
100707,19550829,  176,    0
100707,19550830,  186,    0
100707,19550831,  185,    0
100707,19550901,  175,    0
100707,19550902,  170,    0
100707,19550903,  189,    0
100707,19550904,  164,    0
100707,19550905,  162,    0
100707,19550906,  150,    0
100707,19550907,  170,    0
100707,19550908,  163,    0
100707,19550909,  170,    0
100707,19550910,  158,    0
100707,19550911,  158,    0
100707,19550912,  195,    0
100707,19550913,  195,    0
100707,19550914,  168,    0
100707,19550915,  163,    0
100707,19550916,  144,    0
100707,19550917,  170,    0
100707,19550918,  160,    0
100707,19550919,  168,    0
100707,19550920,  160,    0
100707,19550921,  132,    0
100707,19550922,  149,    0
100707,19550923,  166,    0
100707,19550924,  150,    0
100707,19550925,  128,    0
100707,19550926,  118,    0
100707,19550927,  130,    0
100707,19550928,  135,    0
100707,19550929,  110,    0
100707,19550930,  122,    0
100707,19551001,  172,    0
100707,19551002,  125,    0
100707,19551003,  140,    0
100707,19551004,  105,    0
100707,19551005,  107,    0
100707,19551006,  125,    0
100707,19551007,  147,    0
100707,19551008,  115,    0
100707,19551009,  130,    0
100707,19551010,  135,    0
100707,19551011,  145,    0
100707,19551012,  138,    0
100707,19551013,  136,    0
100707,19551014,  144,    0
100707,19551015,  162,    0
100707,19551016,  156,    0
100707,19551017,  132,    0
100707,19551018,   95,    0
100707,19551019,   95,    0
100707,19551020,   92,    0
100707,19551021,   80,    0
100707,19551022,   72,    0
100707,19551023,   73,    0
100707,19551024,   35,    0
100707,19551025,   55,    0
100707,19551026,   30,    0
100707,19551027,  114,    0
100707,19551028,  145,    0
100707,19551029,  130,    0
100707,19551030,  140,    0
100707,19551031,  134,    0
100707,19551101,  119,    0
100707,19551102,   56,    0
100707,19551103,  155,    0
100707,19551104,  168,    0
100707,19551105,  132,    0
100707,19551106,  130,    0
100707,19551107,  107,    0
100707,19551108,  135,    0
100707,19551109,  100,    0
100707,19551110,   61,    0
100707,19551111,   80,    0
100707,19551112,   82,    0
100707,19551113,   56,    0
100707,19551114,   75,    0
100707,19551115,   93,    0
100707,19551116,   50,    0
100707,19551117,   20,    0
100707,19551118,   10,    0
100707,19551119,    0,    0
100707,19551120,   10,    0
100707,19551121,   60,    0
100707,19551122,   65,    0
100707,19551123,   65,    0
100707,19551124,  110,    0
100707,19551125,  126,    0
100707,19551126,  116,    0
100707,19551127,  120,    0
100707,19551128,   95,    0
100707,19551129,  108,    0
100707,19551130,  105,    0
100707,19551201,   78,    0
100707,19551202,   58,    0
100707,19551203,   59,    0
100707,19551204,   98,    0
100707,19551205,   77,    0
100707,19551206,   50,    0
100707,19551207,   54,    0
100707,19551208,   35,    0
100707,19551209,    4,    0
100707,19551210,   14,    0
100707,19551211,   45,    0
100707,19551212,  100,    0
100707,19551213,  154,    0
100707,19551214,  123,    0
100707,19551215,  150,    0
100707,19551216,  128,    0
100707,19551217,  108,    0
100707,19551218,   83,    0
100707,19551219,   95,    0
100707,19551220,   74,    0
100707,19551221,   91,    0
100707,19551222,   56,    0
100707,19551223,  108,    0
100707,19551224,  115,    0
100707,19551225,   49,    0
100707,19551226,   15,    0
100707,19551227,   35,    0
100707,19551228,   24,    0
100707,19551229,   58,    0
100707,19551230,   65,    0
100707,19551231,   33,    0
100707,19560101,   28,    0
100707,19560102,   32,    0
100707,19560103,   34,    0
100707,19560104,   30,    0
100707,19560105,   26,    0
100707,19560106,   34,    0
100707,19560107,    0,    0
100707,19560108,   -3,    0
100707,19560109,   35,    0
100707,19560110,    6,    0
100707,19560111,   74,    0
100707,19560112,   80,    0
100707,19560113,   56,    0
100707,19560114,   80,    0
100707,19560115,   76,    0
100707,19560116,  108,    0
100707,19560117,   95,    0
100707,19560118,  106,    0
100707,19560119,  100,    0
100707,19560120,   94,    0
100707,19560121,   70,    0
100707,19560122,   48,    0
100707,19560123,   32,    0
100707,19560124,  110,    0
100707,19560125,   66,    0
100707,19560126,   40,    0
100707,19560127,   70,    0
100707,19560128,   56,    0
100707,19560129,   30,    0
100707,19560130,   36,    0
100707,19560131,   60,    0
100707,19560201,   28,    0
100707,19560202,   34,    0
100707,19560203,    2,    0
100707,19560204,  -34,    0
100707,19560205,  -12,    0
100707,19560206,  -18,    0
100707,19560207,  -18,    0
100707,19560208,   -5,    0
100707,19560209,   45,    0
100707,19560210,  -22,    0
100707,19560211,  -58,    0
100707,19560212,  -54,    0
100707,19560213,  -30,    0
100707,19560214,  -56,    0
100707,19560215,  -28,    0
100707,19560216,   23,    0
100707,19560217,   -6,    0
100707,19560218,  -18,    0
100707,19560219,   -7,    0
100707,19560220,  -18,    0
100707,19560221,   30,    0
100707,19560222,   46,    0
100707,19560223,   50,    0
100707,19560224,   33,    0
100707,19560225,   38,    0
100707,19560226,   55,    0
100707,19560227,   45,    0
100707,19560228,    2,    0
100707,19560229,    4,    0
100707,19560301,    0,    0
100707,19560302,   20,    0
100707,19560303,   26,    0
100707,19560304,   38,    0
100707,19560305,   47,    0
100707,19560306,   75,    0
100707,19560307,   56,    0
100707,19560308,   48,    0
100707,19560309,   52,    0
100707,19560310,   95,    0
100707,19560311,   90,    0
100707,19560312,   48,    0
100707,19560313,   76,    0
100707,19560314,   60,    0
100707,19560315,   42,    0
100707,19560316,   50,    0
100707,19560317,   80,    0
100707,19560318,   72,    0
100707,19560319,   62,    0
100707,19560320,   80,    0
100707,19560321,   72,    0
100707,19560322,   55,    0
100707,19560323,   78,    0
100707,19560324,   74,    0
100707,19560325,   80,    0
100707,19560326,   82,    0
100707,19560327,  100,    0
100707,19560328,  106,    0
100707,19560329,  100,    0
100707,19560330,   75,    0
100707,19560331,   72,    0
100707,19560401,   75,    0
100707,19560402,   90,    0
100707,19560403,   80,    0
100707,19560404,  110,    0
100707,19560405,  106,    0
100707,19560406,   65,    0
100707,19560407,   78,    0
100707,19560408,   90,    0
100707,19560409,   90,    0
100707,19560410,   87,    0
100707,19560411,  119,    0
100707,19560412,   98,    0
100707,19560413,  112,    0
100707,19560414,   98,    0
100707,19560415,   85,    0
100707,19560416,   86,    0
100707,19560417,   80,    0
100707,19560418,  105,    0
100707,19560419,   92,    0
100707,19560420,  123,    0
100707,19560421,  105,    0
100707,19560422,   95,    0
100707,19560423,  100,    0
100707,19560424,   75,    0
100707,19560425,   86,    0
100707,19560426,   80,    0
100707,19560427,   68,    0
100707,19560428,   53,    0
100707,19560429,   52,    0
100707,19560430,   55,    0
100707,19560501,   62,    0
100707,19560502,   76,    0
100707,19560503,   86,    0
100707,19560504,   95,    0
100707,19560505,  106,    0
100707,19560506,  100,    0
100707,19560507,  106,    0
100707,19560508,   90,    0
100707,19560509,  110,    0
100707,19560510,  128,    0
100707,19560511,  130,    0
100707,19560512,  125,    0
100707,19560513,  130,    0
100707,19560514,  120,    0
100707,19560515,  120,    0
100707,19560516,  110,    0
100707,19560517,  118,    0
100707,19560518,  160,    0
100707,19560519,  154,    0
100707,19560520,  150,    0
100707,19560521,  121,    0
100707,19560522,  112,    0
100707,19560523,   81,    0
100707,19560524,   94,    0
100707,19560525,  105,    0
100707,19560526,  120,    0
100707,19560527,   82,    0
100707,19560528,   79,    0
100707,19560529,  110,    0
100707,19560530,  110,    0
100707,19560531,   96,    0
100707,19560601,  105,    0
100707,19560602,  130,    0
100707,19560603,  106,    0
100707,19560604,  145,    0
100707,19560605,  122,    0
100707,19560606,  145,    0
100707,19560607,  134,    0
100707,19560608,  125,    0
100707,19560609,  100,    0
100707,19560610,  130,    0
100707,19560611,  110,    0
100707,19560612,  120,    0
100707,19560613,  165,    0
100707,19560614,  126,    0
100707,19560615,  153,    0
100707,19560616,  160,    0
100707,19560617,  160,    0
100707,19560618,  156,    0
100707,19560619,  160,    0
100707,19560620,  180,    0
100707,19560621,  170,    0
100707,19560622,  192,    0
100707,19560623,  175,    0
100707,19560624,  142,    0
100707,19560625,  145,    0
100707,19560626,  148,    0
100707,19560627,  160,    0
100707,19560628,  155,    0
100707,19560629,  150,    0
100707,19560630,  148,    0
100707,19560701,  130,    0
100707,19560702,  150,    0
100707,19560703,  140,    0
100707,19560704,  145,    0
100707,19560705,  200,    0
100707,19560706,  195,    0
100707,19560707,  156,    0
100707,19560708,  140,    0
100707,19560709,  146,    0
100707,19560710,  150,    0
100707,19560711,  170,    0
100707,19560712,  165,    0
100707,19560713,  174,    0
100707,19560714,  136,    0
100707,19560715,  125,    0
100707,19560716,  135,    0
100707,19560717,  144,    0
100707,19560718,  158,    0
100707,19560719,  135,    0
100707,19560720,  142,    0
100707,19560721,  152,    0
100707,19560722,  146,    0
100707,19560723,  170,    0
100707,19560724,  176,    0
100707,19560725,  178,    0
100707,19560726,  200,    0
100707,19560727,  164,    0
100707,19560728,  144,    0
100707,19560729,  160,    0
100707,19560730,  148,    0
100707,19560731,  174,    0
100707,19560801,  180,    0
100707,19560802,  210,    0
100707,19560803,  232,    0
100707,19560804,  204,    0
100707,19560805,  154,    0
100707,19560806,  135,    0
100707,19560807,  142,    0
100707,19560808,  175,    0
100707,19560809,  143,    0
100707,19560810,  162,    0
100707,19560811,  150,    0
100707,19560812,  170,    0
100707,19560813,  168,    0
100707,19560814,  185,    0
100707,19560815,  162,    0
100707,19560816,  153,    0
100707,19560817,  144,    0
100707,19560818,  186,    0
100707,19560819,  152,    0
100707,19560820,  156,    0
100707,19560821,  140,    0
100707,19560822,  140,    0
100707,19560823,  180,    0
100707,19560824,  169,    0
100707,19560825,  162,    0
100707,19560826,  160,    0
100707,19560827,  142,    0
100707,19560828,  124,    0
100707,19560829,  123,    0
100707,19560830,  118,    0
100707,19560831,  145,    0
100707,19560901,  119,    0
100707,19560902,   96,    0
100707,19560903,   90,    0
100707,19560904,   78,    0
100707,19560905,  150,    0
100707,19560906,  118,    0
100707,19560907,  133,    0
100707,19560908,  146,    0
100707,19560909,  138,    0
100707,19560910,  119,    0
100707,19560911,  104,    0
100707,19560912,  190,    0
100707,19560913,  187,    0
100707,19560914,  166,    0
100707,19560915,  143,    0
100707,19560916,  158,    0
100707,19560917,  126,    0
100707,19560918,  146,    0
100707,19560919,  170,    0
100707,19560920,  174,    0
100707,19560921,  155,    0
100707,19560922,  170,    0
100707,19560923,  145,    0
100707,19560924,  142,    0
100707,19560925,  116,    0
100707,19560926,  122,    0
100707,19560927,  134,    0
100707,19560928,  125,    0
100707,19560929,  132,    0
100707,19560930,  152,    0
100707,19561001,  155,    0
100707,19561002,  178,    0
100707,19561003,  175,    0
100707,19561004,  154,    0
100707,19561005,  126,    0
100707,19561006,  140,    0
100707,19561007,  105,    0
100707,19561008,  114,    0
100707,19561009,  160,    0
100707,19561010,  136,    0
100707,19561011,  160,    0
100707,19561012,  164,    0
100707,19561013,  148,    0
100707,19561014,  148,    0
100707,19561015,  140,    0
100707,19561016,  133,    0
100707,19561017,  115,    0
100707,19561018,  110,    0
100707,19561019,  112,    0
100707,19561020,  110,    0
100707,19561021,  109,    0
100707,19561022,   88,    0
100707,19561023,  103,    0
100707,19561024,  114,    0
100707,19561025,  116,    0
100707,19561026,   92,    0
100707,19561027,   70,    0
100707,19561028,   55,    0
100707,19561029,   35,    0
100707,19561030,   32,    0
100707,19561031,   58,    0
100707,19561101,   36,    0
100707,19561102,   10,    0
100707,19561103,    3,    0
100707,19561104,   16,    0
100707,19561105,   24,    0
100707,19561106,   20,    0
100707,19561107,   30,    0
100707,19561108,   56,    0
100707,19561109,  130,    0
100707,19561110,   83,    0
100707,19561111,   76,    0
100707,19561112,   77,    0
100707,19561113,   80,    0
100707,19561114,   44,    0
100707,19561115,   18,    0
100707,19561116,   24,    0
100707,19561117,   60,    0
100707,19561118,    0,    0
100707,19561119,   51,    0
100707,19561120,   49,    0
100707,19561121,   40,    0
100707,19561122,    6,    0
100707,19561123,    2,    0
100707,19561124,   46,    0
100707,19561125,   10,    0
100707,19561126,   28,    0
100707,19561127,  -13,    0
100707,19561128,  -20,    0
100707,19561129,   10,    0
100707,19561130,   22,    0
100707,19561201,   25,    0
100707,19561202,  -15,    0
100707,19561203,  -35,    0
100707,19561204,  -20,    0
100707,19561205,  -30,    0
100707,19561206,  -45,    0
100707,19561207,  -35,    0
100707,19561208,  -35,    0
100707,19561209,  -35,    0
100707,19561210,  -40,    0
100707,19561211,  -53,    0
100707,19561212,  -40,    0
100707,19561213,  -35,    0
100707,19561214,  -20,    0
100707,19561215,  -25,    0
100707,19561216,  -30,    0
100707,19561217,  -20,    0
100707,19561218,  -10,    0
100707,19561219,   34,    0
100707,19561220,   20,    0
100707,19561221,  -30,    0
100707,19561222,   30,    0
100707,19561223,  -40,    0
100707,19561224,   32,    0
100707,19561225,   20,    0
100707,19561226,   28,    0
100707,19561227,   32,    0
100707,19561228,   52,    0
100707,19561229,   74,    0
100707,19561230,   76,    0
100707,19561231,   43,    0
100707,19570101,   46,    0
100707,19570102,   60,    0
100707,19570103,   10,    0
100707,19570104,    5,    0
100707,19570105,   -2,    0
100707,19570106,    0,    0
100707,19570107,   16,    0
100707,19570108,    4,    0
100707,19570109,    0,    0
100707,19570110,    4,    0
100707,19570111,    6,    0
100707,19570112,   -5,    0
100707,19570113,  -25,    0
100707,19570114,    2,    0
100707,19570115,  -17,    0
100707,19570116,  -18,    0
100707,19570117,  -34,    0
100707,19570118,  -45,    0
100707,19570119,    5,    0
100707,19570120,   45,    0
100707,19570121,    4,    0
100707,19570122,  -22,    0
100707,19570123,   50,    0
100707,19570124,   16,    0
100707,19570125,   -6,    0
100707,19570126,   76,    0
100707,19570127,  -10,    0
100707,19570128,   -5,    0
100707,19570129,  -12,    0
100707,19570130,  -15,    0
100707,19570131,   -6,    0
100707,19570201,    9,    0
100707,19570202,   14,    0
100707,19570203,   60,    0
100707,19570204,   64,    0
100707,19570205,   82,    0
100707,19570206,   67,    0
100707,19570207,   46,    0
100707,19570208,   88,    0
100707,19570209,   79,    0
100707,19570210,   30,    0
100707,19570211,   -4,    0
100707,19570212,   60,    0
100707,19570213,   81,    0
100707,19570214,  120,    0
100707,19570215,   92,    0
100707,19570216,   60,    0
100707,19570217,   48,    0
100707,19570218,   35,    0
100707,19570219,   10,    0
100707,19570220,   82,    0
100707,19570221,   80,    0
100707,19570222,   76,    0
100707,19570223,   82,    0
100707,19570224,   68,    0
100707,19570225,   54,    0
100707,19570226,   55,    0
100707,19570227,   52,    0
100707,19570228,   44,    0
100707,19570301,   50,    0
100707,19570302,   84,    0
100707,19570303,  103,    0
100707,19570304,  102,    0
100707,19570305,  108,    0
100707,19570306,  104,    0
100707,19570307,   92,    0
100707,19570308,   57,    0
100707,19570309,   57,    0
100707,19570310,   66,    0
100707,19570311,   95,    0
100707,19570312,  116,    0
100707,19570313,   95,    0
100707,19570314,   50,    0
100707,19570315,   45,    0
100707,19570316,   44,    0
100707,19570317,   58,    0
100707,19570318,   46,    0
100707,19570319,   36,    0
100707,19570320,   84,    0
100707,19570321,   75,    0
100707,19570322,   94,    0
100707,19570323,   82,    0
100707,19570324,   56,    0
100707,19570325,  120,    0
100707,19570326,   86,    0
100707,19570327,   84,    0
100707,19570328,   86,    0
100707,19570329,  106,    0
100707,19570330,   70,    0
100707,19570331,  122,    0
100707,19570401,   84,    0
100707,19570402,   54,    0
100707,19570403,   46,    0
100707,19570404,   56,    0
100707,19570405,  110,    0
100707,19570406,  108,    0
100707,19570407,   76,    0
100707,19570408,   88,    0
100707,19570409,   86,    0
100707,19570410,   54,    0
100707,19570411,   70,    0
100707,19570412,   60,    0
100707,19570413,   46,    0
100707,19570414,   30,    0
100707,19570415,    0,    0
100707,19570416,   50,    0
100707,19570417,   56,    0
100707,19570418,   56,    0
100707,19570419,   67,    0
100707,19570420,   83,    0
100707,19570421,   53,    0
100707,19570422,   50,    0
100707,19570423,   80,    0
100707,19570424,   80,    0
100707,19570425,  100,    0
100707,19570426,   64,    0
100707,19570427,   48,    0
100707,19570428,   66,    0
100707,19570429,   82,    0
100707,19570430,   66,    0
100707,19570501,   90,    0
100707,19570502,   89,    0
100707,19570503,  100,    0
100707,19570504,   70,    0
100707,19570505,   70,    0
100707,19570506,   72,    0
100707,19570507,   76,    0
100707,19570508,   98,    0
100707,19570509,  140,    0
100707,19570510,  146,    0
100707,19570511,  108,    0
100707,19570512,  105,    0
100707,19570513,   90,    0
100707,19570514,  130,    0
100707,19570515,  110,    0
100707,19570516,   90,    0
100707,19570517,   98,    0
100707,19570518,  126,    0
100707,19570519,   98,    0
100707,19570520,   93,    0
100707,19570521,   80,    0
100707,19570522,  110,    0
100707,19570523,  120,    0
100707,19570524,  122,    0
100707,19570525,  100,    0
100707,19570526,   80,    0
100707,19570527,   77,    0
100707,19570528,  116,    0
100707,19570529,  110,    0
100707,19570530,  102,    0
100707,19570531,   96,    0
100707,19570601,   95,    0
100707,19570602,  104,    0
100707,19570603,  110,    0
100707,19570604,  115,    0
100707,19570605,  113,    0
100707,19570606,  122,    0
100707,19570607,  105,    0
100707,19570608,  132,    0
100707,19570609,   90,    0
100707,19570610,  120,    0
100707,19570611,  108,    0
100707,19570612,  100,    0
100707,19570613,  104,    0
100707,19570614,  122,    0
100707,19570615,  145,    0
100707,19570616,  156,    0
100707,19570617,  140,    0
100707,19570618,  134,    0
100707,19570619,  144,    0
100707,19570620,  153,    0
100707,19570621,  131,    0
100707,19570622,  141,    0
100707,19570623,  145,    0
100707,19570624,  123,    0
100707,19570625,  127,    0
100707,19570626,  143,    0
100707,19570627,  181,    0
100707,19570628,  185,    0
100707,19570629,  199,    0
100707,19570630,  195,    0
100707,19570701,  176,    0
100707,19570702,  180,    0
100707,19570703,  182,    0
100707,19570704,  180,    0
100707,19570705,  158,    0
100707,19570706,  140,    0
100707,19570707,  144,    0
100707,19570708,  145,    0
100707,19570709,  172,    0
100707,19570710,  156,    0
100707,19570711,  172,    0
100707,19570712,  144,    0
100707,19570713,  165,    0
100707,19570714,  176,    0
100707,19570715,  165,    0
100707,19570716,  181,    0
100707,19570717,  208,    0
100707,19570718,  194,    0
100707,19570719,  148,    0
100707,19570720,  170,    0
100707,19570721,  206,    0
100707,19570722,  190,    0
100707,19570723,  169,    0
100707,19570724,  176,    0
100707,19570725,  181,    0
100707,19570726,  196,    0
100707,19570727,  224,    0
100707,19570728,  178,    0
100707,19570729,  216,    0
100707,19570730,  205,    0
100707,19570731,  205,    0
100707,19570801,  200,    0
100707,19570802,  231,    0
100707,19570803,  201,    0
100707,19570804,  170,    0
100707,19570805,  154,    0
100707,19570806,  190,    0
100707,19570807,  185,    0
100707,19570808,  168,    0
100707,19570809,  160,    0
100707,19570810,  184,    0
100707,19570811,  164,    0
100707,19570812,  144,    0
100707,19570813,  138,    0
100707,19570814,  141,    0
100707,19570815,  176,    0
100707,19570816,  166,    0
100707,19570817,  190,    0
100707,19570818,  150,    0
100707,19570819,  200,    0
100707,19570820,  184,    0
100707,19570821,  180,    0
100707,19570822,  184,    0
100707,19570823,  156,    0
100707,19570824,  184,    0
100707,19570825,  162,    0
100707,19570826,  171,    0
100707,19570827,  202,    0
100707,19570828,  166,    0
100707,19570829,  186,    0
100707,19570830,  184,    0
100707,19570831,  132,    0
100707,19570901,  158,    0
100707,19570902,  170,    0
100707,19570903,  171,    0
100707,19570904,  168,    0
100707,19570905,  175,    0
100707,19570906,  196,    0
100707,19570907,  165,    0
100707,19570908,  192,    0
100707,19570909,  200,    0
100707,19570910,  175,    0
100707,19570911,  170,    0
100707,19570912,  162,    0
100707,19570913,  168,    0
100707,19570914,  138,    0
100707,19570915,  116,    0
100707,19570916,  180,    0
100707,19570917,  174,    0
100707,19570918,  164,    0
100707,19570919,  150,    0
100707,19570920,  182,    0
100707,19570921,  170,    0
100707,19570922,  170,    0
100707,19570923,  153,    0
100707,19570924,  174,    0
100707,19570925,  180,    0
100707,19570926,  162,    0
100707,19570927,  146,    0
100707,19570928,  154,    0
100707,19570929,  170,    0
100707,19570930,  170,    0
100707,19571001,  106,    0
100707,19571002,   90,    0
100707,19571003,   82,    0
100707,19571004,  104,    0
100707,19571005,   92,    0
100707,19571006,   80,    0
100707,19571007,   84,    0
100707,19571008,  102,    0
100707,19571009,  116,    0
100707,19571010,  120,    0
100707,19571011,  145,    0
100707,19571012,  140,    0
100707,19571013,  128,    0
100707,19571014,  146,    0
100707,19571015,  132,    0
100707,19571016,  119,    0
100707,19571017,  120,    0
100707,19571018,  110,    0
100707,19571019,  132,    0
100707,19571020,   92,    0
100707,19571021,  104,    0
100707,19571022,  117,    0
100707,19571023,   98,    0
100707,19571024,   66,    0
100707,19571025,   54,    0
100707,19571026,   48,    0
100707,19571027,   45,    0
100707,19571028,   44,    0
100707,19571029,   48,    0
100707,19571030,   86,    0
100707,19571031,  110,    0
100707,19571101,   80,    0
100707,19571102,   70,    0
100707,19571103,   54,    0
100707,19571104,  120,    0
100707,19571105,   90,    0
100707,19571106,   70,    0
100707,19571107,   62,    0
100707,19571108,   56,    0
100707,19571109,   36,    0
100707,19571110,   34,    0
100707,19571111,   30,    0
100707,19571112,   42,    0
100707,19571113,  106,    0
100707,19571114,  100,    0
100707,19571115,   74,    0
100707,19571116,   50,    0
100707,19571117,   50,    0
100707,19571118,   75,    0
100707,19571119,   54,    0
100707,19571120,   80,    0
100707,19571121,   41,    0
100707,19571122,    7,    0
100707,19571123,   34,    0
100707,19571124,   18,    0
100707,19571125,   21,    0
100707,19571126,    6,    0
100707,19571127,   24,    0
100707,19571128,   10,    0
100707,19571129,   10,    0
100707,19571130,   15,    0
100707,19571201,   45,    0
100707,19571202,   52,    0
100707,19571203,   20,    0
100707,19571204,  -12,    0
100707,19571205,  -15,    0
100707,19571206,   -6,    0
100707,19571207,   -5,    0
100707,19571208,  -12,    0
100707,19571209,   15,    0
100707,19571210,  -17,    0
100707,19571211,   85,    0
100707,19571212,   60,    0
100707,19571213,   38,    0
100707,19571214,   38,    0
100707,19571215,   15,    0
100707,19571216,    5,    0
100707,19571217,  -30,    0
100707,19571218,  -22,    0
100707,19571219,  -18,    0
100707,19571220,  -16,    0
100707,19571221,  -16,    0
100707,19571222,   10,    0
100707,19571223,   18,    0
100707,19571224,   56,    0
100707,19571225,   28,    0
100707,19571226,    3,    0
100707,19571227,   10,    0
100707,19571228,  -10,    0
100707,19571229,  -25,    0
100707,19571230,  -43,    0
100707,19571231,  -32,    0
100707,19580101,  -26,    0
100707,19580102,   60,    0
100707,19580103,   90,    0
100707,19580104,   90,    0
100707,19580105,   62,    0
100707,19580106,   65,    0
100707,19580107,   65,    0
100707,19580108,   52,    0
100707,19580109,   54,    0
100707,19580110,   25,    0
100707,19580111,   72,    0
100707,19580112,   56,    0
100707,19580113,   34,    0
100707,19580114,  -10,    0
100707,19580115,  -20,    0
100707,19580116,  -30,    0
100707,19580117,  -32,    0
100707,19580118,  -30,    0
100707,19580119,  -35,    0
100707,19580120,   48,    0
100707,19580121,   15,    0
100707,19580122,  -19,    0
100707,19580123,  -24,    0
100707,19580124,  -12,    0
100707,19580125,   50,    0
100707,19580126,  106,    0
100707,19580127,  112,    0
100707,19580128,  118,    0
100707,19580129,   71,    0
100707,19580130,   34,    0
100707,19580131,   28,    0
100707,19580201,   24,    0
100707,19580202,   22,    0
100707,19580203,   15,    0
100707,19580204,   32,    0
100707,19580205,   26,    0
100707,19580206,   81,    0
100707,19580207,  102,    0
100707,19580208,   99,    0
100707,19580209,   99,    0
100707,19580210,   85,    0
100707,19580211,  116,    0
100707,19580212,   90,    0
100707,19580213,  114,    0
100707,19580214,   92,    0
100707,19580215,   92,    0
100707,19580216,  102,    0
100707,19580217,   84,    0
100707,19580218,   86,    0
100707,19580219,   60,    0
100707,19580220,   50,    0
100707,19580221,   22,    0
100707,19580222,   15,    0
100707,19580223,   -3,    0
100707,19580224,   90,    0
100707,19580225,   86,    0
100707,19580226,   18,    0
100707,19580227,    0,    0
100707,19580228,   16,    0
100707,19580301,   30,    0
100707,19580302,   38,    0
100707,19580303,   16,    0
100707,19580304,    0,    0
100707,19580305,   -5,    0
100707,19580306,    0,    0
100707,19580307,   20,    0
100707,19580308,   52,    0
100707,19580309,   15,    0
100707,19580310,   15,    0
100707,19580311,   50,    0
100707,19580312,   -2,    0
100707,19580313,   78,    0
100707,19580314,  122,    0
100707,19580315,  110,    0
100707,19580316,   70,    0
100707,19580317,  106,    0
100707,19580318,   46,    0
100707,19580319,   92,    0
100707,19580320,   98,    0
100707,19580321,   50,    0
100707,19580322,   88,    0
100707,19580323,  132,    0
100707,19580324,  104,    0
100707,19580325,  100,    0
100707,19580326,  124,    0
100707,19580327,  118,    0
100707,19580328,  102,    0
100707,19580329,   70,    0
100707,19580330,   80,    0
100707,19580331,  102,    0
100707,19580401,   83,    0
100707,19580402,  104,    0
100707,19580403,   92,    0
100707,19580404,   90,    0
100707,19580405,   60,    0
100707,19580406,   70,    0
100707,19580407,  110,    0
100707,19580408,   80,    0
100707,19580409,   40,    0
100707,19580410,   46,    0
100707,19580411,   34,    0
100707,19580412,   48,    0
100707,19580413,   26,    0
100707,19580414,   28,    0
100707,19580415,   38,    0
100707,19580416,   50,    0
100707,19580417,   31,    0
100707,19580418,   44,    0
100707,19580419,   50,    0
100707,19580420,   78,    0
100707,19580421,  112,    0
100707,19580422,  100,    0
100707,19580423,  108,    0
100707,19580424,  103,    0
100707,19580425,   93,    0
100707,19580426,   76,    0
100707,19580427,   95,    0
100707,19580428,   90,    0
100707,19580429,  115,    0
100707,19580430,   92,    0
100707,19580501,  154,    0
100707,19580502,  109,    0
100707,19580503,  106,    0
100707,19580504,  128,    0
100707,19580505,  144,    0
100707,19580506,  128,    0
100707,19580507,  103,    0
100707,19580508,  180,    0
100707,19580509,  160,    0
100707,19580510,  175,    0
100707,19580511,  130,    0
100707,19580512,  110,    0
100707,19580513,  115,    0
100707,19580514,  115,    0
100707,19580515,  110,    0
100707,19580516,  118,    0
100707,19580517,  140,    0
100707,19580518,  120,    0
100707,19580519,  132,    0
100707,19580520,  140,    0
100707,19580521,  120,    0
100707,19580522,  120,    0
100707,19580523,   75,    0
100707,19580524,  100,    0
100707,19580525,   70,    0
100707,19580526,   58,    0
100707,19580527,   47,    0
100707,19580528,   72,    0
100707,19580529,  105,    0
100707,19580530,   66,    0
100707,19580531,  106,    0
100707,19580601,  123,    0
100707,19580602,   95,    0
100707,19580603,   85,    0
100707,19580604,   98,    0
100707,19580605,  160,    0
100707,19580606,  152,    0
100707,19580607,  115,    0
100707,19580608,  140,    0
100707,19580609,  128,    0
100707,19580610,  138,    0
100707,19580611,  128,    0
100707,19580612,  130,    0
100707,19580613,  136,    0
100707,19580614,  142,    0
100707,19580615,  173,    0
100707,19580616,  190,    0
100707,19580617,  148,    0
100707,19580618,  160,    0
100707,19580619,  140,    0
100707,19580620,  135,    0
100707,19580621,  150,    0
100707,19580622,  148,    0
100707,19580623,  138,    0
100707,19580624,  140,    0
100707,19580625,  105,    0
100707,19580626,  152,    0
100707,19580627,  122,    0
100707,19580628,  126,    0
100707,19580629,  146,    0
100707,19580630,  117,    0
100707,19580701,  156,    0
100707,19580702,  105,    0
100707,19580703,  105,    0
100707,19580704,  110,    0
100707,19580705,  135,    0
100707,19580706,  120,    0
100707,19580707,  140,    0
100707,19580708,  172,    0
100707,19580709,  180,    0
100707,19580710,  175,    0
100707,19580711,  170,    0
100707,19580712,  140,    0
100707,19580713,  145,    0
100707,19580714,  155,    0
100707,19580715,  132,    0
100707,19580716,  104,    0
100707,19580717,  106,    0
100707,19580718,  147,    0
100707,19580719,  166,    0
100707,19580720,  157,    0
100707,19580721,  140,    0
100707,19580722,  159,    0
100707,19580723,  146,    0
100707,19580724,  206,    0
100707,19580725,  195,    0
100707,19580726,  160,    0
100707,19580727,  175,    0
100707,19580728,  180,    0
100707,19580729,  180,    0
100707,19580730,  215,    0
100707,19580731,  220,    0
100707,19580801,  220,    0
100707,19580802,  164,    0
100707,19580803,  194,    0
100707,19580804,  230,    0
100707,19580805,  224,    0
100707,19580806,  195,    0
100707,19580807,  160,    0
100707,19580808,  177,    0
100707,19580809,  178,    0
100707,19580810,  154,    0
100707,19580811,  166,    0
100707,19580812,  146,    0
100707,19580813,  180,    0
100707,19580814,  157,    0
100707,19580815,  182,    0
100707,19580816,  173,    0
100707,19580817,  166,    0
100707,19580818,  158,    0
100707,19580819,  158,    0
100707,19580820,  120,    0
100707,19580821,  148,    0
100707,19580822,  136,    0
100707,19580823,  130,    0
100707,19580824,  127,    0
100707,19580825,  162,    0
100707,19580826,  136,    0
100707,19580827,  176,    0
100707,19580828,  184,    0
100707,19580829,  180,    0
100707,19580830,  138,    0
100707,19580831,  152,    0
100707,19580901,  150,    0
100707,19580902,  186,    0
100707,19580903,  126,    0
100707,19580904,  124,    0
100707,19580905,  131,    0
100707,19580906,  155,    0
100707,19580907,  159,    0
100707,19580908,  175,    0
100707,19580909,  170,    0
100707,19580910,  167,    0
100707,19580911,  155,    0
100707,19580912,  166,    0
100707,19580913,  154,    0
100707,19580914,  177,    0
100707,19580915,  175,    0
100707,19580916,  155,    0
100707,19580917,  156,    0
100707,19580918,  162,    0
100707,19580919,  165,    0
100707,19580920,  135,    0
100707,19580921,  148,    0
100707,19580922,  163,    0
100707,19580923,  134,    0
100707,19580924,  144,    0
100707,19580925,  144,    0
100707,19580926,  133,    0
100707,19580927,  132,    0
100707,19580928,  142,    0
100707,19580929,  144,    0
100707,19580930,  150,    0
100707,19581001,  132,    0
100707,19581002,  156,    0
100707,19581003,  144,    0
100707,19581004,  134,    0
100707,19581005,  124,    0
100707,19581006,  120,    0
100707,19581007,   80,    0
100707,19581008,  102,    0
100707,19581009,   97,    0
100707,19581010,  114,    0
100707,19581011,  108,    0
100707,19581012,  116,    0
100707,19581013,  122,    0
100707,19581014,   98,    0
100707,19581015,  105,    0
100707,19581016,  106,    0
100707,19581017,  138,    0
100707,19581018,  120,    0
100707,19581019,   65,    0
100707,19581020,   60,    0
100707,19581021,   94,    0
100707,19581022,   75,    0
100707,19581023,   68,    0
100707,19581024,   75,    0
100707,19581025,   40,    0
100707,19581026,   40,    0
100707,19581027,   50,    0
100707,19581028,   87,    0
100707,19581029,   96,    0
100707,19581030,  136,    0
100707,19581031,  120,    0
100707,19581101,  104,    0
100707,19581102,   74,    0
100707,19581103,   44,    0
100707,19581104,   64,    0
100707,19581105,   84,    0
100707,19581106,   74,    0
100707,19581107,   55,    0
100707,19581108,   60,    0
100707,19581109,   84,    0
100707,19581110,   50,    0
100707,19581111,   70,    0
100707,19581112,   60,    0
100707,19581113,   67,    0
100707,19581114,   93,    0
100707,19581115,   28,    0
100707,19581116,   75,    0
100707,19581117,   22,    0
100707,19581118,    0,    0
100707,19581119,  -10,    0
100707,19581120,   -4,    0
100707,19581121,   18,    0
100707,19581122,   52,    0
100707,19581123,   27,    0
100707,19581124,    0,    0
100707,19581125,   90,    0
100707,19581126,   50,    0
100707,19581127,   57,    0
100707,19581128,   15,    0
100707,19581129,   10,    0
100707,19581130,   80,    0
100707,19581201,   90,    0
100707,19581202,  113,    0
100707,19581203,  104,    0
100707,19581204,  114,    0
100707,19581205,  100,    0
100707,19581206,  100,    0
100707,19581207,   93,    0
100707,19581208,   56,    0
100707,19581209,   28,    0
100707,19581210,   22,    0
100707,19581211,   96,    0
100707,19581212,  124,    0
100707,19581213,   92,    0
100707,19581214,   70,    0
100707,19581215,  122,    0
100707,19581216,   75,    0
100707,19581217,   66,    0
100707,19581218,   90,    0
100707,19581219,   93,    0
100707,19581220,   72,    0
100707,19581221,   50,    0
100707,19581222,   64,    0
100707,19581223,   46,    0
100707,19581224,   28,    0
100707,19581225,   75,    0
100707,19581226,   46,    0
100707,19581227,   82,    0
100707,19581228,   42,    0
100707,19581229,   42,    0
100707,19581230,   29,    0
100707,19581231,   34,    0
100707,19590101,   74,    0
100707,19590102,   46,    0
100707,19590103,   34,    0
100707,19590104,  -10,    0
100707,19590105,  -16,    0
100707,19590106,   60,    0
100707,19590107,  100,    0
100707,19590108,  104,    0
100707,19590109,  117,    0
100707,19590110,  109,    0
100707,19590111,   92,    0
100707,19590112,   62,    0
100707,19590113,   44,    0
100707,19590114,   95,    0
100707,19590115,   74,    0
100707,19590116,   50,    0
100707,19590117,   23,    0
100707,19590118,   50,    0
100707,19590119,   56,    0
100707,19590120,  108,    0
100707,19590121,   37,    0
100707,19590122,  110,    0
100707,19590123,  121,    0
100707,19590124,   80,    0
100707,19590125,  102,    0
100707,19590126,   98,    0
100707,19590127,   81,    0
100707,19590128,   60,    0
100707,19590129,   77,    0
100707,19590130,   98,    0
100707,19590131,   95,    0
100707,19590201,   80,    0
100707,19590202,   72,    0
100707,19590203,   22,    0
100707,19590204,   37,    0
100707,19590205,    7,    0
100707,19590206,   36,    0
100707,19590207,   72,    0
100707,19590208,   53,    0
100707,19590209,   16,    0
100707,19590210,   42,    0
100707,19590211,   20,    0
100707,19590212,   46,    0
100707,19590213,   82,    0
100707,19590214,   48,    0
100707,19590215,   66,    0
100707,19590216,   46,    0
100707,19590217,   35,    0
100707,19590218,   16,    0
100707,19590219,   -3,    0
100707,19590220,   -4,    0
100707,19590221,    5,    0
100707,19590222,   13,    0
100707,19590223,   17,    0
100707,19590224,   40,    0
100707,19590225,   59,    0
100707,19590226,   27,    0
100707,19590227,   60,    0
100707,19590228,   64,    0
100707,19590301,   77,    0
100707,19590302,   48,    0
100707,19590303,   76,    0
100707,19590304,   48,    0
100707,19590305,  100,    0
100707,19590306,   94,    0
100707,19590307,   50,    0
100707,19590308,   80,    0
100707,19590309,   63,    0
100707,19590310,   67,    0
100707,19590311,   83,    0
100707,19590312,   74,    0
100707,19590313,   50,    0
100707,19590314,   32,    0
100707,19590315,   68,    0
100707,19590316,   70,    0
100707,19590317,   67,    0
100707,19590318,   98,    0
100707,19590319,   72,    0
100707,19590320,   80,    0
100707,19590321,  105,    0
100707,19590322,   86,    0
100707,19590323,  106,    0
100707,19590324,   84,    0
100707,19590325,   64,    0
100707,19590326,  114,    0
100707,19590327,  122,    0
100707,19590328,   96,    0
100707,19590329,  105,    0
100707,19590330,   84,    0
100707,19590331,   87,    0
100707,19590401,   74,    0
100707,19590402,   54,    0
100707,19590403,   64,    0
100707,19590404,   80,    0
100707,19590405,   74,    0
100707,19590406,   66,    0
100707,19590407,   70,    0
100707,19590408,   81,    0
100707,19590409,   86,    0
100707,19590410,   86,    0
100707,19590411,   54,    0
100707,19590412,   88,    0
100707,19590413,   85,    0
100707,19590414,   86,    0
100707,19590415,  106,    0
100707,19590416,  100,    0
100707,19590417,   80,    0
100707,19590418,   72,    0
100707,19590419,   94,    0
100707,19590420,   55,    0
100707,19590421,   65,    0
100707,19590422,   84,    0
100707,19590423,   88,    0
100707,19590424,   90,    0
100707,19590425,   46,    0
100707,19590426,  110,    0
100707,19590427,  126,    0
100707,19590428,  126,    0
100707,19590429,  108,    0
100707,19590430,   50,    0
100707,19590501,   40,    0
100707,19590502,   60,    0
100707,19590503,   66,    0
100707,19590504,   82,    0
100707,19590505,  104,    0
100707,19590506,  120,    0
100707,19590507,  132,    0
100707,19590508,  116,    0
100707,19590509,  132,    0
100707,19590510,  110,    0
100707,19590511,  132,    0
100707,19590512,  106,    0
100707,19590513,  133,    0
100707,19590514,  142,    0
100707,19590515,  140,    0
100707,19590516,  133,    0
100707,19590517,  140,    0
100707,19590518,  136,    0
100707,19590519,  118,    0
100707,19590520,  132,    0
100707,19590521,  110,    0
100707,19590522,  105,    0
100707,19590523,   92,    0
100707,19590524,   92,    0
100707,19590525,  100,    0
100707,19590526,  106,    0
100707,19590527,  150,    0
100707,19590528,  113,    0
100707,19590529,  134,    0
100707,19590530,  130,    0
100707,19590531,  132,    0
100707,19590601,  127,    0
100707,19590602,  140,    0
100707,19590603,  153,    0
100707,19590604,  148,    0
100707,19590605,  120,    0
100707,19590606,  105,    0
100707,19590607,  116,    0
100707,19590608,  104,    0
100707,19590609,  137,    0
100707,19590610,  158,    0
100707,19590611,  175,    0
100707,19590612,  170,    0
100707,19590613,  180,    0
100707,19590614,  156,    0
100707,19590615,  178,    0
100707,19590616,  162,    0
100707,19590617,  160,    0
100707,19590618,  150,    0
100707,19590619,  146,    0
100707,19590620,  140,    0
100707,19590621,  136,    0
100707,19590622,  160,    0
100707,19590623,  172,    0
100707,19590624,  140,    0
100707,19590625,  168,    0
100707,19590626,  138,    0
100707,19590627,  152,    0
100707,19590628,  162,    0
100707,19590629,  165,    0
100707,19590630,  170,    0
100707,19590701,  189,    0
100707,19590702,  170,    0
100707,19590703,  174,    0
100707,19590704,  184,    0
100707,19590705,  197,    0
100707,19590706,  210,    0
100707,19590707,  231,    0
100707,19590708,  222,    0
100707,19590709,  180,    0
100707,19590710,  180,    0
100707,19590711,  220,    0
100707,19590712,  206,    0
100707,19590713,  170,    0
100707,19590714,  146,    0
100707,19590715,  176,    0
100707,19590716,  183,    0
100707,19590717,  175,    0
100707,19590718,  180,    0
100707,19590719,  164,    0
100707,19590720,  200,    0
100707,19590721,  218,    0
100707,19590722,  175,    0
100707,19590723,  178,    0
100707,19590724,  155,    0
100707,19590725,  163,    0
100707,19590726,  180,    0
100707,19590727,  196,    0
100707,19590728,  220,    0
100707,19590729,  172,    0
100707,19590730,  153,    0
100707,19590731,  154,    0
100707,19590801,  166,    0
100707,19590802,  198,    0
100707,19590803,  216,    0
100707,19590804,  206,    0
100707,19590805,  150,    0
100707,19590806,  176,    0
100707,19590807,  174,    0
100707,19590808,  166,    0
100707,19590809,  160,    0
100707,19590810,  144,    0
100707,19590811,  147,    0
100707,19590812,  152,    0
100707,19590813,  164,    0
100707,19590814,  170,    0
100707,19590815,  165,    0
100707,19590816,  168,    0
100707,19590817,  169,    0
100707,19590818,  196,    0
100707,19590819,  166,    0
100707,19590820,  160,    0
100707,19590821,  142,    0
100707,19590822,  162,    0
100707,19590823,  165,    0
100707,19590824,  177,    0
100707,19590825,  185,    0
100707,19590826,  186,    0
100707,19590827,  212,    0
100707,19590828,  190,    0
100707,19590829,  172,    0
100707,19590830,  170,    0
100707,19590831,  160,    0
100707,19590901,  186,    0
100707,19590902,  165,    0
100707,19590903,  148,    0
100707,19590904,  152,    0
100707,19590905,  140,    0
100707,19590906,  126,    0
100707,19590907,  115,    0
100707,19590908,  142,    0
100707,19590909,  186,    0
100707,19590910,  176,    0
100707,19590911,  198,    0
100707,19590912,  156,    0
100707,19590913,  130,    0
100707,19590914,  125,    0
100707,19590915,  175,    0
100707,19590916,  160,    0
100707,19590917,  150,    0
100707,19590918,  170,    0
100707,19590919,  170,    0
100707,19590920,  150,    0
100707,19590921,  134,    0
100707,19590922,  155,    0
100707,19590923,  142,    0
100707,19590924,  135,    0
100707,19590925,  158,    0
100707,19590926,  162,    0
100707,19590927,  165,    0
100707,19590928,  136,    0
100707,19590929,  130,    0
100707,19590930,  146,    0
100707,19591001,  126,    0
100707,19591002,  152,    0
100707,19591003,  150,    0
100707,19591004,  159,    0
100707,19591005,  140,    0
100707,19591006,  152,    0
100707,19591007,  163,    0
100707,19591008,  156,    0
100707,19591009,  140,    0
100707,19591010,  108,    0
100707,19591011,   80,    0
100707,19591012,  100,    0
100707,19591013,   74,    0
100707,19591014,   95,    0
100707,19591015,  144,    0
100707,19591016,  150,    0
100707,19591017,  146,    0
100707,19591018,  178,    0
100707,19591019,  110,    0
100707,19591020,   94,    0
100707,19591021,   82,    0
100707,19591022,   80,    0
100707,19591023,   90,    0
100707,19591024,  120,    0
100707,19591025,  150,    0
100707,19591026,  153,    0
100707,19591027,  130,    0
100707,19591028,   78,    0
100707,19591029,   63,    0
100707,19591030,   66,    0
100707,19591031,   76,    0
100707,19591101,   76,    0
100707,19591102,   56,    0
100707,19591103,   50,    0
100707,19591104,   90,    0
100707,19591105,  104,    0
100707,19591106,   76,    0
100707,19591107,   52,    0
100707,19591108,   75,    0
100707,19591109,   92,    0
100707,19591110,   66,    0
100707,19591111,   58,    0
100707,19591112,   80,    0
100707,19591113,   52,    0
100707,19591114,   90,    0
100707,19591115,   40,    0
100707,19591116,   65,    0
100707,19591117,   80,    0
100707,19591118,   70,    0
100707,19591119,  125,    0
100707,19591120,  104,    0
100707,19591121,   80,    0
100707,19591122,   60,    0
100707,19591123,   33,    0
100707,19591124,   58,    0
100707,19591125,   44,    0
100707,19591126,   96,    0
100707,19591127,   65,    0
100707,19591128,   70,    0
100707,19591129,   94,    0
100707,19591130,   75,    0
100707,19591201,   90,    0
100707,19591202,   92,    0
100707,19591203,   76,    0
100707,19591204,   42,    0
100707,19591205,   54,    0
100707,19591206,   92,    0
100707,19591207,   80,    0
100707,19591208,   84,    0
100707,19591209,   50,    0
100707,19591210,   40,    0
100707,19591211,   68,    0
100707,19591212,   56,    0
100707,19591213,   43,    0
100707,19591214,    4,    0
100707,19591215,   53,    0
100707,19591216,   55,    0
100707,19591217,   80,    0
100707,19591218,   78,    0
100707,19591219,   18,    0
100707,19591220,    6,    0
100707,19591221,  114,    0
100707,19591222,  119,    0
100707,19591223,   80,    0
100707,19591224,   63,    0
100707,19591225,  102,    0
100707,19591226,  100,    0
100707,19591227,   88,    0
100707,19591228,   79,    0
100707,19591229,   30,    0
100707,19591230,   48,    0
100707,19591231,    9,    0
100707,19600101,  104,    0
100707,19600102,  110,    0
100707,19600103,   82,    0
100707,19600104,   50,    0
100707,19600105,   54,    0
100707,19600106,   35,    0
100707,19600107,   39,    0
100707,19600108,   52,    0
100707,19600109,   88,    0
100707,19600110,   66,    0
100707,19600111,    5,    0
100707,19600112,  -24,    0
100707,19600113,   18,    0
100707,19600114,   38,    0
100707,19600115,   -2,    0
100707,19600116,    8,    0
100707,19600117,  -14,    0
100707,19600118,  -20,    0
100707,19600119,   84,    0
100707,19600120,   28,    0
100707,19600121,   18,    0
100707,19600122,   30,    0
100707,19600123,   72,    0
100707,19600124,   97,    0
100707,19600125,   92,    0
100707,19600126,  114,    0
100707,19600127,   86,    0
100707,19600128,   66,    0
100707,19600129,   48,    0
100707,19600130,    5,    0
100707,19600131,    2,    0
100707,19600201,   42,    0
100707,19600202,   18,    0
100707,19600203,    8,    0
100707,19600204,   75,    0
100707,19600205,   65,    0
100707,19600206,  120,    0
100707,19600207,   34,    0
100707,19600208,    8,    0
100707,19600209,  -23,    0
100707,19600210,   42,    0
100707,19600211,  -10,    0
100707,19600212,   44,    0
100707,19600213,   58,    0
100707,19600214,   70,    0
100707,19600215,   76,    0
100707,19600216,  107,    0
100707,19600217,  130,    0
100707,19600218,  116,    0
100707,19600219,   78,    0
100707,19600220,   67,    0
100707,19600221,   91,    0
100707,19600222,   66,    0
100707,19600223,   73,    0
100707,19600224,   84,    0
100707,19600225,  116,    0
100707,19600226,   76,    0
100707,19600227,   92,    0
100707,19600228,  112,    0
100707,19600229,   98,    0
100707,19600301,   50,    0
100707,19600302,   85,    0
100707,19600303,   40,    0
100707,19600304,   32,    0
100707,19600305,   52,    0
100707,19600306,   94,    0
100707,19600307,   74,    0
100707,19600308,  118,    0
100707,19600309,   78,    0
100707,19600310,   70,    0
100707,19600311,   55,    0
100707,19600312,   88,    0
100707,19600313,   93,    0
100707,19600314,   88,    0
100707,19600315,   76,    0
100707,19600316,   68,    0
100707,19600317,   78,    0
100707,19600318,   92,    0
100707,19600319,   76,    0
100707,19600320,   80,    0
100707,19600321,   82,    0
100707,19600322,  108,    0
100707,19600323,  105,    0
100707,19600324,   82,    0
100707,19600325,   74,    0
100707,19600326,   90,    0
100707,19600327,   90,    0
100707,19600328,   72,    0
100707,19600329,   48,    0
100707,19600330,   46,    0
100707,19600331,   46,    0
100707,19600401,   43,    0
100707,19600402,   61,    0
100707,19600403,  110,    0
100707,19600404,  129,    0
100707,19600405,   86,    0
100707,19600406,   98,    0
100707,19600407,  130,    0
100707,19600408,  118,    0
100707,19600409,  120,    0
100707,19600410,   96,    0
100707,19600411,  104,    0
100707,19600412,   82,    0
100707,19600413,  108,    0
100707,19600414,  106,    0
100707,19600415,  117,    0
100707,19600416,   88,    0
100707,19600417,  100,    0
100707,19600418,   64,    0
100707,19600419,   45,    0
100707,19600420,   62,    0
100707,19600421,   52,    0
100707,19600422,   36,    0
100707,19600423,   63,    0
100707,19600424,   86,    0
100707,19600425,   96,    0
100707,19600426,   85,    0
100707,19600427,   86,    0
100707,19600428,  120,    0
100707,19600429,   70,    0
100707,19600430,   95,    0
100707,19600501,  100,    0
100707,19600502,  110,    0
100707,19600503,   85,    0
100707,19600504,   94,    0
100707,19600505,   82,    0
100707,19600506,  107,    0
100707,19600507,  110,    0
100707,19600508,  130,    0
100707,19600509,  125,    0
100707,19600510,  128,    0
100707,19600511,  125,    0
100707,19600512,  110,    0
100707,19600513,  112,    0
100707,19600514,  140,    0
100707,19600515,  106,    0
100707,19600516,  100,    0
100707,19600517,   95,    0
100707,19600518,   80,    0
100707,19600519,  100,    0
100707,19600520,   95,    0
100707,19600521,  110,    0
100707,19600522,  120,    0
100707,19600523,  135,    0
100707,19600524,  152,    0
100707,19600525,  155,    0
100707,19600526,  158,    0
100707,19600527,  185,    0
100707,19600528,  162,    0
100707,19600529,  182,    0
100707,19600530,  129,    0
100707,19600531,  142,    0
100707,19600601,  150,    0
100707,19600602,  168,    0
100707,19600603,  160,    0
100707,19600604,  170,    0
100707,19600605,  150,    0
100707,19600606,  112,    0
100707,19600607,  110,    0
100707,19600608,  130,    0
100707,19600609,  140,    0
100707,19600610,  148,    0
100707,19600611,  182,    0
100707,19600612,  152,    0
100707,19600613,  130,    0
100707,19600614,  112,    0
100707,19600615,  130,    0
100707,19600616,  170,    0
100707,19600617,  190,    0
100707,19600618,  175,    0
100707,19600619,  174,    0
100707,19600620,  202,    0
100707,19600621,  158,    0
100707,19600622,  144,    0
100707,19600623,  136,    0
100707,19600624,  150,    0
100707,19600625,  165,    0
100707,19600626,  154,    0
100707,19600627,  175,    0
100707,19600628,  185,    0
100707,19600629,  180,    0
100707,19600630,  144,    0
100707,19600701,  145,    0
100707,19600702,  160,    0
100707,19600703,  153,    0
100707,19600704,  143,    0
100707,19600705,  148,    0
100707,19600706,  170,    0
100707,19600707,  177,    0
100707,19600708,  134,    0
100707,19600709,  146,    0
100707,19600710,  156,    0
100707,19600711,  160,    0
100707,19600712,  146,    0
100707,19600713,  170,    0
100707,19600714,  175,    0
100707,19600715,  150,    0
100707,19600716,  144,    0
100707,19600717,  144,    0
100707,19600718,  184,    0
100707,19600719,  140,    0
100707,19600720,  174,    0
100707,19600721,  190,    0
100707,19600722,  186,    0
100707,19600723,  172,    0
100707,19600724,  180,    0
100707,19600725,  187,    0
100707,19600726,  210,    0
100707,19600727,  210,    0
100707,19600728,  205,    0
100707,19600729,  144,    0
100707,19600730,  144,    0
100707,19600731,  176,    0
100707,19600801,  128,    0
100707,19600802,  138,    0
100707,19600803,  130,    0
100707,19600804,  171,    0
100707,19600805,  137,    0
100707,19600806,  140,    0
100707,19600807,  140,    0
100707,19600808,  136,    0
100707,19600809,  132,    0
100707,19600810,  136,    0
100707,19600811,  148,    0
100707,19600812,  122,    0
100707,19600813,  115,    0
100707,19600814,  165,    0
100707,19600815,  158,    0
100707,19600816,  172,    0
100707,19600817,  184,    0
100707,19600818,  185,    0
100707,19600819,  137,    0
100707,19600820,  122,    0
100707,19600821,  150,    0
100707,19600822,  164,    0
100707,19600823,  176,    0
100707,19600824,  180,    0
100707,19600825,  175,    0
100707,19600826,  132,    0
100707,19600827,  138,    0
100707,19600828,  136,    0
100707,19600829,  144,    0
100707,19600830,  168,    0
100707,19600831,  164,    0
100707,19600901,  154,    0
100707,19600902,  138,    0
100707,19600903,  148,    0
100707,19600904,  150,    0
100707,19600905,  140,    0
100707,19600906,  106,    0
100707,19600907,   94,    0
100707,19600908,  104,    0
100707,19600909,  127,    0
100707,19600910,  124,    0
100707,19600911,  160,    0
100707,19600912,  150,    0
100707,19600913,  166,    0
100707,19600914,  163,    0
100707,19600915,  170,    0
100707,19600916,  114,    0
100707,19600917,  132,    0
100707,19600918,  148,    0
100707,19600919,  146,    0
100707,19600920,  140,    0
100707,19600921,  118,    0
100707,19600922,  120,    0
100707,19600923,  110,    0
100707,19600924,  140,    0
100707,19600925,  110,    0
100707,19600926,  142,    0
100707,19600927,  140,    0
100707,19600928,  124,    0
100707,19600929,  116,    0
100707,19600930,  140,    0
100707,19601001,  104,    0
100707,19601002,  144,    0
100707,19601003,  126,    0
100707,19601004,  128,    0
100707,19601005,  134,    0
100707,19601006,  130,    0
100707,19601007,  105,    0
100707,19601008,  136,    0
100707,19601009,  112,    0
100707,19601010,   90,    0
100707,19601011,   83,    0
100707,19601012,   82,    0
100707,19601013,  138,    0
100707,19601014,  120,    0
100707,19601015,   90,    0
100707,19601016,   62,    0
100707,19601017,   36,    0
100707,19601018,   52,    0
100707,19601019,  114,    0
100707,19601020,   90,    0
100707,19601021,  120,    0
100707,19601022,  136,    0
100707,19601023,  126,    0
100707,19601024,  120,    0
100707,19601025,  100,    0
100707,19601026,  102,    0
100707,19601027,  108,    0
100707,19601028,  100,    0
100707,19601029,   64,    0
100707,19601030,  124,    0
100707,19601031,  115,    0
100707,19601101,  130,    0
100707,19601102,   98,    0
100707,19601103,   55,    0
100707,19601104,   90,    0
100707,19601105,   60,    0
100707,19601106,   80,    0
100707,19601107,  104,    0
100707,19601108,  106,    0
100707,19601109,   70,    0
100707,19601110,   68,    0
100707,19601111,  108,    0
100707,19601112,   68,    0
100707,19601113,   20,    0
100707,19601114,   48,    0
100707,19601115,   44,    0
100707,19601116,  104,    0
100707,19601117,  148,    0
100707,19601118,  142,    0
100707,19601119,  114,    0
100707,19601120,  116,    0
100707,19601121,  100,    0
100707,19601122,  105,    0
100707,19601123,  114,    0
100707,19601124,  119,    0
100707,19601125,  140,    0
100707,19601126,  138,    0
100707,19601127,   88,    0
100707,19601128,   74,    0
100707,19601129,   20,    0
100707,19601130,   10,    0
100707,19601201,   20,    0
100707,19601202,   48,    0
100707,19601203,   28,    0
100707,19601204,   12,    0
100707,19601205,   26,    0
100707,19601206,   82,    0
100707,19601207,   68,    0
100707,19601208,   44,    0
100707,19601209,   42,    0
100707,19601210,   88,    0
100707,19601211,   36,    0
100707,19601212,   16,    0
100707,19601213,   40,    0
100707,19601214,   40,    0
100707,19601215,   12,    0
100707,19601216,   -8,    0
100707,19601217,   27,    0
100707,19601218,    0,    0
100707,19601219,   62,    0
100707,19601220,   36,    0
100707,19601221,   39,    0
100707,19601222,  -38,    0
100707,19601223,    4,    0
100707,19601224,   40,    0
100707,19601225,   18,    0
100707,19601226,   25,    0
100707,19601227,   52,    0
100707,19601228,   16,    0
100707,19601229,   66,    0
100707,19601230,   92,    0
100707,19601231,   70,    0
100707,19610101,   40,    0
100707,19610102,   52,    0
100707,19610103,   66,    0
100707,19610104,   32,    0
100707,19610105,   16,    0
100707,19610106,    0,    0
100707,19610107,   16,    0
100707,19610108,   95,    0
100707,19610109,   32,    0
100707,19610110,   58,    0
100707,19610111,   52,    0
100707,19610112,    0,    0
100707,19610113,  -18,    0
100707,19610114,  -24,    0
100707,19610115,  -30,    0
100707,19610116,  -15,    0
100707,19610117,   55,    0
100707,19610118,   40,    0
100707,19610119,   36,    0
100707,19610120,    5,    0
100707,19610121,   25,    0
100707,19610122,   50,    0
100707,19610123,   26,    0
100707,19610124,   45,    0
100707,19610125,   55,    0
100707,19610126,   36,    0
100707,19610127,   22,    0
100707,19610128,   80,    0
100707,19610129,   80,    0
100707,19610130,   33,    0
100707,19610131,   46,    0
100707,19610201,  122,    0
100707,19610202,   94,    0
100707,19610203,   76,    0
100707,19610204,   52,    0
100707,19610205,   34,    0
100707,19610206,   24,    0
100707,19610207,   52,    0
100707,19610208,   50,    0
100707,19610209,   50,    0
100707,19610210,   40,    0
100707,19610211,   26,    0
100707,19610212,   20,    0
100707,19610213,   40,    0
100707,19610214,   50,    0
100707,19610215,   72,    0
100707,19610216,   46,    0
100707,19610217,   66,    0
100707,19610218,   18,    0
100707,19610219,   14,    0
100707,19610220,   10,    0
100707,19610221,   32,    0
100707,19610222,   54,    0
100707,19610223,   32,    0
100707,19610224,   74,    0
100707,19610225,   82,    0
100707,19610226,   48,    0
100707,19610227,   40,    0
100707,19610228,   80,    0
100707,19610301,   52,    0
100707,19610302,   28,    0
100707,19610303,   48,    0
100707,19610304,   38,    0
100707,19610305,   48,    0
100707,19610306,   35,    0
100707,19610307,   25,    0
100707,19610308,    8,    0
100707,19610309,   12,    0
100707,19610310,   30,    0
100707,19610311,   25,    0
100707,19610312,   32,    0
100707,19610313,   24,    0
100707,19610314,   50,    0
100707,19610315,   58,    0
100707,19610316,   34,    0
100707,19610317,   48,    0
100707,19610318,   76,    0
100707,19610319,  115,    0
100707,19610320,   96,    0
100707,19610321,   97,    0
100707,19610322,   87,    0
100707,19610323,  103,    0
100707,19610324,   80,    0
100707,19610325,   70,    0
100707,19610326,   80,    0
100707,19610327,   66,    0
100707,19610328,   65,    0
100707,19610329,   52,    0
100707,19610330,   68,    0
100707,19610331,   66,    0
100707,19610401,   74,    0
100707,19610402,   76,    0
100707,19610403,   54,    0
100707,19610404,   71,    0
100707,19610405,  120,    0
100707,19610406,   90,    0
100707,19610407,   60,    0
100707,19610408,   82,    0
100707,19610409,   70,    0
100707,19610410,  102,    0
100707,19610411,   92,    0
100707,19610412,  104,    0
100707,19610413,  112,    0
100707,19610414,   70,    0
100707,19610415,   58,    0
100707,19610416,  110,    0
100707,19610417,  110,    0
100707,19610418,   71,    0
100707,19610419,   94,    0
100707,19610420,  104,    0
100707,19610421,  118,    0
100707,19610422,  130,    0
100707,19610423,  120,    0
100707,19610424,  103,    0
100707,19610425,   95,    0
100707,19610426,   50,    0
100707,19610427,   30,    0
100707,19610428,   93,    0
100707,19610429,   66,    0
100707,19610430,   86,    0
100707,19610501,  116,    0
100707,19610502,  106,    0
100707,19610503,  124,    0
100707,19610504,  132,    0
100707,19610505,  150,    0
100707,19610506,  100,    0
100707,19610507,  123,    0
100707,19610508,  145,    0
100707,19610509,  162,    0
100707,19610510,  156,    0
100707,19610511,  144,    0
100707,19610512,   96,    0
100707,19610513,  118,    0
100707,19610514,  103,    0
100707,19610515,  170,    0
100707,19610516,  154,    0
100707,19610517,  125,    0
100707,19610518,  135,    0
100707,19610519,  103,    0
100707,19610520,  115,    0
100707,19610521,  112,    0
100707,19610522,  152,    0
100707,19610523,  162,    0
100707,19610524,  140,    0
100707,19610525,  132,    0
100707,19610526,  138,    0
100707,19610527,  122,    0
100707,19610528,  130,    0
100707,19610529,  106,    0
100707,19610530,   92,    0
100707,19610531,   84,    0
100707,19610601,  120,    0
100707,19610602,   94,    0
100707,19610603,   90,    0
100707,19610604,  120,    0
100707,19610605,  124,    0
100707,19610606,  131,    0
100707,19610607,  128,    0
100707,19610608,  151,    0
100707,19610609,  147,    0
100707,19610610,  146,    0
100707,19610611,  156,    0
100707,19610612,  122,    0
100707,19610613,  121,    0
100707,19610614,  156,    0
100707,19610615,  161,    0
100707,19610616,  152,    0
100707,19610617,  180,    0
100707,19610618,  187,    0
100707,19610619,  206,    0
100707,19610620,  194,    0
100707,19610621,  193,    0
100707,19610622,  193,    0
100707,19610623,  165,    0
100707,19610624,  165,    0
100707,19610625,  167,    0
100707,19610626,  172,    0
100707,19610627,  162,    0
100707,19610628,  175,    0
100707,19610629,  200,    0
100707,19610630,  210,    0
100707,19610701,  195,    0
100707,19610702,  185,    0
100707,19610703,  195,    0
100707,19610704,  165,    0
100707,19610705,  187,    0
100707,19610706,  190,    0
100707,19610707,  200,    0
100707,19610708,  229,    0
100707,19610709,  210,    0
100707,19610710,  145,    0
100707,19610711,  174,    0
100707,19610712,  155,    0
100707,19610713,  119,    0
100707,19610714,  152,    0
100707,19610715,  170,    0
100707,19610716,  125,    0
100707,19610717,  155,    0
100707,19610718,  175,    0
100707,19610719,  188,    0
100707,19610720,  156,    0
100707,19610721,  194,    0
100707,19610722,  200,    0
100707,19610723,  142,    0
100707,19610724,  144,    0
100707,19610725,  146,    0
100707,19610726,  210,    0
100707,19610727,  194,    0
100707,19610728,  200,    0
100707,19610729,  190,    0
100707,19610730,  175,    0
100707,19610731,  175,    0
100707,19610801,  190,    0
100707,19610802,  185,    0
100707,19610803,  183,    0
100707,19610804,  220,    0
100707,19610805,  199,    0
100707,19610806,  173,    0
100707,19610807,  152,    0
100707,19610808,  190,    0
100707,19610809,  168,    0
100707,19610810,  127,    0
100707,19610811,  192,    0
100707,19610812,  151,    0
100707,19610813,  202,    0
100707,19610814,  180,    0
100707,19610815,  190,    0
100707,19610816,  180,    0
100707,19610817,  156,    0
100707,19610818,  179,    0
100707,19610819,  172,    0
100707,19610820,  182,    0
100707,19610821,  153,    0
100707,19610822,  146,    0
100707,19610823,  166,    0
100707,19610824,  183,    0
100707,19610825,  174,    0
100707,19610826,  200,    0
100707,19610827,  159,    0
100707,19610828,  186,    0
100707,19610829,  174,    0
100707,19610830,  178,    0
100707,19610831,  172,    0
100707,19610901,  182,    0
100707,19610902,  178,    0
100707,19610903,  172,    0
100707,19610904,  156,    0
100707,19610905,  145,    0
100707,19610906,  135,    0
100707,19610907,  155,    0
100707,19610908,  166,    0
100707,19610909,  154,    0
100707,19610910,  155,    0
100707,19610911,  147,    0
100707,19610912,  140,    0
100707,19610913,  139,    0
100707,19610914,  146,    0
100707,19610915,  144,    0
100707,19610916,  146,    0
100707,19610917,  142,    0
100707,19610918,  150,    0
100707,19610919,  126,    0
100707,19610920,  130,    0
100707,19610921,  128,    0
100707,19610922,  138,    0
100707,19610923,  170,    0
100707,19610924,  166,    0
100707,19610925,  170,    0
100707,19610926,  182,    0
100707,19610927,  172,    0
100707,19610928,  162,    0
100707,19610929,  131,    0
100707,19610930,  112,    0
100707,19611001,   94,    0
100707,19611002,  110,    0
100707,19611003,   94,    0
100707,19611004,  124,    0
100707,19611005,  114,    0
100707,19611006,  104,    0
100707,19611007,  120,    0
100707,19611008,  160,    0
100707,19611009,  100,    0
100707,19611010,  118,    0
100707,19611011,  116,    0
100707,19611012,  146,    0
100707,19611013,  132,    0
100707,19611014,  124,    0
100707,19611015,  100,    0
100707,19611016,  118,    0
100707,19611017,  115,    0
100707,19611018,  112,    0
100707,19611019,   80,    0
100707,19611020,   64,    0
100707,19611021,   82,    0
100707,19611022,  105,    0
100707,19611023,   97,    0
100707,19611024,   94,    0
100707,19611025,  113,    0
100707,19611026,  121,    0
100707,19611027,  104,    0
100707,19611028,   74,    0
100707,19611029,   97,    0
100707,19611030,   90,    0
100707,19611031,   56,    0
100707,19611101,   62,    0
100707,19611102,   84,    0
100707,19611103,  102,    0
100707,19611104,   96,    0
100707,19611105,   48,    0
100707,19611106,   20,    0
100707,19611107,   30,    0
100707,19611108,   46,    0
100707,19611109,   82,    0
100707,19611110,   54,    0
100707,19611111,   74,    0
100707,19611112,   54,    0
100707,19611113,   44,    0
100707,19611114,   12,    0
100707,19611115,   80,    0
100707,19611116,   76,    0
100707,19611117,   56,    0
100707,19611118,   64,    0
100707,19611119,   78,    0
100707,19611120,   90,    0
100707,19611121,  110,    0
100707,19611122,  118,    0
100707,19611123,  110,    0
100707,19611124,  120,    0
100707,19611125,  130,    0
100707,19611126,   94,    0
100707,19611127,   78,    0
100707,19611128,   70,    0
100707,19611129,   64,    0
100707,19611130,   30,    0
100707,19611201,    2,    0
100707,19611202,   10,    0
100707,19611203,   74,    0
100707,19611204,   35,    0
100707,19611205,   44,    0
100707,19611206,   70,    0
100707,19611207,   84,    0
100707,19611208,   98,    0
100707,19611209,  104,    0
100707,19611210,  109,    0
100707,19611211,   82,    0
100707,19611212,   52,    0
100707,19611213,   26,    0
100707,19611214,   24,    0
100707,19611215,   18,    0
100707,19611216,   10,    0
100707,19611217,   14,    0
100707,19611218,   20,    0
100707,19611219,   16,    0
100707,19611220,   10,    0
100707,19611221,    8,    0
100707,19611222,   82,    0
100707,19611223,   80,    0
100707,19611224,  120,    0
100707,19611225,   98,    0
100707,19611226,   70,    0
100707,19611227,   70,    0
100707,19611228,   70,    0
100707,19611229,  110,    0
100707,19611230,  122,    0
100707,19611231,  118,    0
100707,19620101,  120,    0
100707,19620102,  110,    0
100707,19620103,   86,    0
100707,19620104,   66,    0
100707,19620105,   38,    0
100707,19620106,   22,    0
100707,19620107,    0,    0
100707,19620108,    0,    0
100707,19620109,   32,    0
100707,19620110,  104,    0
100707,19620111,   68,    0
100707,19620112,   40,    0
100707,19620113,  114,    0
100707,19620114,   40,    0
100707,19620115,    6,    0
100707,19620116,    2,    0
100707,19620117,   70,    0
100707,19620118,   52,    0
100707,19620119,   34,    0
100707,19620120,    2,    0
100707,19620121,    6,    0
100707,19620122,   22,    0
100707,19620123,   36,    0
100707,19620124,   17,    0
100707,19620125,   12,    0
100707,19620126,   14,    0
100707,19620127,   18,    0
100707,19620128,   35,    0
100707,19620129,   14,    0
100707,19620130,    4,    0
100707,19620131,  -14,    0
100707,19620201,    8,    0
100707,19620202,   52,    0
100707,19620203,   27,    0
100707,19620204,    2,    0
100707,19620205,   10,    0
100707,19620206,   10,    0
100707,19620207,   54,    0
100707,19620208,   27,    0
100707,19620209,   40,    0
100707,19620210,   10,    0
100707,19620211,    6,    0
100707,19620212,   18,    0
100707,19620213,   10,    0
100707,19620214,   54,    0
100707,19620215,    8,    0
100707,19620216,    0,    0
100707,19620217,  -36,    0
100707,19620218,  -14,    0
100707,19620219,  -14,    0
100707,19620220,    2,    0
100707,19620221,    8,    0
100707,19620222,   34,    0
100707,19620223,   78,    0
100707,19620224,   66,    0
100707,19620225,   76,    0
100707,19620226,   65,    0
100707,19620227,  102,    0
100707,19620228,   20,    0
100707,19620301,   44,    0
100707,19620302,   98,    0
100707,19620303,  126,    0
100707,19620304,  106,    0
100707,19620305,   50,    0
100707,19620306,   42,    0
100707,19620307,  100,    0
100707,19620308,   90,    0
100707,19620309,  100,    0
100707,19620310,   52,    0
100707,19620311,  108,    0
100707,19620312,   76,    0
100707,19620313,   70,    0
100707,19620314,   60,    0
100707,19620315,   60,    0
100707,19620316,   50,    0
100707,19620317,   80,    0
100707,19620318,  100,    0
100707,19620319,  100,    0
100707,19620320,  102,    0
100707,19620321,  104,    0
100707,19620322,   96,    0
100707,19620323,   80,    0
100707,19620324,   60,    0
100707,19620325,   56,    0
100707,19620326,   36,    0
100707,19620327,   64,    0
100707,19620328,  122,    0
100707,19620329,  100,    0
100707,19620330,  117,    0
100707,19620331,  122,    0
100707,19620401,  115,    0
100707,19620402,   96,    0
100707,19620403,   90,    0
100707,19620404,   55,    0
100707,19620405,   97,    0
100707,19620406,   75,    0
100707,19620407,   75,    0
100707,19620408,   90,    0
100707,19620409,   80,    0
100707,19620410,   48,    0
100707,19620411,   58,    0
100707,19620412,   72,    0
100707,19620413,   80,    0
100707,19620414,   90,    0
100707,19620415,   95,    0
100707,19620416,   88,    0
100707,19620417,   45,    0
100707,19620418,   58,    0
100707,19620419,   64,    0
100707,19620420,   65,    0
100707,19620421,  100,    0
100707,19620422,  100,    0
100707,19620423,  100,    0
100707,19620424,   90,    0
100707,19620425,   95,    0
100707,19620426,   95,    0
100707,19620427,  114,    0
100707,19620428,  120,    0
100707,19620429,  130,    0
100707,19620430,   95,    0
100707,19620501,   95,    0
100707,19620502,   90,    0
100707,19620503,  120,    0
100707,19620504,   94,    0
100707,19620505,   90,    0
100707,19620506,  110,    0
100707,19620507,  115,    0
100707,19620508,  130,    0
100707,19620509,  108,    0
100707,19620510,   86,    0
100707,19620511,  110,    0
100707,19620512,  114,    0
100707,19620513,   90,    0
100707,19620514,   74,    0
100707,19620515,   68,    0
100707,19620516,   88,    0
100707,19620517,   90,    0
100707,19620518,  120,    0
100707,19620519,  104,    0
100707,19620520,   70,    0
100707,19620521,   82,    0
100707,19620522,  134,    0
100707,19620523,  145,    0
100707,19620524,  110,    0
100707,19620525,  135,    0
100707,19620526,   75,    0
100707,19620527,  103,    0
100707,19620528,   84,    0
100707,19620529,   76,    0
100707,19620530,  110,    0
100707,19620531,  142,    0
100707,19620601,  115,    0
100707,19620602,  108,    0
100707,19620603,  110,    0
100707,19620604,   99,    0
100707,19620605,  125,    0
100707,19620606,  135,    0
100707,19620607,  110,    0
100707,19620608,  112,    0
100707,19620609,  125,    0
100707,19620610,  125,    0
100707,19620611,  122,    0
100707,19620612,  130,    0
100707,19620613,  132,    0
100707,19620614,  152,    0
100707,19620615,  135,    0
100707,19620616,  160,    0
100707,19620617,  158,    0
100707,19620618,  162,    0
100707,19620619,  165,    0
100707,19620620,  172,    0
100707,19620621,  172,    0
100707,19620622,  200,    0
100707,19620623,  205,    0
100707,19620624,  198,    0
100707,19620625,  190,    0
100707,19620626,  200,    0
100707,19620627,  200,    0
100707,19620628,  198,    0
100707,19620629,  185,    0
100707,19620630,  170,    0
100707,19620701,  148,    0
100707,19620702,  136,    0
100707,19620703,  190,    0
100707,19620704,  182,    0
100707,19620705,  154,    0
100707,19620706,  142,    0
100707,19620707,  128,    0
100707,19620708,  118,    0
100707,19620709,  122,    0
100707,19620710,  150,    0
100707,19620711,  136,    0
100707,19620712,  126,    0
100707,19620713,  134,    0
100707,19620714,  176,    0
100707,19620715,  154,    0
100707,19620716,  146,    0
100707,19620717,  164,    0
100707,19620718,  188,    0
100707,19620719,  214,    0
100707,19620720,  216,    0
100707,19620721,  154,    0
100707,19620722,  134,    0
100707,19620723,  156,    0
100707,19620724,  180,    0
100707,19620725,  155,    0
100707,19620726,  148,    0
100707,19620727,  154,    0
100707,19620728,  138,    0
100707,19620729,  183,    0
100707,19620730,  180,    0
100707,19620731,  198,    0
100707,19620801,  156,    0
100707,19620802,  141,    0
100707,19620803,  135,    0
100707,19620804,  138,    0
100707,19620805,  160,    0
100707,19620806,  162,    0
100707,19620807,  134,    0
100707,19620808,  144,    0
100707,19620809,  170,    0
100707,19620810,  190,    0
100707,19620811,  175,    0
100707,19620812,  162,    0
100707,19620813,  170,    0
100707,19620814,  184,    0
100707,19620815,  140,    0
100707,19620816,  130,    0
100707,19620817,  149,    0
100707,19620818,  172,    0
100707,19620819,  172,    0
100707,19620820,  174,    0
100707,19620821,  161,    0
100707,19620822,  160,    0
100707,19620823,  176,    0
100707,19620824,  186,    0
100707,19620825,  196,    0
100707,19620826,  174,    0
100707,19620827,  210,    0
100707,19620828,  185,    0
100707,19620829,  190,    0
100707,19620830,  204,    0
100707,19620831,  133,    0
100707,19620901,  158,    0
100707,19620902,  180,    0
100707,19620903,  168,    0
100707,19620904,  162,    0
100707,19620905,  140,    0
100707,19620906,  156,    0
100707,19620907,  156,    0
100707,19620908,  182,    0
100707,19620909,  174,    0
100707,19620910,  162,    0
100707,19620911,  168,    0
100707,19620912,  181,    0
100707,19620913,  166,    0
100707,19620914,  220,    0
100707,19620915,  166,    0
100707,19620916,  136,    0
100707,19620917,  154,    0
100707,19620918,  148,    0
100707,19620919,  173,    0
100707,19620920,  137,    0
100707,19620921,  143,    0
100707,19620922,  124,    0
100707,19620923,  166,    0
100707,19620924,  190,    0
100707,19620925,  172,    0
100707,19620926,  164,    0
100707,19620927,  104,    0
100707,19620928,  141,    0
100707,19620929,  120,    0
100707,19620930,  150,    0
100707,19621001,  192,    0
100707,19621002,  152,    0
100707,19621003,  115,    0
100707,19621004,  130,    0
100707,19621005,  170,    0
100707,19621006,  154,    0
100707,19621007,  150,    0
100707,19621008,  160,    0
100707,19621009,  155,    0
100707,19621010,  150,    0
100707,19621011,  130,    0
100707,19621012,  145,    0
100707,19621013,  138,    0
100707,19621014,  120,    0
100707,19621015,  156,    0
100707,19621016,  146,    0
100707,19621017,  143,    0
100707,19621018,  146,    0
100707,19621019,  126,    0
100707,19621020,  122,    0
100707,19621021,  118,    0
100707,19621022,  135,    0
100707,19621023,  120,    0
100707,19621024,  124,    0
100707,19621025,  150,    0
100707,19621026,  155,    0
100707,19621027,  156,    0
100707,19621028,  130,    0
100707,19621029,  114,    0
100707,19621030,   82,    0
100707,19621031,  110,    0
100707,19621101,   88,    0
100707,19621102,   60,    0
100707,19621103,   94,    0
100707,19621104,   56,    0
100707,19621105,   76,    0
100707,19621106,   64,    0
100707,19621107,   34,    0
100707,19621108,   62,    0
100707,19621109,   60,    0
100707,19621110,   82,    0
100707,19621111,   82,    0
100707,19621112,   87,    0
100707,19621113,  108,    0
100707,19621114,   58,    0
100707,19621115,   28,    0
100707,19621116,   16,    0
100707,19621117,   42,    0
100707,19621118,   44,    0
100707,19621119,   10,    0
100707,19621120,   24,    0
100707,19621121,   56,    0
100707,19621122,   58,    0
100707,19621123,   16,    0
100707,19621124,    5,    0
100707,19621125,    8,    0
100707,19621126,   68,    0
100707,19621127,   62,    0
100707,19621128,   42,    0
100707,19621129,   10,    0
100707,19621130,   -8,    0
100707,19621201,  -22,    0
100707,19621202,    5,    0
100707,19621203,    4,    0
100707,19621204,   60,    0
100707,19621205,   46,    0
100707,19621206,   36,    0
100707,19621207,   26,    0
100707,19621208,   -5,    0
100707,19621209,  -20,    0
100707,19621210,  -20,    0
100707,19621211,  -18,    0
100707,19621212,   44,    0
100707,19621213,   30,    0
100707,19621214,    4,    0
100707,19621215,   -5,    0
100707,19621216,   58,    0
100707,19621217,   50,    0
100707,19621218,  102,    0
100707,19621219,  104,    0
100707,19621220,   70,    0
100707,19621221,   20,    0
100707,19621222,    0,    0
100707,19621223,  -18,    0
100707,19621224,  -50,    0
100707,19621225,  -70,    0
100707,19621226,  -52,    0
100707,19621227,   14,    0
100707,19621228,   52,    0
100707,19621229,   88,    0
100707,19621230,   80,    0
100707,19621231,   82,    0
100707,19630101,   95,    0
100707,19630102,   68,    0
100707,19630103,   62,    0
100707,19630104,   84,    0
100707,19630105,   95,    0
100707,19630106,  103,    0
100707,19630107,   96,    0
100707,19630108,  104,    0
100707,19630109,  116,    0
100707,19630110,   86,    0
100707,19630111,   72,    0
100707,19630112,   44,    0
100707,19630113,   35,    0
100707,19630114,   72,    0
100707,19630115,   58,    0
100707,19630116,   50,    0
100707,19630117,   94,    0
100707,19630118,   82,    0
100707,19630119,   50,    0
100707,19630120,   90,    0
100707,19630121,   60,    0
100707,19630122,   28,    0
100707,19630123,   54,    0
100707,19630124,   46,    0
100707,19630125,   42,    0
100707,19630126,   48,    0
100707,19630127,   10,    0
100707,19630128,    0,    0
100707,19630129,  -24,    0
100707,19630130,  -30,    0
100707,19630131,  -18,    0
100707,19630201,   14,    0
100707,19630202,  -10,    0
100707,19630203,   40,    0
100707,19630204,   20,    0
100707,19630205,  -20,    0
100707,19630206,   55,    0
100707,19630207,   54,    0
100707,19630208,   14,    0
100707,19630209,   82,    0
100707,19630210,   70,    0
100707,19630211,   82,    0
100707,19630212,   76,    0
100707,19630213,   47,    0
100707,19630214,   54,    0
100707,19630215,   58,    0
100707,19630216,   80,    0
100707,19630217,   74,    0
100707,19630218,   85,    0
100707,19630219,   90,    0
100707,19630220,   70,    0
100707,19630221,   48,    0
100707,19630222,   20,    0
100707,19630223,   22,    0
100707,19630224,   64,    0
100707,19630225,   50,    0
100707,19630226,   72,    0
100707,19630227,   80,    0
100707,19630228,   75,    0
100707,19630301,   70,    0
100707,19630302,   51,    0
100707,19630303,   98,    0
100707,19630304,   80,    0
100707,19630305,   56,    0
100707,19630306,   73,    0
100707,19630307,   98,    0
100707,19630308,   88,    0
100707,19630309,   54,    0
100707,19630310,  114,    0
100707,19630311,   78,    0
100707,19630312,   55,    0
100707,19630313,   30,    0
100707,19630314,   50,    0
100707,19630315,  107,    0
100707,19630316,  135,    0
100707,19630317,  113,    0
100707,19630318,  122,    0
100707,19630319,  104,    0
100707,19630320,   70,    0
100707,19630321,   53,    0
100707,19630322,   76,    0
100707,19630323,   50,    0
100707,19630324,   16,    0
100707,19630325,   37,    0
100707,19630326,   48,    0
100707,19630327,   98,    0
100707,19630328,   98,    0
100707,19630329,   64,    0
100707,19630330,   44,    0
100707,19630331,   66,    0
100707,19630401,   68,    0
100707,19630402,   48,    0
100707,19630403,   64,    0
100707,19630404,   78,    0
100707,19630405,   66,    0
100707,19630406,   44,    0
100707,19630407,   44,    0
100707,19630408,  115,    0
100707,19630409,   86,    0
100707,19630410,   82,    0
100707,19630411,   80,    0
100707,19630412,  110,    0
100707,19630413,   92,    0
100707,19630414,   92,    0
100707,19630415,   94,    0
100707,19630416,   94,    0
100707,19630417,  116,    0
100707,19630418,  112,    0
100707,19630419,   92,    0
100707,19630420,  110,    0
100707,19630421,   75,    0
100707,19630422,   84,    0
100707,19630423,  104,    0
100707,19630424,   92,    0
100707,19630425,  110,    0
100707,19630426,   88,    0
100707,19630427,   90,    0
100707,19630428,  105,    0
100707,19630429,  104,    0
100707,19630430,  105,    0
100707,19630501,   96,    0
100707,19630502,   94,    0
100707,19630503,  102,    0
100707,19630504,  100,    0
100707,19630505,   97,    0
100707,19630506,  114,    0
100707,19630507,  114,    0
100707,19630508,  122,    0
100707,19630509,  103,    0
100707,19630510,  104,    0
100707,19630511,  100,    0
100707,19630512,  115,    0
100707,19630513,  127,    0
100707,19630514,  110,    0
100707,19630515,  140,    0
100707,19630516,  150,    0
100707,19630517,   86,    0
100707,19630518,  110,    0
100707,19630519,  140,    0
100707,19630520,  108,    0
100707,19630521,  120,    0
100707,19630522,   90,    0
100707,19630523,   89,    0
100707,19630524,   76,    0
100707,19630525,  115,    0
100707,19630526,  120,    0
100707,19630527,  130,    0
100707,19630528,  133,    0
100707,19630529,  152,    0
100707,19630530,  150,    0
100707,19630531,  140,    0
100707,19630601,  116,    0
100707,19630602,  110,    0
100707,19630603,  106,    0
100707,19630604,  128,    0
100707,19630605,  124,    0
100707,19630606,  120,    0
100707,19630607,  145,    0
100707,19630608,  128,    0
100707,19630609,  158,    0
100707,19630610,  124,    0
100707,19630611,  128,    0
100707,19630612,  185,    0
100707,19630613,  184,    0
100707,19630614,  148,    0
100707,19630615,  154,    0
100707,19630616,  154,    0
100707,19630617,  160,    0
100707,19630618,  184,    0
100707,19630619,  145,    0
100707,19630620,  162,    0
100707,19630621,  195,    0
100707,19630622,  182,    0
100707,19630623,  150,    0
100707,19630624,  136,    0
100707,19630625,  106,    0
100707,19630626,  160,    0
100707,19630627,  174,    0
100707,19630628,  130,    0
100707,19630629,  156,    0
100707,19630630,  105,    0
100707,19630701,   96,    0
100707,19630702,  116,    0
100707,19630703,  112,    0
100707,19630704,  130,    0
100707,19630705,  145,    0
100707,19630706,  164,    0
100707,19630707,  178,    0
100707,19630708,  172,    0
100707,19630709,  155,    0
100707,19630710,  162,    0
100707,19630711,  172,    0
100707,19630712,  160,    0
100707,19630713,  144,    0
100707,19630714,  137,    0
100707,19630715,  145,    0
100707,19630716,  153,    0
100707,19630717,  155,    0
100707,19630718,  155,    0
100707,19630719,  180,    0
100707,19630720,  205,    0
100707,19630721,  202,    0
100707,19630722,  202,    0
100707,19630723,  203,    0
100707,19630724,  200,    0
100707,19630725,  155,    0
100707,19630726,  173,    0
100707,19630727,  200,    0
100707,19630728,  190,    0
100707,19630729,  185,    0
100707,19630730,  165,    0
100707,19630731,  166,    0
100707,19630801,  167,    0
100707,19630802,  122,    0
100707,19630803,  120,    0
100707,19630804,  150,    0
100707,19630805,  146,    0
100707,19630806,  146,    0
100707,19630807,  154,    0
100707,19630808,  176,    0
100707,19630809,  178,    0
100707,19630810,  200,    0
100707,19630811,  191,    0
100707,19630812,  174,    0
100707,19630813,  150,    0
100707,19630814,  149,    0
100707,19630815,  134,    0
100707,19630816,  128,    0
100707,19630817,  158,    0
100707,19630818,  144,    0
100707,19630819,  118,    0
100707,19630820,  147,    0
100707,19630821,  134,    0
100707,19630822,  126,    0
100707,19630823,  166,    0
100707,19630824,  157,    0
100707,19630825,  158,    0
100707,19630826,  148,    0
100707,19630827,  169,    0
100707,19630828,  170,    0
100707,19630829,  162,    0
100707,19630830,  164,    0
100707,19630831,  156,    0
100707,19630901,  120,    0
100707,19630902,  120,    0
100707,19630903,  114,    0
100707,19630904,  159,    0
100707,19630905,   96,    0
100707,19630906,  130,    0
100707,19630907,  110,    0
100707,19630908,  102,    0
100707,19630909,  104,    0
100707,19630910,  114,    0
100707,19630911,  160,    0
100707,19630912,  140,    0
100707,19630913,  140,    0
100707,19630914,  175,    0
100707,19630915,  164,    0
100707,19630916,  152,    0
100707,19630917,  154,    0
100707,19630918,  130,    0
100707,19630919,  128,    0
100707,19630920,  124,    0
100707,19630921,  140,    0
100707,19630922,  134,    0
100707,19630923,  152,    0
100707,19630924,  122,    0
100707,19630925,  154,    0
100707,19630926,  150,    0
100707,19630927,  152,    0
100707,19630928,  144,    0
100707,19630929,  130,    0
100707,19630930,  142,    0
100707,19631001,  140,    0
100707,19631002,  128,    0
100707,19631003,   90,    0
100707,19631004,   68,    0
100707,19631005,  132,    0
100707,19631006,   83,    0
100707,19631007,   93,    0
100707,19631008,   92,    0
100707,19631009,  100,    0
100707,19631010,  100,    0
100707,19631011,  110,    0
100707,19631012,   98,    0
100707,19631013,   64,    0
100707,19631014,   68,    0
100707,19631015,   62,    0
100707,19631016,   84,    0
100707,19631017,   54,    0
100707,19631018,   84,    0
100707,19631019,   98,    0
100707,19631020,  104,    0
100707,19631021,  104,    0
100707,19631022,  108,    0
100707,19631023,  106,    0
100707,19631024,   95,    0
100707,19631025,   76,    0
100707,19631026,  100,    0
100707,19631027,   91,    0
100707,19631028,  108,    0
100707,19631029,  136,    0
100707,19631030,  154,    0
100707,19631031,  100,    0
100707,19631101,   74,    0
100707,19631102,  110,    0
100707,19631103,  112,    0
100707,19631104,  129,    0
100707,19631105,   90,    0
100707,19631106,   92,    0
100707,19631107,   48,    0
100707,19631108,   84,    0
100707,19631109,  138,    0
100707,19631110,  144,    0
100707,19631111,  140,    0
100707,19631112,  143,    0
100707,19631113,  168,    0
100707,19631114,  164,    0
100707,19631115,  108,    0
100707,19631116,   80,    0
100707,19631117,   44,    0
100707,19631118,   92,    0
100707,19631119,   70,    0
100707,19631120,   62,    0
100707,19631121,   82,    0
100707,19631122,   72,    0
100707,19631123,   52,    0
100707,19631124,  100,    0
100707,19631125,   86,    0
100707,19631126,   66,    0
100707,19631127,   91,    0
100707,19631128,   64,    0
100707,19631129,   76,    0
100707,19631130,   26,    0
100707,19631201,   66,    0
100707,19631202,   66,    0
100707,19631203,   40,    0
100707,19631204,   60,    0
100707,19631205,   60,    0
100707,19631206,   89,    0
100707,19631207,   76,    0
100707,19631208,   75,    0
100707,19631209,   74,    0
100707,19631210,   32,    0
100707,19631211,   90,    0
100707,19631212,   70,    0
100707,19631213,   90,    0
100707,19631214,  101,    0
100707,19631215,   82,    0
100707,19631216,   40,    0
100707,19631217,   55,    0
100707,19631218,   66,    0
100707,19631219,   50,    0
100707,19631220,   66,    0
100707,19631221,   50,    0
100707,19631222,   -3,    0
100707,19631223,  -10,    0
100707,19631224,  -30,    0
100707,19631225,   30,    0
100707,19631226,   40,    0
100707,19631227,   40,    0
100707,19631228,   38,    0
100707,19631229,   30,    0
100707,19631230,   35,    0
100707,19631231,   29,    0
100707,19640101,   26,    0
100707,19640102,   -4,    0
100707,19640103,   28,    0
100707,19640104,   24,    0
100707,19640105,   24,    0
100707,19640106,    0,    0
100707,19640107,  -20,    0
100707,19640108,  -16,    0
100707,19640109,   41,    0
100707,19640110,   50,    0
100707,19640111,   33,    0
100707,19640112,   42,    0
100707,19640113,   90,    0
100707,19640114,   90,    0
100707,19640115,   90,    0
100707,19640116,   86,    0
100707,19640117,   56,    0
100707,19640118,   54,    0
100707,19640119,   38,    0
100707,19640120,   46,    0
100707,19640121,   42,    0
100707,19640122,   66,    0
100707,19640123,   34,    0
100707,19640124,   18,    0
100707,19640125,   36,    0
100707,19640126,    4,    0
100707,19640127,  -10,    0
100707,19640128,  -12,    0
100707,19640129,   -8,    0
100707,19640130,    6,    0
100707,19640131,  -14,    0
100707,19640201,  -10,    0
100707,19640202,    6,    0
100707,19640203,   14,    0
100707,19640204,   36,    0
100707,19640205,   24,    0
100707,19640206,   70,    0
100707,19640207,   62,    0
100707,19640208,   16,    0
100707,19640209,  -16,    0
100707,19640210,  -34,    0
100707,19640211,  -24,    0
100707,19640212,  -16,    0
100707,19640213,   87,    0
100707,19640214,   50,    0
100707,19640215,   27,    0
100707,19640216,  110,    0
100707,19640217,  112,    0
100707,19640218,  104,    0
100707,19640219,  108,    0
100707,19640220,  114,    0
100707,19640221,   90,    0
100707,19640222,   94,    0
100707,19640223,  104,    0
100707,19640224,   80,    0
100707,19640225,   73,    0
100707,19640226,   90,    0
100707,19640227,   91,    0
100707,19640228,   80,    0
100707,19640229,   48,    0
100707,19640301,   40,    0
100707,19640302,   94,    0
100707,19640303,   65,    0
100707,19640304,   70,    0
100707,19640305,   80,    0
100707,19640306,   70,    0
100707,19640307,   38,    0
100707,19640308,    6,    0
100707,19640309,    0,    0
100707,19640310,   24,    0
100707,19640311,  110,    0
100707,19640312,   86,    0
100707,19640313,  126,    0
100707,19640314,   92,    0
100707,19640315,   64,    0
100707,19640316,   44,    0
100707,19640317,   68,    0
100707,19640318,   88,    0
100707,19640319,  105,    0
100707,19640320,  104,    0
100707,19640321,   92,    0
100707,19640322,  112,    0
100707,19640323,   90,    0
100707,19640324,   96,    0
100707,19640325,   70,    0
100707,19640326,   62,    0
100707,19640327,   50,    0
100707,19640328,   78,    0
100707,19640329,   60,    0
100707,19640330,   52,    0
100707,19640331,   64,    0
100707,19640401,   40,    0
100707,19640402,   42,    0
100707,19640403,   70,    0
100707,19640404,   38,    0
100707,19640405,   36,    0
100707,19640406,   32,    0
100707,19640407,   50,    0
100707,19640408,   40,    0
100707,19640409,   58,    0
100707,19640410,   75,    0
100707,19640411,  106,    0
100707,19640412,   73,    0
100707,19640413,   80,    0
100707,19640414,  100,    0
100707,19640415,  110,    0
100707,19640416,  130,    0
100707,19640417,   58,    0
100707,19640418,   70,    0
100707,19640419,   50,    0
100707,19640420,   64,    0
100707,19640421,   50,    0
100707,19640422,   90,    0
100707,19640423,  100,    0
100707,19640424,   90,    0
100707,19640425,   80,    0
100707,19640426,  100,    0
100707,19640427,   98,    0
100707,19640428,  102,    0
100707,19640429,  132,    0
100707,19640430,  140,    0
100707,19640501,  142,    0
100707,19640502,  104,    0
100707,19640503,  120,    0
100707,19640504,  118,    0
100707,19640505,  135,    0
100707,19640506,  110,    0
100707,19640507,  142,    0
100707,19640508,  118,    0
100707,19640509,  100,    0
100707,19640510,   96,    0
100707,19640511,  122,    0
100707,19640512,  140,    0
100707,19640513,  140,    0
100707,19640514,  158,    0
100707,19640515,  160,    0
100707,19640516,  174,    0
100707,19640517,  156,    0
100707,19640518,  156,    0
100707,19640519,  145,    0
100707,19640520,  150,    0
100707,19640521,  166,    0
100707,19640522,  132,    0
100707,19640523,  110,    0
100707,19640524,  100,    0
100707,19640525,   90,    0
100707,19640526,  118,    0
100707,19640527,   86,    0
100707,19640528,  125,    0
100707,19640529,  138,    0
100707,19640530,  126,    0
100707,19640531,  120,    0
100707,19640601,  108,    0
100707,19640602,  130,    0
100707,19640603,  108,    0
100707,19640604,  115,    0
100707,19640605,   82,    0
100707,19640606,  130,    0
100707,19640607,  168,    0
100707,19640608,  160,    0
100707,19640609,  180,    0
100707,19640610,  182,    0
100707,19640611,  185,    0
100707,19640612,  207,    0
100707,19640613,  130,    0
100707,19640614,  130,    0
100707,19640615,  170,    0
100707,19640616,  165,    0
100707,19640617,  165,    0
100707,19640618,  152,    0
100707,19640619,  170,    0
100707,19640620,  170,    0
100707,19640621,  190,    0
100707,19640622,  160,    0
100707,19640623,  135,    0
100707,19640624,  160,    0
100707,19640625,  174,    0
100707,19640626,  152,    0
100707,19640627,  165,    0
100707,19640628,  156,    0
100707,19640629,  150,    0
100707,19640630,  160,    0
100707,19640701,  180,    0
100707,19640702,  170,    0
100707,19640703,  165,    0
100707,19640704,  178,    0
100707,19640705,  164,    0
100707,19640706,  158,    0
100707,19640707,  162,    0
100707,19640708,  176,    0
100707,19640709,  130,    0
100707,19640710,  136,    0
100707,19640711,  160,    0
100707,19640712,  158,    0
100707,19640713,  134,    0
100707,19640714,  160,    0
100707,19640715,  210,    0
100707,19640716,  192,    0
100707,19640717,  200,    0
100707,19640718,  198,    0
100707,19640719,  146,    0
100707,19640720,  148,    0
100707,19640721,  164,    0
100707,19640722,  192,    0
100707,19640723,  174,    0
100707,19640724,  210,    0
100707,19640725,  202,    0
100707,19640726,  168,    0
100707,19640727,  145,    0
100707,19640728,  164,    0
100707,19640729,  186,    0
100707,19640730,  185,    0
100707,19640731,  190,    0
100707,19640801,  205,    0
100707,19640802,  218,    0
100707,19640803,  206,    0
100707,19640804,  220,    0
100707,19640805,  236,    0
100707,19640806,  220,    0
100707,19640807,  170,    0
100707,19640808,  130,    0
100707,19640809,  170,    0
100707,19640810,  164,    0
100707,19640811,  200,    0
100707,19640812,  162,    0
100707,19640813,  150,    0
100707,19640814,  135,    0
100707,19640815,  140,    0
100707,19640816,  150,    0
100707,19640817,  150,    0
100707,19640818,  138,    0
100707,19640819,  125,    0
100707,19640820,  135,    0
100707,19640821,  140,    0
100707,19640822,  125,    0
100707,19640823,  160,    0
100707,19640824,  150,    0
100707,19640825,  170,    0
100707,19640826,  180,    0
100707,19640827,  165,    0
100707,19640828,  170,    0
100707,19640829,  160,    0
100707,19640830,  200,    0
100707,19640831,  200,    0
100707,19640901,  180,    0
100707,19640902,  180,    0
100707,19640903,  150,    0
100707,19640904,  142,    0
100707,19640905,  140,    0
100707,19640906,  160,    0
100707,19640907,  135,    0
100707,19640908,  174,    0
100707,19640909,  180,    0
100707,19640910,  200,    0
100707,19640911,  190,    0
100707,19640912,  170,    0
100707,19640913,  180,    0
100707,19640914,  195,    0
100707,19640915,  170,    0
100707,19640916,  182,    0
100707,19640917,  148,    0
100707,19640918,  156,    0
100707,19640919,  210,    0
100707,19640920,  196,    0
100707,19640921,  160,    0
100707,19640922,  195,    0
100707,19640923,  195,    0
100707,19640924,  165,    0
100707,19640925,  170,    0
100707,19640926,  178,    0
100707,19640927,  172,    0
100707,19640928,  182,    0
100707,19640929,  176,    0
100707,19640930,  144,    0
100707,19641001,  116,    0
100707,19641002,  130,    0
100707,19641003,  138,    0
100707,19641004,  118,    0
100707,19641005,  130,    0
100707,19641006,  140,    0
100707,19641007,  146,    0
100707,19641008,  138,    0
100707,19641009,  114,    0
100707,19641010,  126,    0
100707,19641011,  110,    0
100707,19641012,  116,    0
100707,19641013,   86,    0
100707,19641014,   84,    0
100707,19641015,   90,    0
100707,19641016,   40,    0
100707,19641017,   50,    0
100707,19641018,   50,    0
100707,19641019,   60,    0
100707,19641020,   80,    0
100707,19641021,  100,    0
100707,19641022,  118,    0
100707,19641023,   76,    0
100707,19641024,   80,    0
100707,19641025,   46,    0
100707,19641026,   16,    0
100707,19641027,   18,    0
100707,19641028,   20,    0
100707,19641029,   30,    0
100707,19641030,   18,    0
100707,19641031,   34,    0
100707,19641101,  115,    0
100707,19641102,  104,    0
100707,19641103,  116,    0
100707,19641104,  130,    0
100707,19641105,   78,    0
100707,19641106,   68,    0
100707,19641107,   80,    0
100707,19641108,   44,    0
100707,19641109,   58,    0
100707,19641110,   65,    0
100707,19641111,   82,    0
100707,19641112,   74,    0
100707,19641113,   60,    0
100707,19641114,   23,    0
100707,19641115,   40,    0
100707,19641116,   68,    0
100707,19641117,   42,    0
100707,19641118,   40,    0
100707,19641119,   22,    0
100707,19641120,   26,    0
100707,19641121,   18,    0
100707,19641122,   20,    0
100707,19641123,   50,    0
100707,19641124,   20,    0
100707,19641125,   32,    0
100707,19641126,   18,    0
100707,19641127,    8,    0
100707,19641128,   60,    0
100707,19641129,   30,    0
100707,19641130,   28,    0
100707,19641201,   56,    0
100707,19641202,   70,    0
100707,19641203,   -5,    0
100707,19641204,  -30,    0
100707,19641205,  -12,    0
100707,19641206,  -16,    0
100707,19641207,    8,    0
100707,19641208,  -10,    0
100707,19641209,  -10,    0
100707,19641210,  -10,    0
100707,19641211,   10,    0
100707,19641212,   12,    0
100707,19641213,  -20,    0
100707,19641214,  -14,    0
100707,19641215,   54,    0
100707,19641216,   16,    0
100707,19641217,  -10,    0
100707,19641218,   52,    0
100707,19641219,   38,    0
100707,19641220,   26,    0
100707,19641221,   23,    0
100707,19641222,   60,    0
100707,19641223,   78,    0
100707,19641224,   35,    0
100707,19641225,   14,    0
100707,19641226,    5,    0
100707,19641227,  -20,    0
100707,19641228,   40,    0
100707,19641229,   10,    0
100707,19641230,  -30,    0
100707,19641231,  -40,    0
100707,19650101,   26,    0
100707,19650102,   20,    0
100707,19650103,   -6,    0
100707,19650104,    0,    0
100707,19650105,  -30,    0
100707,19650106,  -40,    0
100707,19650107,  -42,    0
100707,19650108,  -40,    0
100707,19650109,   10,    0
100707,19650110,  -20,    0
100707,19650111,  -20,    0
100707,19650112,  -24,    0
100707,19650113,    4,    0
100707,19650114,   14,    0
100707,19650115,    0,    0
100707,19650116,   10,    0
100707,19650117,   50,    0
100707,19650118,   60,    0
100707,19650119,  110,    0
100707,19650120,   74,    0
100707,19650121,   60,    0
100707,19650122,   72,    0
100707,19650123,    4,    0
100707,19650124,  -16,    0
100707,19650125,  -20,    0
100707,19650126,  -20,    0
100707,19650127,   24,    0
100707,19650128,   72,    0
100707,19650129,  120,    0
100707,19650130,   90,    0
100707,19650131,   90,    0
100707,19650201,   98,    0
100707,19650202,   86,    0
100707,19650203,   70,    0
100707,19650204,   84,    0
100707,19650205,   20,    0
100707,19650206,    2,    0
100707,19650207,   10,    0
100707,19650208,   -6,    0
100707,19650209,  -13,    0
100707,19650210,  -10,    0
100707,19650211,  -25,    0
100707,19650212,  -30,    0
100707,19650213,  -30,    0
100707,19650214,  -12,    0
100707,19650215,  -30,    0
100707,19650216,  -34,    0
100707,19650217,  -30,    0
100707,19650218,  -34,    0
100707,19650219,  -32,    0
100707,19650220,  -60,    0
100707,19650221,  -30,    0
100707,19650222,   54,    0
100707,19650223,   12,    0
100707,19650224,   45,    0
100707,19650225,   65,    0
100707,19650226,   93,    0
100707,19650227,   24,    0
100707,19650228,  112,    0
100707,19650301,   68,    0
100707,19650302,   16,    0
100707,19650303,    0,    0
100707,19650304,   32,    0
100707,19650305,   30,    0
100707,19650306,   10,    0
100707,19650307,   16,    0
100707,19650308,  -28,    0
100707,19650309,   30,    0
100707,19650310,   70,    0
100707,19650311,   80,    0
100707,19650312,   90,    0
100707,19650313,   84,    0
100707,19650314,   60,    0
100707,19650315,  100,    0
100707,19650316,  120,    0
100707,19650317,  102,    0
100707,19650318,   70,    0
100707,19650319,   70,    0
100707,19650320,   64,    0
100707,19650321,   70,    0
100707,19650322,  114,    0
100707,19650323,   90,    0
100707,19650324,   80,    0
100707,19650325,   90,    0
100707,19650326,   80,    0
100707,19650327,   80,    0
100707,19650328,   64,    0
100707,19650329,   80,    0
100707,19650330,  130,    0
100707,19650331,   98,    0
100707,19650401,   85,    0
100707,19650402,   68,    0
100707,19650403,   70,    0
100707,19650404,   88,    0
100707,19650405,   70,    0
100707,19650406,   60,    0
100707,19650407,   72,    0
100707,19650408,  100,    0
100707,19650409,  106,    0
100707,19650410,   90,    0
100707,19650411,   88,    0
100707,19650412,   70,    0
100707,19650413,   72,    0
100707,19650414,  110,    0
100707,19650415,  110,    0
100707,19650416,  100,    0
100707,19650417,   96,    0
100707,19650418,  125,    0
100707,19650419,  108,    0
100707,19650420,  100,    0
100707,19650421,   70,    0
100707,19650422,   40,    0
100707,19650423,   80,    0
100707,19650424,   62,    0
100707,19650425,   65,    0
100707,19650426,   84,    0
100707,19650427,  106,    0
100707,19650428,   80,    0
100707,19650429,   54,    0
100707,19650430,   65,    0
100707,19650501,  110,    0
100707,19650502,  116,    0
100707,19650503,  140,    0
100707,19650504,  106,    0
100707,19650505,  106,    0
100707,19650506,   78,    0
100707,19650507,  132,    0
100707,19650508,  118,    0
100707,19650509,  140,    0
100707,19650510,  136,    0
100707,19650511,  148,    0
100707,19650512,  140,    0
100707,19650513,  144,    0
100707,19650514,  156,    0
100707,19650515,  150,    0
100707,19650516,  140,    0
100707,19650517,  126,    0
100707,19650518,  104,    0
100707,19650519,   90,    0
100707,19650520,  110,    0
100707,19650521,   96,    0
100707,19650522,   96,    0
100707,19650523,  100,    0
100707,19650524,  104,    0
100707,19650525,  110,    0
100707,19650526,  134,    0
100707,19650527,  162,    0
100707,19650528,  134,    0
100707,19650529,  150,    0
100707,19650530,  118,    0
100707,19650531,   94,    0
100707,19650601,  130,    0
100707,19650602,  128,    0
100707,19650603,  136,    0
100707,19650604,  130,    0
100707,19650605,  116,    0
100707,19650606,  120,    0
100707,19650607,  110,    0
100707,19650608,   96,    0
100707,19650609,  146,    0
100707,19650610,  128,    0
100707,19650611,  148,    0
100707,19650612,  120,    0
100707,19650613,  160,    0
100707,19650614,  158,    0
100707,19650615,  148,    0
100707,19650616,  160,    0
100707,19650617,  168,    0
100707,19650618,  176,    0
100707,19650619,  200,    0
100707,19650620,  200,    0
100707,19650621,  172,    0
100707,19650622,  164,    0
100707,19650623,  146,    0
100707,19650624,  136,    0
100707,19650625,  150,    0
100707,19650626,  166,    0
100707,19650627,  200,    0
100707,19650628,  190,    0
100707,19650629,  182,    0
100707,19650630,  150,    0
100707,19650701,  148,    0
100707,19650702,  168,    0
100707,19650703,  142,    0
100707,19650704,  150,    0
100707,19650705,  134,    0
100707,19650706,  158,    0
100707,19650707,  120,    0
100707,19650708,  122,    0
100707,19650709,  140,    0
100707,19650710,  122,    0
100707,19650711,  134,    0
100707,19650712,  156,    0
100707,19650713,  166,    0
100707,19650714,  160,    0
100707,19650715,  126,    0
100707,19650716,  136,    0
100707,19650717,  160,    0
100707,19650718,  146,    0
100707,19650719,  146,    0
100707,19650720,  130,    0
100707,19650721,  132,    0
100707,19650722,  150,    0
100707,19650723,  146,    0
100707,19650724,  170,    0
100707,19650725,  138,    0
100707,19650726,  134,    0
100707,19650727,  152,    0
100707,19650728,  154,    0
100707,19650729,  164,    0
100707,19650730,  170,    0
100707,19650731,  170,    0
100707,19650801,  134,    0
100707,19650802,  140,    0
100707,19650803,  140,    0
100707,19650804,  162,    0
100707,19650805,  176,    0
100707,19650806,  220,    0
100707,19650807,  140,    0
100707,19650808,  136,    0
100707,19650809,  130,    0
100707,19650810,  130,    0
100707,19650811,  160,    0
100707,19650812,  164,    0
100707,19650813,  150,    0
100707,19650814,  150,    0
100707,19650815,  180,    0
100707,19650816,  160,    0
100707,19650817,  160,    0
100707,19650818,  174,    0
100707,19650819,  184,    0
100707,19650820,  224,    0
100707,19650821,  196,    0
100707,19650822,  154,    0
100707,19650823,  134,    0
100707,19650824,  130,    0
100707,19650825,  130,    0
100707,19650826,  150,    0
100707,19650827,  130,    0
100707,19650828,  150,    0
100707,19650829,  180,    0
100707,19650830,  190,    0
100707,19650831,  194,    0
100707,19650901,  146,    0
100707,19650902,  140,    0
100707,19650903,   78,    0
100707,19650904,  126,    0
100707,19650905,  104,    0
100707,19650906,  108,    0
100707,19650907,  110,    0
100707,19650908,  148,    0
100707,19650909,  130,    0
100707,19650910,  110,    0
100707,19650911,  100,    0
100707,19650912,   86,    0
100707,19650913,   80,    0
100707,19650914,   80,    0
100707,19650915,  132,    0
100707,19650916,  142,    0
100707,19650917,  140,    0
100707,19650918,  142,    0
100707,19650919,  160,    0
100707,19650920,  150,    0
100707,19650921,  144,    0
100707,19650922,  164,    0
100707,19650923,  156,    0
100707,19650924,  182,    0
100707,19650925,  130,    0
100707,19650926,  100,    0
100707,19650927,  124,    0
100707,19650928,  120,    0
100707,19650929,  160,    0
100707,19650930,  136,    0
100707,19651001,   80,    0
100707,19651002,  110,    0
100707,19651003,  110,    0
100707,19651004,  140,    0
100707,19651005,  134,    0
100707,19651006,  126,    0
100707,19651007,  130,    0
100707,19651008,  126,    0
100707,19651009,  128,    0
100707,19651010,  110,    0
100707,19651011,  140,    0
100707,19651012,  128,    0
100707,19651013,  132,    0
100707,19651014,  146,    0
100707,19651015,  140,    0
100707,19651016,  148,    0
100707,19651017,  146,    0
100707,19651018,  152,    0
100707,19651019,  130,    0
100707,19651020,  120,    0
100707,19651021,  116,    0
100707,19651022,  116,    0
100707,19651023,  110,    0
100707,19651024,  126,    0
100707,19651025,  116,    0
100707,19651026,  116,    0
100707,19651027,  128,    0
100707,19651028,  130,    0
100707,19651029,  142,    0
100707,19651030,  148,    0
100707,19651031,  110,    0
100707,19651101,  110,    0
100707,19651102,  120,    0
100707,19651103,   90,    0
100707,19651104,   50,    0
100707,19651105,   44,    0
100707,19651106,   92,    0
100707,19651107,   90,    0
100707,19651108,   82,    0
100707,19651109,   64,    0
100707,19651110,   58,    0
100707,19651111,  100,    0
100707,19651112,  100,    0
100707,19651113,   98,    0
100707,19651114,   80,    0
100707,19651115,   70,    0
100707,19651116,  100,    0
100707,19651117,   90,    0
100707,19651118,   92,    0
100707,19651119,  122,    0
100707,19651120,   96,    0
100707,19651121,   70,    0
100707,19651122,   42,    0
100707,19651123,   20,    0
100707,19651124,    0,    0
100707,19651125,   20,    0
100707,19651126,   70,    0
100707,19651127,  100,    0
100707,19651128,   80,    0
100707,19651129,   82,    0
100707,19651130,   58,    0
100707,19651201,   52,    0
100707,19651202,   54,    0
100707,19651203,  120,    0
100707,19651204,   60,    0
100707,19651205,  116,    0
100707,19651206,  124,    0
100707,19651207,   50,    0
100707,19651208,   36,    0
100707,19651209,   10,    0
100707,19651210,   58,    0
100707,19651211,   70,    0
100707,19651212,   24,    0
100707,19651213,   40,    0
100707,19651214,   52,    0
100707,19651215,   86,    0
100707,19651216,   68,    0
100707,19651217,   30,    0
100707,19651218,   58,    0
100707,19651219,   20,    0
100707,19651220,   80,    0
100707,19651221,   50,    0
100707,19651222,   28,    0
100707,19651223,   28,    0
100707,19651224,  102,    0
100707,19651225,  106,    0
100707,19651226,   86,    0
100707,19651227,   36,    0
100707,19651228,   78,    0
100707,19651229,   48,    0
100707,19651230,   48,    0
100707,19651231,   86,    0
100707,19660101,   31,    0
100707,19660102,  101,    0
100707,19660103,   90,    0
100707,19660104,   70,    0
100707,19660105,   34,    0
100707,19660106,   46,    0
100707,19660107,   26,    0
100707,19660108,   63,    0
100707,19660109,   33,    0
100707,19660110,   58,    0
100707,19660111,   72,    0
100707,19660112,  106,    0
100707,19660113,   54,    0
100707,19660114,   70,    0
100707,19660115,   70,    0
100707,19660116,   77,    0
100707,19660117,   68,    0
100707,19660118,   94,    0
100707,19660119,  110,    0
100707,19660120,  120,    0
100707,19660121,  102,    0
100707,19660122,  145,    0
100707,19660123,  126,    0
100707,19660124,  124,    0
100707,19660125,  102,    0
100707,19660126,   78,    0
100707,19660127,   40,    0
100707,19660128,   56,    0
100707,19660129,   96,    0
100707,19660130,   96,    0
100707,19660131,   82,    0
100707,19660201,   74,    0
100707,19660202,   96,    0
100707,19660203,   57,    0
100707,19660204,   40,    0
100707,19660205,   52,    0
100707,19660206,   49,    0
100707,19660207,   40,    0
100707,19660208,   77,    0
100707,19660209,  115,    0
100707,19660210,   94,    0
100707,19660211,   87,    0
100707,19660212,   84,    0
100707,19660213,   63,    0
100707,19660214,   98,    0
100707,19660215,   90,    0
100707,19660216,   70,    0
100707,19660217,   60,    0
100707,19660218,   93,    0
100707,19660219,   80,    0
100707,19660220,   58,    0
100707,19660221,   60,    0
100707,19660222,   58,    0
100707,19660223,   40,    0
100707,19660224,   40,    0
100707,19660225,   52,    0
100707,19660226,  100,    0
100707,19660227,   71,    0
100707,19660228,   52,    0
100707,19660301,   20,    0
100707,19660302,   15,    0
100707,19660303,   48,    0
100707,19660304,   38,    0
100707,19660305,   42,    0
100707,19660306,   10,    0
100707,19660307,    0,    0
100707,19660308,   23,    0
100707,19660309,   20,    0
100707,19660310,   25,    0
100707,19660311,   30,    0
100707,19660312,   48,    0
100707,19660313,   52,    0
100707,19660314,   16,    0
100707,19660315,   10,    0
100707,19660316,   20,    0
100707,19660317,   16,    0
100707,19660318,   24,    0
100707,19660319,   40,    0
100707,19660320,   24,    0
100707,19660321,   34,    0
100707,19660322,   10,    0
100707,19660323,   24,    0
100707,19660324,   53,    0
100707,19660325,   60,    0
100707,19660326,   36,    0
100707,19660327,   46,    0
100707,19660328,   44,    0
100707,19660329,   62,    0
100707,19660330,   70,    0
100707,19660331,   93,    0
100707,19660401,   72,    0
100707,19660402,   70,    0
100707,19660403,    4,    0
100707,19660404,  110,    0
100707,19660405,  118,    0
100707,19660406,  104,    0
100707,19660407,   10,    0
100707,19660408,   64,    0
100707,19660409,  114,    0
100707,19660410,  108,    0
100707,19660411,   98,    0
100707,19660412,   90,    0
100707,19660413,   96,    0
100707,19660414,  130,    0
100707,19660415,  110,    0
100707,19660416,  106,    0
100707,19660417,  102,    0
100707,19660418,   90,    0
100707,19660419,  108,    0
100707,19660420,   94,    0
100707,19660421,   68,    0
100707,19660422,   70,    0
100707,19660423,   92,    0
100707,19660424,  102,    0
100707,19660425,   93,    0
100707,19660426,   82,    0
100707,19660427,  114,    0
100707,19660428,   70,    0
100707,19660429,   70,    0
100707,19660430,   74,    0
100707,19660501,   94,    0
100707,19660502,  114,    0
100707,19660503,  126,    0
100707,19660504,   82,    0
100707,19660505,  104,    0
100707,19660506,   82,    0
100707,19660507,   68,    0
100707,19660508,   65,    0
100707,19660509,   82,    0
100707,19660510,  100,    0
100707,19660511,   90,    0
100707,19660512,   84,    0
100707,19660513,   60,    0
100707,19660514,   84,    0
100707,19660515,  110,    0
100707,19660516,  134,    0
100707,19660517,  130,    0
100707,19660518,  130,    0
100707,19660519,  108,    0
100707,19660520,  136,    0
100707,19660521,  144,    0
100707,19660522,  140,    0
100707,19660523,  150,    0
100707,19660524,  154,    0
100707,19660525,  152,    0
100707,19660526,  176,    0
100707,19660527,  162,    0
100707,19660528,  137,    0
100707,19660529,  134,    0
100707,19660530,  134,    0
100707,19660531,  146,    0
100707,19660601,  150,    0
100707,19660602,  150,    0
100707,19660603,  174,    0
100707,19660604,  153,    0
100707,19660605,  154,    0
100707,19660606,  136,    0
100707,19660607,  175,    0
100707,19660608,  146,    0
100707,19660609,  116,    0
100707,19660610,  100,    0
100707,19660611,   78,    0
100707,19660612,  114,    0
100707,19660613,  122,    0
100707,19660614,  144,    0
100707,19660615,  124,    0
100707,19660616,  120,    0
100707,19660617,  130,    0
100707,19660618,  110,    0
100707,19660619,  110,    0
100707,19660620,  138,    0
100707,19660621,  130,    0
100707,19660622,  154,    0
100707,19660623,  140,    0
100707,19660624,  116,    0
100707,19660625,  160,    0
100707,19660626,  163,    0
100707,19660627,  155,    0
100707,19660628,  175,    0
100707,19660629,  206,    0
100707,19660630,  190,    0
100707,19660701,  190,    0
100707,19660702,  170,    0
100707,19660703,  150,    0
100707,19660704,  150,    0
100707,19660705,  136,    0
100707,19660706,  144,    0
100707,19660707,  196,    0
100707,19660708,  200,    0
100707,19660709,  186,    0
100707,19660710,  200,    0
100707,19660711,  202,    0
100707,19660712,  200,    0
100707,19660713,  220,    0
100707,19660714,  160,    0
100707,19660715,  160,    0
100707,19660716,  150,    0
100707,19660717,  160,    0
100707,19660718,  170,    0
100707,19660719,  170,    0
100707,19660720,  160,    0
100707,19660721,  148,    0
100707,19660722,  182,    0
100707,19660723,  160,    0
100707,19660724,  162,    0
100707,19660725,  128,    0
100707,19660726,  130,    0
100707,19660727,  132,    0
100707,19660728,  130,    0
100707,19660729,  124,    0
100707,19660730,  114,    0
100707,19660731,  146,    0
100707,19660801,  130,    0
100707,19660802,  160,    0
100707,19660803,  156,    0
100707,19660804,  158,    0
100707,19660805,  140,    0
100707,19660806,  158,    0
100707,19660807,  164,    0
100707,19660808,  160,    0
100707,19660809,  140,    0
100707,19660810,  150,    0
100707,19660811,  174,    0
100707,19660812,  172,    0
100707,19660813,  144,    0
100707,19660814,  152,    0
100707,19660815,  134,    0
100707,19660816,  200,    0
100707,19660817,  196,    0
100707,19660818,  178,    0
100707,19660819,  134,    0
100707,19660820,  130,    0
100707,19660821,  160,    0
100707,19660822,  150,    0
100707,19660823,  154,    0
100707,19660824,  130,    0
100707,19660825,  136,    0
100707,19660826,  126,    0
100707,19660827,  140,    0
100707,19660828,  174,    0
100707,19660829,  200,    0
100707,19660830,  140,    0
100707,19660831,  134,    0
100707,19660901,  110,    0
100707,19660902,  156,    0
100707,19660903,  180,    0
100707,19660904,  164,    0
100707,19660905,  160,    0
100707,19660906,  140,    0
100707,19660907,  170,    0
100707,19660908,  186,    0
100707,19660909,  200,    0
100707,19660910,  170,    0
100707,19660911,  160,    0
100707,19660912,  154,    0
100707,19660913,  160,    0
100707,19660914,  180,    0
100707,19660915,  180,    0
100707,19660916,  156,    0
100707,19660917,  120,    0
100707,19660918,  100,    0
100707,19660919,  134,    0
100707,19660920,  162,    0
100707,19660921,  154,    0
100707,19660922,  146,    0
100707,19660923,  146,    0
100707,19660924,  130,    0
100707,19660925,  138,    0
100707,19660926,  160,    0
100707,19660927,  152,    0
100707,19660928,  146,    0
100707,19660929,  142,    0
100707,19660930,  126,    0
100707,19661001,  150,    0
100707,19661002,  142,    0
100707,19661003,  158,    0
100707,19661004,  134,    0
100707,19661005,  111,    0
100707,19661006,  110,    0
100707,19661007,  134,    0
100707,19661008,  108,    0
100707,19661009,  101,    0
100707,19661010,  124,    0
100707,19661011,  128,    0
100707,19661012,  106,    0
100707,19661013,  118,    0
100707,19661014,  110,    0
100707,19661015,   90,    0
100707,19661016,  113,    0
100707,19661017,  130,    0
100707,19661018,  126,    0
100707,19661019,  110,    0
100707,19661020,  115,    0
100707,19661021,  150,    0
100707,19661022,  132,    0
100707,19661023,  140,    0
100707,19661024,  160,    0
100707,19661025,  110,    0
100707,19661026,   74,    0
100707,19661027,   60,    0
100707,19661028,   64,    0
100707,19661029,   40,    0
100707,19661030,   20,    0
100707,19661031,   30,    0
100707,19661101,    0,    0
100707,19661102,    5,    0
100707,19661103,   20,    0
100707,19661104,   40,    0
100707,19661105,   96,    0
100707,19661106,   72,    0
100707,19661107,   84,    0
100707,19661108,   80,    0
100707,19661109,   50,    0
100707,19661110,   84,    0
100707,19661111,   30,    0
100707,19661112,   20,    0
100707,19661113,   44,    0
100707,19661114,   80,    0
100707,19661115,   53,    0
100707,19661116,   20,    0
100707,19661117,   53,    0
100707,19661118,   20,    0
100707,19661119,   10,    0
100707,19661120,  -16,    0
100707,19661121,  -16,    0
100707,19661122,   50,    0
100707,19661123,   -2,    0
100707,19661124,  -30,    0
100707,19661125,    4,    0
100707,19661126,  -18,    0
100707,19661127,  -26,    0
100707,19661128,  -15,    0
100707,19661129,   84,    0
100707,19661130,   98,    0
100707,19661201,   70,    0
100707,19661202,   80,    0
100707,19661203,   40,    0
100707,19661204,   66,    0
100707,19661205,    0,    0
100707,19661206,  -20,    0
100707,19661207,   60,    0
100707,19661208,  -10,    0
100707,19661209,  -30,    0
100707,19661210,  -30,    0
100707,19661211,   10,    0
100707,19661212,  -26,    0
100707,19661213,   40,    0
100707,19661214,   68,    0
100707,19661215,   50,    0
100707,19661216,   40,    0
100707,19661217,   48,    0
100707,19661218,   10,    0
100707,19661219,   10,    0
100707,19661220,  -10,    0
100707,19661221,  -30,    0
100707,19661222,  -20,    0
100707,19661223,  -34,    0
100707,19661224,  -30,    0
100707,19661225,  -50,    0
100707,19661226,  -20,    0
100707,19661227,  -30,    0
100707,19661228,  -20,    0
100707,19661229,  -30,    0
100707,19661230,  -30,    0
100707,19661231,  -20,    0
100707,19670101,  -40,    0
100707,19670102,  -35,    0
100707,19670103,  -16,    0
100707,19670104,  -22,    0
100707,19670105,    0,    0
100707,19670106,   30,    0
100707,19670107,  -60,    0
100707,19670108,   10,    0
100707,19670109,  -10,    0
100707,19670110,   38,    0
100707,19670111,   36,    0
100707,19670112,  -20,    0
100707,19670113,  -26,    0
100707,19670114,  -12,    0
100707,19670115,  -10,    0
100707,19670116,  -20,    0
100707,19670117,  -20,    0
100707,19670118,  -10,    0
100707,19670119,   50,    0
100707,19670120,   60,    0
100707,19670121,   60,    0
100707,19670122,   24,    0
100707,19670123,   28,    0
100707,19670124,   44,    0
100707,19670125,   68,    0
100707,19670126,   58,    0
100707,19670127,   56,    0
100707,19670128,   34,    0
100707,19670129,   30,    0
100707,19670130,   50,    0
100707,19670131,   44,    0
100707,19670201,   20,    0
100707,19670202,   22,    0
100707,19670203,   20,    0
100707,19670204,   16,    0
100707,19670205,   10,    0
100707,19670206,    0,    0
100707,19670207,   44,    0
100707,19670208,   10,    0
100707,19670209,   -2,    0
100707,19670210,   -2,    0
100707,19670211,  -10,    0
100707,19670212,   14,    0
100707,19670213,   50,    0
100707,19670214,   35,    0
100707,19670215,   80,    0
100707,19670216,   68,    0
100707,19670217,   50,    0
100707,19670218,   61,    0
100707,19670219,   60,    0
100707,19670220,   78,    0
100707,19670221,   56,    0
100707,19670222,   44,    0
100707,19670223,   30,    0
100707,19670224,   34,    0
100707,19670225,  100,    0
100707,19670226,   70,    0
100707,19670227,   54,    0
100707,19670228,   30,    0
100707,19670301,   40,    0
100707,19670302,   40,    0
100707,19670303,  100,    0
100707,19670304,  110,    0
100707,19670305,  118,    0
100707,19670306,  100,    0
100707,19670307,   80,    0
100707,19670308,   96,    0
100707,19670309,   56,    0
100707,19670310,   38,    0
100707,19670311,   96,    0
100707,19670312,   53,    0
100707,19670313,   70,    0
100707,19670314,   50,    0
100707,19670315,   50,    0
100707,19670316,   30,    0
100707,19670317,   40,    0
100707,19670318,   30,    0
100707,19670319,   90,    0
100707,19670320,   62,    0
100707,19670321,   38,    0
100707,19670322,   40,    0
100707,19670323,   30,    0
100707,19670324,   41,    0
100707,19670325,   71,    0
100707,19670326,   73,    0
100707,19670327,   60,    0
100707,19670328,  100,    0
100707,19670329,   41,    0
100707,19670330,   26,    0
100707,19670331,   18,    0
100707,19670401,   33,    0
100707,19670402,   10,    0
100707,19670403,   16,    0
100707,19670404,   14,    0
100707,19670405,   58,    0
100707,19670406,   86,    0
100707,19670407,  101,    0
100707,19670408,   73,    0
100707,19670409,   46,    0
100707,19670410,   20,    0
100707,19670411,    0,    0
100707,19670412,   45,    0
100707,19670413,   75,    0
100707,19670414,   95,    0
100707,19670415,   60,    0
100707,19670416,   56,    0
100707,19670417,   80,    0
100707,19670418,   46,    0
100707,19670419,   65,    0
100707,19670420,   93,    0
100707,19670421,   96,    0
100707,19670422,   90,    0
100707,19670423,   84,    0
100707,19670424,   80,    0
100707,19670425,   92,    0
100707,19670426,  100,    0
100707,19670427,   50,    0
100707,19670428,   80,    0
100707,19670429,  100,    0
100707,19670430,   82,    0
100707,19670501,  100,    0
100707,19670502,   86,    0
100707,19670503,   73,    0
100707,19670504,   40,    0
100707,19670505,   94,    0
100707,19670506,   68,    0
100707,19670507,   93,    0
100707,19670508,   86,    0
100707,19670509,  120,    0
100707,19670510,  123,    0
100707,19670511,  121,    0
100707,19670512,  116,    0
100707,19670513,   91,    0
100707,19670514,  104,    0
100707,19670515,  100,    0
100707,19670516,   93,    0
100707,19670517,   70,    0
100707,19670518,   80,    0
100707,19670519,   80,    0
100707,19670520,   95,    0
100707,19670521,  118,    0
100707,19670522,  115,    0
100707,19670523,   84,    0
100707,19670524,   96,    0
100707,19670525,  110,    0
100707,19670526,   88,    0
100707,19670527,  132,    0
100707,19670528,   98,    0
100707,19670529,   65,    0
100707,19670530,   85,    0
100707,19670531,  112,    0
100707,19670601,  113,    0
100707,19670602,  138,    0
100707,19670603,  124,    0
100707,19670604,  118,    0
100707,19670605,  132,    0
100707,19670606,  130,    0
100707,19670607,  143,    0
100707,19670608,  145,    0
100707,19670609,  144,    0
100707,19670610,  124,    0
100707,19670611,  133,    0
100707,19670612,  146,    0
100707,19670613,  133,    0
100707,19670614,  106,    0
100707,19670615,  140,    0
100707,19670616,  144,    0
100707,19670617,  150,    0
100707,19670618,  140,    0
100707,19670619,  110,    0
100707,19670620,  150,    0
100707,19670621,  170,    0
100707,19670622,  175,    0
100707,19670623,  170,    0
100707,19670624,  132,    0
100707,19670625,  122,    0
100707,19670626,  110,    0
100707,19670627,  110,    0
100707,19670628,  130,    0
100707,19670629,  178,    0
100707,19670630,  190,    0
100707,19670701,  150,    0
100707,19670702,  120,    0
100707,19670703,  120,    0
100707,19670704,  154,    0
100707,19670705,  112,    0
100707,19670706,  120,    0
100707,19670707,  126,    0
100707,19670708,  140,    0
100707,19670709,  170,    0
100707,19670710,  190,    0
100707,19670711,  150,    0
100707,19670712,  160,    0
100707,19670713,  152,    0
100707,19670714,  140,    0
100707,19670715,  146,    0
100707,19670716,  160,    0
100707,19670717,  140,    0
100707,19670718,  128,    0
100707,19670719,  170,    0
100707,19670720,  210,    0
100707,19670721,  196,    0
100707,19670722,  140,    0
100707,19670723,  150,    0
100707,19670724,  140,    0
100707,19670725,  138,    0
100707,19670726,  130,    0
100707,19670727,  130,    0
100707,19670728,  142,    0
100707,19670729,  164,    0
100707,19670730,  176,    0
100707,19670731,  160,    0
100707,19670801,  130,    0
100707,19670802,  174,    0
100707,19670803,  146,    0
100707,19670804,  150,    0
100707,19670805,  150,    0
100707,19670806,  156,    0
100707,19670807,  150,    0
100707,19670808,  160,    0
100707,19670809,  170,    0
100707,19670810,  130,    0
100707,19670811,  126,    0
100707,19670812,  144,    0
100707,19670813,  140,    0
100707,19670814,  135,    0
100707,19670815,  165,    0
100707,19670816,  150,    0
100707,19670817,  140,    0
100707,19670818,  140,    0
100707,19670819,  146,    0
100707,19670820,  148,    0
100707,19670821,  141,    0
100707,19670822,  166,    0
100707,19670823,  167,    0
100707,19670824,  140,    0
100707,19670825,  147,    0
100707,19670826,  130,    0
100707,19670827,  130,    0
100707,19670828,  167,    0
100707,19670829,  160,    0
100707,19670830,  172,    0
100707,19670831,  162,    0
100707,19670901,  196,    0
100707,19670902,  204,    0
100707,19670903,  150,    0
100707,19670904,  141,    0
100707,19670905,  120,    0
100707,19670906,  163,    0
100707,19670907,  112,    0
100707,19670908,  140,    0
100707,19670909,  183,    0
100707,19670910,  140,    0
100707,19670911,  144,    0
100707,19670912,  128,    0
100707,19670913,  118,    0
100707,19670914,  130,    0
100707,19670915,  124,    0
100707,19670916,  106,    0
100707,19670917,  157,    0
100707,19670918,  137,    0
100707,19670919,  146,    0
100707,19670920,  160,    0
100707,19670921,  174,    0
100707,19670922,  140,    0
100707,19670923,  110,    0
100707,19670924,  140,    0
100707,19670925,  130,    0
100707,19670926,  168,    0
100707,19670927,  110,    0
100707,19670928,  104,    0
100707,19670929,  145,    0
100707,19670930,  160,    0
100707,19671001,  104,    0
100707,19671002,  100,    0
100707,19671003,  130,    0
100707,19671004,  106,    0
100707,19671005,  100,    0
100707,19671006,  112,    0
100707,19671007,  134,    0
100707,19671008,  120,    0
100707,19671009,  140,    0
100707,19671010,  130,    0
100707,19671011,  120,    0
100707,19671012,  176,    0
100707,19671013,  160,    0
100707,19671014,  152,    0
100707,19671015,  112,    0
100707,19671016,  120,    0
100707,19671017,  128,    0
100707,19671018,  136,    0
100707,19671019,  132,    0
100707,19671020,  136,    0
100707,19671021,  145,    0
100707,19671022,  124,    0
100707,19671023,  124,    0
100707,19671024,  131,    0
100707,19671025,  112,    0
100707,19671026,  101,    0
100707,19671027,  124,    0
100707,19671028,   74,    0
100707,19671029,  100,    0
100707,19671030,   64,    0
100707,19671031,   80,    0
100707,19671101,  112,    0
100707,19671102,  118,    0
100707,19671103,   52,    0
100707,19671104,   90,    0
100707,19671105,   74,    0
100707,19671106,   36,    0
100707,19671107,   94,    0
100707,19671108,   78,    0
100707,19671109,   76,    0
100707,19671110,   70,    0
100707,19671111,   81,    0
100707,19671112,   75,    0
100707,19671113,  100,    0
100707,19671114,  137,    0
100707,19671115,  108,    0
100707,19671116,   80,    0
100707,19671117,   70,    0
100707,19671118,   80,    0
100707,19671119,  104,    0
100707,19671120,   40,    0
100707,19671121,   26,    0
100707,19671122,   56,    0
100707,19671123,  100,    0
100707,19671124,  114,    0
100707,19671125,  120,    0
100707,19671126,   80,    0
100707,19671127,   74,    0
100707,19671128,   44,    0
100707,19671129,   40,    0
100707,19671130,   24,    0
100707,19671201,   22,    0
100707,19671202,   26,    0
100707,19671203,   40,    0
100707,19671204,   12,    0
100707,19671205,    0,    0
100707,19671206,  -12,    0
100707,19671207,   46,    0
100707,19671208,   14,    0
100707,19671209,   16,    0
100707,19671210,   10,    0
100707,19671211,   10,    0
100707,19671212,    4,    0
100707,19671213,  -60,    0
100707,19671214,   10,    0
100707,19671215,  -20,    0
100707,19671216,  -32,    0
100707,19671217,  -60,    0
100707,19671218,  -50,    0
100707,19671219,  -56,    0
100707,19671220,   70,    0
100707,19671221,   90,    0
100707,19671222,   80,    0
100707,19671223,   80,    0
100707,19671224,   70,    0
100707,19671225,   46,    0
100707,19671226,   70,    0
100707,19671227,   30,    0
100707,19671228,  -12,    0
100707,19671229,   54,    0
100707,19671230,   26,    0
100707,19671231,  -20,    0
100707,19680101,  -20,    0
100707,19680102,   52,    0
100707,19680103,   50,    0
100707,19680104,   40,    0
100707,19680105,    0,    0
100707,19680106,  -20,    0
100707,19680107,   44,    0
100707,19680108,   10,    0
100707,19680109,    8,    0
100707,19680110,   53,    0
100707,19680111,  -20,    0
100707,19680112,  -20,    0
100707,19680113,  -24,    0
100707,19680114,  -15,    0
100707,19680115,  -10,    0
100707,19680116,  -18,    0
100707,19680117,   10,    0
100707,19680118,  -16,    0
100707,19680119,   -4,    0
100707,19680120,    0,    0
100707,19680121,    4,    0
100707,19680122,   -4,    0
100707,19680123,  -22,    0
100707,19680124,  -20,    0
100707,19680125,  -24,    0
100707,19680126,  -40,    0
100707,19680127,  -40,    0
100707,19680128,   36,    0
100707,19680129,   36,    0
100707,19680130,    8,    0
100707,19680131,   -4,    0
100707,19680201,  -16,    0
100707,19680202,    0,    0
100707,19680203,   -8,    0
100707,19680204,    6,    0
100707,19680205,   18,    0
100707,19680206,   70,    0
100707,19680207,   55,    0
100707,19680208,   90,    0
100707,19680209,  102,    0
100707,19680210,   52,    0
100707,19680211,  108,    0
100707,19680212,   50,    0
100707,19680213,  112,    0
100707,19680214,   99,    0
100707,19680215,   87,    0
100707,19680216,  100,    0
100707,19680217,   50,    0
100707,19680218,   90,    0
100707,19680219,   93,    0
100707,19680220,   69,    0
100707,19680221,   53,    0
100707,19680222,   57,    0
100707,19680223,   50,    0
100707,19680224,   70,    0
100707,19680225,   90,    0
100707,19680226,   52,    0
100707,19680227,   63,    0
100707,19680228,   36,    0
100707,19680229,   96,    0
100707,19680301,   80,    0
100707,19680302,   70,    0
100707,19680303,   46,    0
100707,19680304,   84,    0
100707,19680305,   88,    0
100707,19680306,   80,    0
100707,19680307,   25,    0
100707,19680308,   12,    0
100707,19680309,    0,    0
100707,19680310,   18,    0
100707,19680311,   35,    0
100707,19680312,   20,    0
100707,19680313,   74,    0
100707,19680314,   80,    0
100707,19680315,   70,    0
100707,19680316,   64,    0
100707,19680317,   60,    0
100707,19680318,   56,    0
100707,19680319,   93,    0
100707,19680320,  102,    0
100707,19680321,   90,    0
100707,19680322,   53,    0
100707,19680323,   44,    0
100707,19680324,   52,    0
100707,19680325,   58,    0
100707,19680326,   54,    0
100707,19680327,  100,    0
100707,19680328,  108,    0
100707,19680329,  104,    0
100707,19680330,  101,    0
100707,19680331,  100,    0
100707,19680401,   90,    0
100707,19680402,   82,    0
100707,19680403,   81,    0
100707,19680404,   90,    0
100707,19680405,   52,    0
100707,19680406,   25,    0
100707,19680407,   10,    0
100707,19680408,   33,    0
100707,19680409,   47,    0
100707,19680410,   65,    0
100707,19680411,   80,    0
100707,19680412,   60,    0
100707,19680413,   78,    0
100707,19680414,   56,    0
100707,19680415,   64,    0
100707,19680416,   84,    0
100707,19680417,  108,    0
100707,19680418,  122,    0
100707,19680419,   86,    0
100707,19680420,  120,    0
100707,19680421,  100,    0
100707,19680422,   82,    0
100707,19680423,   74,    0
100707,19680424,   67,    0
100707,19680425,   85,    0
100707,19680426,  100,    0
100707,19680427,  120,    0
100707,19680428,   81,    0
100707,19680429,   98,    0
100707,19680430,   85,    0
100707,19680501,   84,    0
100707,19680502,  124,    0
100707,19680503,  120,    0
100707,19680504,   94,    0
100707,19680505,   92,    0
100707,19680506,   60,    0
100707,19680507,   40,    0
100707,19680508,   67,    0
100707,19680509,   55,    0
100707,19680510,   66,    0
100707,19680511,   84,    0
100707,19680512,  102,    0
100707,19680513,  100,    0
100707,19680514,   94,    0
100707,19680515,  101,    0
100707,19680516,  120,    0
100707,19680517,  140,    0
100707,19680518,  156,    0
100707,19680519,  137,    0
100707,19680520,  100,    0
100707,19680521,   81,    0
100707,19680522,   94,    0
100707,19680523,   84,    0
100707,19680524,  120,    0
100707,19680525,  130,    0
100707,19680526,  110,    0
100707,19680527,   94,    0
100707,19680528,  100,    0
100707,19680529,   96,    0
100707,19680530,  142,    0
100707,19680531,  160,    0
100707,19680601,  110,    0
100707,19680602,  136,    0
100707,19680603,  102,    0
100707,19680604,  126,    0
100707,19680605,  110,    0
100707,19680606,  144,    0
100707,19680607,  144,    0
100707,19680608,  146,    0
100707,19680609,  148,    0
100707,19680610,  136,    0
100707,19680611,  120,    0
100707,19680612,  144,    0
100707,19680613,  150,    0
100707,19680614,  146,    0
100707,19680615,  120,    0
100707,19680616,  140,    0
100707,19680617,  150,    0
100707,19680618,  134,    0
100707,19680619,  126,    0
100707,19680620,  134,    0
100707,19680621,  134,    0
100707,19680622,  132,    0
100707,19680623,  124,    0
100707,19680624,  128,    0
100707,19680625,  166,    0
100707,19680626,  152,    0
100707,19680627,  140,    0
100707,19680628,  194,    0
100707,19680629,  140,    0
100707,19680630,  212,    0
100707,19680701,  216,    0
100707,19680702,  148,    0
100707,19680703,  148,    0
100707,19680704,  176,    0
100707,19680705,  146,    0
100707,19680706,  126,    0
100707,19680707,  126,    0
100707,19680708,  144,    0
100707,19680709,  170,    0
100707,19680710,  180,    0
100707,19680711,  148,    0
100707,19680712,  144,    0
100707,19680713,  144,    0
100707,19680714,  160,    0
100707,19680715,  120,    0
100707,19680716,  144,    0
100707,19680717,  136,    0
100707,19680718,  166,    0
100707,19680719,  164,    0
100707,19680720,  190,    0
100707,19680721,  190,    0
100707,19680722,  246,    0
100707,19680723,  226,    0
100707,19680724,  206,    0
100707,19680725,  178,    0
100707,19680726,  190,    0
100707,19680727,  186,    0
100707,19680728,  176,    0
100707,19680729,  158,    0
100707,19680730,  168,    0
100707,19680731,  156,    0
100707,19680801,  158,    0
100707,19680802,  136,    0
100707,19680803,  135,    0
100707,19680804,  130,    0
100707,19680805,  134,    0
100707,19680806,  142,    0
100707,19680807,  114,    0
100707,19680808,  144,    0
100707,19680809,  150,    0
100707,19680810,  127,    0
100707,19680811,  130,    0
100707,19680812,  160,    0
100707,19680813,  160,    0
100707,19680814,  170,    0
100707,19680815,  140,    0
100707,19680816,  171,    0
100707,19680817,  168,    0
100707,19680818,  160,    0
100707,19680819,  171,    0
100707,19680820,  180,    0
100707,19680821,  170,    0
100707,19680822,  200,    0
100707,19680823,  201,    0
100707,19680824,  190,    0
100707,19680825,  215,    0
100707,19680826,  180,    0
100707,19680827,  196,    0
100707,19680828,  156,    0
100707,19680829,  155,    0
100707,19680830,  130,    0
100707,19680831,  130,    0
100707,19680901,  134,    0
100707,19680902,  158,    0
100707,19680903,  152,    0
100707,19680904,  131,    0
100707,19680905,  133,    0
100707,19680906,  136,    0
100707,19680907,  150,    0
100707,19680908,  156,    0
100707,19680909,  150,    0
100707,19680910,  163,    0
100707,19680911,  138,    0
100707,19680912,  140,    0
100707,19680913,  174,    0
100707,19680914,  168,    0
100707,19680915,  118,    0
100707,19680916,  113,    0
100707,19680917,  104,    0
100707,19680918,  105,    0
100707,19680919,  132,    0
100707,19680920,  174,    0
100707,19680921,  164,    0
100707,19680922,  164,    0
100707,19680923,  192,    0
100707,19680924,  161,    0
100707,19680925,  126,    0
100707,19680926,  140,    0
100707,19680927,  134,    0
100707,19680928,  108,    0
100707,19680929,  114,    0
100707,19680930,  114,    0
100707,19681001,  108,    0
100707,19681002,  104,    0
100707,19681003,  104,    0
100707,19681004,  112,    0
100707,19681005,  106,    0
100707,19681006,  148,    0
100707,19681007,  140,    0
100707,19681008,  130,    0
100707,19681009,  102,    0
100707,19681010,  104,    0
100707,19681011,   94,    0
100707,19681012,   80,    0
100707,19681013,   60,    0
100707,19681014,   70,    0
100707,19681015,   90,    0
100707,19681016,  130,    0
100707,19681017,  110,    0
100707,19681018,  130,    0
100707,19681019,  124,    0
100707,19681020,  118,    0
100707,19681021,  110,    0
100707,19681022,  110,    0
100707,19681023,  106,    0
100707,19681024,  140,    0
100707,19681025,  132,    0
100707,19681026,  106,    0
100707,19681027,  170,    0
100707,19681028,  148,    0
100707,19681029,  102,    0
100707,19681030,  140,    0
100707,19681031,  146,    0
100707,19681101,  104,    0
100707,19681102,   90,    0
100707,19681103,   74,    0
100707,19681104,   74,    0
100707,19681105,  130,    0
100707,19681106,  122,    0
100707,19681107,  110,    0
100707,19681108,  116,    0
100707,19681109,   96,    0
100707,19681110,   80,    0
100707,19681111,   52,    0
100707,19681112,   64,    0
100707,19681113,  136,    0
100707,19681114,  140,    0
100707,19681115,  126,    0
100707,19681116,  100,    0
100707,19681117,   90,    0
100707,19681118,   86,    0
100707,19681119,  100,    0
100707,19681120,   60,    0
100707,19681121,   84,    0
100707,19681122,   70,    0
100707,19681123,   50,    0
100707,19681124,   44,    0
100707,19681125,   50,    0
100707,19681126,  100,    0
100707,19681127,  100,    0
100707,19681128,   84,    0
100707,19681129,   82,    0
100707,19681130,   50,    0
100707,19681201,   64,    0
100707,19681202,   94,    0
100707,19681203,   82,    0
100707,19681204,   46,    0
100707,19681205,   36,    0
100707,19681206,  106,    0
100707,19681207,   78,    0
100707,19681208,   96,    0
100707,19681209,   80,    0
100707,19681210,   54,    0
100707,19681211,   30,    0
100707,19681212,   32,    0
100707,19681213,   58,    0
100707,19681214,   50,    0
100707,19681215,   44,    0
100707,19681216,   96,    0
100707,19681217,  106,    0
100707,19681218,   75,    0
100707,19681219,   46,    0
100707,19681220,   30,    0
100707,19681221,  104,    0
100707,19681222,  106,    0
100707,19681223,   88,    0
100707,19681224,   70,    0
100707,19681225,   60,    0
100707,19681226,   46,    0
100707,19681227,   32,    0
100707,19681228,    0,    0
100707,19681229,  -12,    0
100707,19681230,  -22,    0
100707,19681231,  -32,    0
100707,19690101,  -36,    0
100707,19690102,  -10,    0
100707,19690103,  -34,    0
100707,19690104,  -40,    0
100707,19690105,  -30,    0
100707,19690106,   46,    0
100707,19690107,   38,    0
100707,19690108,  -24,    0
100707,19690109,   46,    0
100707,19690110,   66,    0
100707,19690111,   30,    0
100707,19690112,   98,    0
100707,19690113,   80,    0
100707,19690114,   70,    0
100707,19690115,   84,    0
100707,19690116,    0,    0
100707,19690117,   84,    0
100707,19690118,  101,    0
100707,19690119,  100,    0
100707,19690120,   62,    0
100707,19690121,   74,    0
100707,19690122,   72,    0
100707,19690123,   74,    0
100707,19690124,   82,    0
100707,19690125,   54,    0
100707,19690126,   36,    0
100707,19690127,   50,    0
100707,19690128,   54,    0
100707,19690129,   54,    0
100707,19690130,   70,    0
100707,19690131,    0,    0
100707,19690201,   14,    0
100707,19690202,   36,    0
100707,19690203,   90,    0
100707,19690204,   36,    0
100707,19690205,  -10,    0
100707,19690206,   -6,    0
100707,19690207,   56,    0
100707,19690208,   40,    0
100707,19690209,   60,    0
100707,19690210,   78,    0
100707,19690211,  -16,    0
100707,19690212,  -20,    0
100707,19690213,   58,    0
100707,19690214,   26,    0
100707,19690215,   24,    0
100707,19690216,    0,    0
100707,19690217,   48,    0
100707,19690218,   60,    0
100707,19690219,   86,    0
100707,19690220,   42,    0
100707,19690221,   98,    0
100707,19690222,   90,    0
100707,19690223,   76,    0
100707,19690224,   48,    0
100707,19690225,   36,    0
100707,19690226,   56,    0
100707,19690227,   54,    0
100707,19690228,   82,    0
100707,19690301,   46,    0
100707,19690302,   74,    0
100707,19690303,   40,    0
100707,19690304,   40,    0
100707,19690305,   36,    0
100707,19690306,   50,    0
100707,19690307,   82,    0
100707,19690308,   40,    0
100707,19690309,   74,    0
100707,19690310,   50,    0
100707,19690311,   68,    0
100707,19690312,  104,    0
100707,19690313,  136,    0
100707,19690314,  106,    0
100707,19690315,  126,    0
100707,19690316,  124,    0
100707,19690317,  126,    0
100707,19690318,  100,    0
100707,19690319,  100,    0
100707,19690320,   60,    0
100707,19690321,  116,    0
100707,19690322,  102,    0
100707,19690323,   62,    0
100707,19690324,   94,    0
100707,19690325,   92,    0
100707,19690326,  102,    0
100707,19690327,   46,    0
100707,19690328,   30,    0
100707,19690329,   20,    0
100707,19690330,    0,    0
100707,19690331,   14,    0
100707,19690401,   60,    0
100707,19690402,   58,    0
100707,19690403,   48,    0
100707,19690404,   24,    0
100707,19690405,   62,    0
100707,19690406,   34,    0
100707,19690407,   64,    0
100707,19690408,   50,    0
100707,19690409,   48,    0
100707,19690410,   50,    0
100707,19690411,   68,    0
100707,19690412,   98,    0
100707,19690413,   96,    0
100707,19690414,   68,    0
100707,19690415,   50,    0
100707,19690416,   72,    0
100707,19690417,  100,    0
100707,19690418,   90,    0
100707,19690419,   76,    0
100707,19690420,   60,    0
100707,19690421,  104,    0
100707,19690422,  110,    0
100707,19690423,  132,    0
100707,19690424,  110,    0
100707,19690425,  152,    0
100707,19690426,  128,    0
100707,19690427,  104,    0
100707,19690428,  102,    0
100707,19690429,   76,    0
100707,19690430,   90,    0
100707,19690501,  100,    0
100707,19690502,   95,    0
100707,19690503,  111,    0
100707,19690504,   74,    0
100707,19690505,   80,    0
100707,19690506,  120,    0
100707,19690507,   90,    0
100707,19690508,  118,    0
100707,19690509,  128,    0
100707,19690510,  106,    0
100707,19690511,  135,    0
100707,19690512,  148,    0
100707,19690513,  145,    0
100707,19690514,  124,    0
100707,19690515,  130,    0
100707,19690516,  110,    0
100707,19690517,  116,    0
100707,19690518,  124,    0
100707,19690519,   98,    0
100707,19690520,   70,    0
100707,19690521,  100,    0
100707,19690522,  116,    0
100707,19690523,  100,    0
100707,19690524,  112,    0
100707,19690525,  110,    0
100707,19690526,   70,    0
100707,19690527,  118,    0
100707,19690528,  112,    0
100707,19690529,   90,    0
100707,19690530,   90,    0
100707,19690531,  106,    0
100707,19690601,  108,    0
100707,19690602,  134,    0
100707,19690603,  126,    0
100707,19690604,  160,    0
100707,19690605,  130,    0
100707,19690606,  130,    0
100707,19690607,  123,    0
100707,19690608,  156,    0
100707,19690609,  136,    0
100707,19690610,  136,    0
100707,19690611,  125,    0
100707,19690612,  134,    0
100707,19690613,  140,    0
100707,19690614,  146,    0
100707,19690615,  144,    0
100707,19690616,  142,    0
100707,19690617,  106,    0
100707,19690618,  146,    0
100707,19690619,  104,    0
100707,19690620,  110,    0
100707,19690621,  146,    0
100707,19690622,  106,    0
100707,19690623,  136,    0
100707,19690624,  113,    0
100707,19690625,  146,    0
100707,19690626,  144,    0
100707,19690627,  180,    0
100707,19690628,  198,    0
100707,19690629,  200,    0
100707,19690630,  142,    0
100707,19690701,  146,    0
100707,19690702,  138,    0
100707,19690703,  190,    0
100707,19690704,  196,    0
100707,19690705,  194,    0
100707,19690706,  170,    0
100707,19690707,  180,    0
100707,19690708,  150,    0
100707,19690709,  170,    0
100707,19690710,  172,    0
100707,19690711,  143,    0
100707,19690712,  175,    0
100707,19690713,  174,    0
100707,19690714,  194,    0
100707,19690715,  181,    0
100707,19690716,  200,    0
100707,19690717,  190,    0
100707,19690718,  204,    0
100707,19690719,  186,    0
100707,19690720,  174,    0
100707,19690721,  166,    0
100707,19690722,  183,    0
100707,19690723,  190,    0
100707,19690724,  196,    0
100707,19690725,  184,    0
100707,19690726,  152,    0
100707,19690727,  153,    0
100707,19690728,  184,    0
100707,19690729,  190,    0
100707,19690730,  190,    0
100707,19690731,  180,    0
100707,19690801,  140,    0
100707,19690802,  126,    0
100707,19690803,  140,    0
100707,19690804,  173,    0
100707,19690805,  180,    0
100707,19690806,  176,    0
100707,19690807,  186,    0
100707,19690808,  188,    0
100707,19690809,  192,    0
100707,19690810,  142,    0
100707,19690811,  156,    0
100707,19690812,  146,    0
100707,19690813,  156,    0
100707,19690814,  140,    0
100707,19690815,  164,    0
100707,19690816,  152,    0
100707,19690817,  140,    0
100707,19690818,  148,    0
100707,19690819,  171,    0
100707,19690820,  183,    0
100707,19690821,  206,    0
100707,19690822,  152,    0
100707,19690823,  156,    0
100707,19690824,  150,    0
100707,19690825,  138,    0
100707,19690826,  140,    0
100707,19690827,  152,    0
100707,19690828,  146,    0
100707,19690829,  150,    0
100707,19690830,  186,    0
100707,19690831,  166,    0
100707,19690901,  162,    0
100707,19690902,  156,    0
100707,19690903,  148,    0
100707,19690904,  150,    0
100707,19690905,  136,    0
100707,19690906,  138,    0
100707,19690907,  136,    0
100707,19690908,  126,    0
100707,19690909,  144,    0
100707,19690910,  124,    0
100707,19690911,  138,    0
100707,19690912,  116,    0
100707,19690913,  114,    0
100707,19690914,  118,    0
100707,19690915,  164,    0
100707,19690916,  120,    0
100707,19690917,  148,    0
100707,19690918,  120,    0
100707,19690919,   88,    0
100707,19690920,  108,    0
100707,19690921,  102,    0
100707,19690922,  102,    0
100707,19690923,  106,    0
100707,19690924,   98,    0
100707,19690925,  138,    0
100707,19690926,  140,    0
100707,19690927,  142,    0
100707,19690928,  146,    0
100707,19690929,  142,    0
100707,19690930,  150,    0
100707,19691001,  142,    0
100707,19691002,  132,    0
100707,19691003,  164,    0
100707,19691004,  138,    0
100707,19691005,  154,    0
100707,19691006,  150,    0
100707,19691007,  150,    0
100707,19691008,  148,    0
100707,19691009,  138,    0
100707,19691010,  170,    0
100707,19691011,  166,    0
100707,19691012,  138,    0
100707,19691013,  120,    0
100707,19691014,  126,    0
100707,19691015,  106,    0
100707,19691016,  116,    0
100707,19691017,  116,    0
100707,19691018,  138,    0
100707,19691019,  126,    0
100707,19691020,  100,    0
100707,19691021,   90,    0
100707,19691022,  104,    0
100707,19691023,   96,    0
100707,19691024,  116,    0
100707,19691025,  102,    0
100707,19691026,   96,    0
100707,19691027,   88,    0
100707,19691028,  104,    0
100707,19691029,   56,    0
100707,19691030,   62,    0
100707,19691031,   54,    0
100707,19691101,   52,    0
100707,19691102,   52,    0
100707,19691103,   50,    0
100707,19691104,    0,    0
100707,19691105,   30,    0
100707,19691106,   27,    0
100707,19691107,  106,    0
100707,19691108,  114,    0
100707,19691109,   56,    0
100707,19691110,  100,    0
100707,19691111,  102,    0
100707,19691112,  134,    0
100707,19691113,   96,    0
100707,19691114,   40,    0
100707,19691115,   72,    0
100707,19691116,   30,    0
100707,19691117,   10,    0
100707,19691118,   10,    0
100707,19691119,   12,    0
100707,19691120,   80,    0
100707,19691121,   96,    0
100707,19691122,  106,    0
100707,19691123,   86,    0
100707,19691124,   70,    0
100707,19691125,   78,    0
100707,19691126,   32,    0
100707,19691127,   24,    0
100707,19691128,   12,    0
100707,19691129,   24,    0
100707,19691130,   24,    0
100707,19691201,   14,    0
100707,19691202,    6,    0
100707,19691203,   34,    0
100707,19691204,   50,    0
100707,19691205,   40,    0
100707,19691206,   28,    0
100707,19691207,   78,    0
100707,19691208,   36,    0
100707,19691209,   10,    0
100707,19691210,   -2,    0
100707,19691211,   24,    0
100707,19691212,   20,    0
100707,19691213,  -36,    0
100707,19691214,  -50,    0
100707,19691215,   44,    0
100707,19691216,   90,    0
100707,19691217,   74,    0
100707,19691218,   94,    0
100707,19691219,   34,    0
100707,19691220,   22,    0
100707,19691221,   44,    0
100707,19691222,   64,    0
100707,19691223,   26,    0
100707,19691224,  -12,    0
100707,19691225,   70,    0
100707,19691226,   30,    0
100707,19691227,   16,    0
100707,19691228,   -4,    0
100707,19691229,   44,    0
100707,19691230,   36,    0
100707,19691231,   50,    0
100707,19700101,   18,    0
100707,19700102,   30,    0
100707,19700103,   56,    0
100707,19700104,  116,    0
100707,19700105,  118,    0
100707,19700106,   96,    0
100707,19700107,   90,    0
100707,19700108,  136,    0
100707,19700109,  108,    0
100707,19700110,   96,    0
100707,19700111,   80,    0
100707,19700112,   70,    0
100707,19700113,  106,    0
100707,19700114,   92,    0
100707,19700115,   60,    0
100707,19700116,   34,    0
100707,19700117,   64,    0
100707,19700118,  110,    0
100707,19700119,   86,    0
100707,19700120,   88,    0
100707,19700121,   56,    0
100707,19700122,   72,    0
100707,19700123,   76,    0
100707,19700124,   88,    0
100707,19700125,   98,    0
100707,19700126,   52,    0
100707,19700127,   18,    0
100707,19700128,   66,    0
100707,19700129,   88,    0
100707,19700130,   98,    0
100707,19700131,   52,    0
100707,19700201,   96,    0
100707,19700202,   70,    0
100707,19700203,   68,    0
100707,19700204,   68,    0
100707,19700205,   64,    0
100707,19700206,   56,    0
100707,19700207,   76,    0
100707,19700208,   26,    0
100707,19700209,   56,    0
100707,19700210,   28,    0
100707,19700211,   60,    0
100707,19700212,   96,    0
100707,19700213,   64,    0
100707,19700214,   60,    0
100707,19700215,   -8,    0
100707,19700216,   20,    0
100707,19700217,    0,    0
100707,19700218,   32,    0
100707,19700219,   16,    0
100707,19700220,    6,    0
100707,19700221,   20,    0
100707,19700222,   20,    0
100707,19700223,   34,    0
100707,19700224,   54,    0
100707,19700225,   54,    0
100707,19700226,   38,    0
100707,19700227,   16,    0
100707,19700228,    2,    0
100707,19700301,   18,    0
100707,19700302,   16,    0
100707,19700303,   84,    0
100707,19700304,   20,    0
100707,19700305,   16,    0
100707,19700306,   12,    0
100707,19700307,   14,    0
100707,19700308,   38,    0
100707,19700309,   20,    0
100707,19700310,   18,    0
100707,19700311,   18,    0
100707,19700312,    6,    0
100707,19700313,   38,    0
100707,19700314,   28,    0
100707,19700315,   32,    0
100707,19700316,   28,    0
100707,19700317,   24,    0
100707,19700318,   22,    0
100707,19700319,   60,    0
100707,19700320,   54,    0
100707,19700321,  102,    0
100707,19700322,  110,    0
100707,19700323,   74,    0
100707,19700324,   22,    0
100707,19700325,   40,    0
100707,19700326,   32,    0
100707,19700327,   72,    0
100707,19700328,   80,    0
100707,19700329,   30,    0
100707,19700330,   74,    0
100707,19700331,   96,    0
100707,19700401,  108,    0
100707,19700402,  112,    0
100707,19700403,   36,    0
100707,19700404,   24,    0
100707,19700405,   34,    0
100707,19700406,   64,    0
100707,19700407,   76,    0
100707,19700408,   60,    0
100707,19700409,   40,    0
100707,19700410,   82,    0
100707,19700411,   50,    0
100707,19700412,  118,    0
100707,19700413,   80,    0
100707,19700414,   70,    0
100707,19700415,   96,    0
100707,19700416,   96,    0
100707,19700417,  100,    0
100707,19700418,  136,    0
100707,19700419,   86,    0
100707,19700420,   74,    0
100707,19700421,   56,    0
100707,19700422,   56,    0
100707,19700423,   96,    0
100707,19700424,    6,    0
100707,19700425,   90,    0
100707,19700426,   80,    0
100707,19700427,   59,    0
100707,19700428,   46,    0
100707,19700429,   46,    0
100707,19700430,   30,    0
100707,19700501,   80,    0
100707,19700502,   67,    0
100707,19700503,   96,    0
100707,19700504,  110,    0
100707,19700505,  114,    0
100707,19700506,   86,    0
100707,19700507,   54,    0
100707,19700508,   76,    0
100707,19700509,   56,    0
100707,19700510,   48,    0
100707,19700511,   76,    0
100707,19700512,   96,    0
100707,19700513,   83,    0
100707,19700514,  106,    0
100707,19700515,  102,    0
100707,19700516,   93,    0
100707,19700517,   90,    0
100707,19700518,  104,    0
100707,19700519,   96,    0
100707,19700520,   92,    0
100707,19700521,  100,    0
100707,19700522,  105,    0
100707,19700523,  132,    0
100707,19700524,  142,    0
100707,19700525,  144,    0
100707,19700526,  176,    0
100707,19700527,  154,    0
100707,19700528,  170,    0
100707,19700529,  154,    0
100707,19700530,  154,    0
100707,19700531,  186,    0
100707,19700601,  186,    0
100707,19700602,  176,    0
100707,19700603,  160,    0
100707,19700604,  176,    0
100707,19700605,  154,    0
100707,19700606,  112,    0
100707,19700607,  136,    0
100707,19700608,  144,    0
100707,19700609,  132,    0
100707,19700610,  134,    0
100707,19700611,  146,    0
100707,19700612,  126,    0
100707,19700613,  132,    0
100707,19700614,  146,    0
100707,19700615,  146,    0
100707,19700616,  122,    0
100707,19700617,  120,    0
100707,19700618,  140,    0
100707,19700619,  120,    0
100707,19700620,  132,    0
100707,19700621,  156,    0
100707,19700622,  144,    0
100707,19700623,  136,    0
100707,19700624,  166,    0
100707,19700625,  160,    0
100707,19700626,  212,    0
100707,19700627,  152,    0
100707,19700628,  124,    0
100707,19700629,  156,    0
100707,19700630,  146,    0
100707,19700701,  156,    0
100707,19700702,  176,    0
100707,19700703,  150,    0
100707,19700704,  182,    0
100707,19700705,  176,    0
100707,19700706,  126,    0
100707,19700707,  182,    0
100707,19700708,  156,    0
100707,19700709,  164,    0
100707,19700710,  170,    0
100707,19700711,  190,    0
100707,19700712,  178,    0
100707,19700713,  168,    0
100707,19700714,  158,    0
100707,19700715,  196,    0
100707,19700716,  200,    0
100707,19700717,  190,    0
100707,19700718,  171,    0
100707,19700719,  198,    0
100707,19700720,  170,    0
100707,19700721,  158,    0
100707,19700722,  144,    0
100707,19700723,  144,    0
100707,19700724,  158,    0
100707,19700725,  172,    0
100707,19700726,  174,    0
100707,19700727,  162,    0
100707,19700728,  168,    0
100707,19700729,  168,    0
100707,19700730,  146,    0
100707,19700731,  168,    0
100707,19700801,  174,    0
100707,19700802,  200,    0
100707,19700803,  172,    0
100707,19700804,  150,    0
100707,19700805,  146,    0
100707,19700806,  130,    0
100707,19700807,  166,    0
100707,19700808,  174,    0
100707,19700809,  154,    0
100707,19700810,  190,    0
100707,19700811,  182,    0
100707,19700812,  188,    0
100707,19700813,  150,    0
100707,19700814,  140,    0
100707,19700815,  140,    0
100707,19700816,  108,    0
100707,19700817,  160,    0
100707,19700818,  156,    0
100707,19700819,  146,    0
100707,19700820,  130,    0
100707,19700821,  130,    0
100707,19700822,  136,    0
100707,19700823,  140,    0
100707,19700824,  152,    0
100707,19700825,  166,    0
100707,19700826,  180,    0
100707,19700827,  210,    0
100707,19700828,  156,    0
100707,19700829,  152,    0
100707,19700830,  170,    0
100707,19700831,  180,    0
100707,19700901,  160,    0
100707,19700902,  165,    0
100707,19700903,  160,    0
100707,19700904,  160,    0
100707,19700905,  164,    0
100707,19700906,  195,    0
100707,19700907,  180,    0
100707,19700908,  168,    0
100707,19700909,  140,    0
100707,19700910,  136,    0
100707,19700911,  106,    0
100707,19700912,   94,    0
100707,19700913,  134,    0
100707,19700914,  132,    0
100707,19700915,  136,    0
100707,19700916,  114,    0
100707,19700917,  124,    0
100707,19700918,  160,    0
100707,19700919,  140,    0
100707,19700920,  158,    0
100707,19700921,  145,    0
100707,19700922,  142,    0
100707,19700923,  152,    0
100707,19700924,  126,    0
100707,19700925,  110,    0
100707,19700926,  140,    0
100707,19700927,  156,    0
100707,19700928,  152,    0
100707,19700929,  146,    0
100707,19700930,  136,    0
100707,19701001,  188,    0
100707,19701002,  162,    0
100707,19701003,  104,    0
100707,19701004,  130,    0
100707,19701005,   78,    0
100707,19701006,  122,    0
100707,19701007,  126,    0
100707,19701008,   68,    0
100707,19701009,   46,    0
100707,19701010,   30,    0
100707,19701011,   52,    0
100707,19701012,   64,    0
100707,19701013,   68,    0
100707,19701014,   70,    0
100707,19701015,   72,    0
100707,19701016,   84,    0
100707,19701017,   74,    0
100707,19701018,   78,    0
100707,19701019,   76,    0
100707,19701020,   78,    0
100707,19701021,   90,    0
100707,19701022,   20,    0
100707,19701023,   18,    0
100707,19701024,  -12,    0
100707,19701025,   40,    0
100707,19701026,   20,    0
100707,19701027,   36,    0
100707,19701028,  116,    0
100707,19701029,   92,    0
100707,19701030,   94,    0
100707,19701031,   74,    0
100707,19701101,   70,    0
100707,19701102,   74,    0
100707,19701103,   56,    0
100707,19701104,   30,    0
100707,19701105,   44,    0
100707,19701106,   58,    0
100707,19701107,  105,    0
100707,19701108,   72,    0
100707,19701109,   64,    0
100707,19701110,   52,    0
100707,19701111,   40,    0
100707,19701112,   54,    0
100707,19701113,   70,    0
100707,19701114,   63,    0
100707,19701115,   78,    0
100707,19701116,   82,    0
100707,19701117,   52,    0
100707,19701118,  125,    0
100707,19701119,  140,    0
100707,19701120,  115,    0
100707,19701121,   90,    0
100707,19701122,   46,    0
100707,19701123,   44,    0
100707,19701124,   64,    0
100707,19701125,   86,    0
100707,19701126,   92,    0
100707,19701127,  122,    0
100707,19701128,  136,    0
100707,19701129,   86,    0
100707,19701130,   46,    0
100707,19701201,   32,    0
100707,19701202,   14,    0
100707,19701203,    8,    0
100707,19701204,   20,    0
100707,19701205,    0,    0
100707,19701206,   10,    0
100707,19701207,   27,    0
100707,19701208,   20,    0
100707,19701209,  -12,    0
100707,19701210,   56,    0
100707,19701211,   74,    0
100707,19701212,   52,    0
100707,19701213,   16,    0
100707,19701214,   14,    0
100707,19701215,  -12,    0
100707,19701216,  -22,    0
100707,19701217,  -24,    0
100707,19701218,  -24,    0
100707,19701219,  -35,    0
100707,19701220,  -26,    0
100707,19701221,  -20,    0
100707,19701222,  -20,    0
100707,19701223,  -26,    0
100707,19701224,  -48,    0
100707,19701225,  -46,    0
100707,19701226,   20,    0
100707,19701227,  -22,    0
100707,19701228,   34,    0
100707,19701229,   -4,    0
100707,19701230,   26,    0
100707,19701231,   16,    0
100707,19710101,  -18,    0
100707,19710102,  -50,    0
100707,19710103,   -4,    0
100707,19710104,  -14,    0
100707,19710105,   36,    0
100707,19710106,   58,    0
100707,19710107,   14,    0
100707,19710108,   14,    0
100707,19710109,    8,    0
100707,19710110,   12,    0
100707,19710111,   34,    0
100707,19710112,   70,    0
100707,19710113,   38,    0
100707,19710114,   60,    0
100707,19710115,    0,    0
100707,19710116,   -6,    0
100707,19710117,   30,    0
100707,19710118,   50,    0
100707,19710119,  100,    0
100707,19710120,   66,    0
100707,19710121,   66,    0
100707,19710122,   40,    0
100707,19710123,  110,    0
100707,19710124,   78,    0
100707,19710125,  100,    0
100707,19710126,   76,    0
100707,19710127,   86,    0
100707,19710128,   22,    0
100707,19710129,   31,    0
100707,19710130,  -16,    0
100707,19710131,   30,    0
100707,19710201,    0,    0
100707,19710202,   28,    0
100707,19710203,    5,    0
100707,19710204,   30,    0
100707,19710205,   22,    0
100707,19710206,   35,    0
100707,19710207,    0,    0
100707,19710208,   -2,    0
100707,19710209,   24,    0
100707,19710210,   38,    0
100707,19710211,   68,    0
100707,19710212,   42,    0
100707,19710213,   26,    0
100707,19710214,   30,    0
100707,19710215,   35,    0
100707,19710216,   82,    0
100707,19710217,   86,    0
100707,19710218,   72,    0
100707,19710219,   68,    0
100707,19710220,   40,    0
100707,19710221,   20,    0
100707,19710222,   30,    0
100707,19710223,   32,    0
100707,19710224,    6,    0
100707,19710225,   24,    0
100707,19710226,    4,    0
100707,19710227,    0,    0
100707,19710228,   62,    0
100707,19710301,   62,    0
100707,19710302,    0,    0
100707,19710303,   16,    0
100707,19710304,   14,    0
100707,19710305,   22,    0
100707,19710306,  -20,    0
100707,19710307,  -10,    0
100707,19710308,   20,    0
100707,19710309,    2,    0
100707,19710310,  -23,    0
100707,19710311,   50,    0
100707,19710312,   38,    0
100707,19710313,   60,    0
100707,19710314,   68,    0
100707,19710315,   34,    0
100707,19710316,   66,    0
100707,19710317,   50,    0
100707,19710318,   92,    0
100707,19710319,   50,    0
100707,19710320,   30,    0
100707,19710321,   36,    0
100707,19710322,   34,    0
100707,19710323,   36,    0
100707,19710324,   30,    0
100707,19710325,   12,    0
100707,19710326,   44,    0
100707,19710327,   66,    0
100707,19710328,   60,    0
100707,19710329,   16,    0
100707,19710330,   70,    0
100707,19710331,   48,    0
100707,19710401,   55,    0
100707,19710402,   60,    0
100707,19710403,   54,    0
100707,19710404,   68,    0
100707,19710405,   85,    0
100707,19710406,   96,    0
100707,19710407,   94,    0
100707,19710408,   88,    0
100707,19710409,   98,    0
100707,19710410,   85,    0
100707,19710411,   53,    0
100707,19710412,   98,    0
100707,19710413,  104,    0
100707,19710414,   60,    0
100707,19710415,   62,    0
100707,19710416,   80,    0
100707,19710417,   64,    0
100707,19710418,   78,    0
100707,19710419,   97,    0
100707,19710420,  106,    0
100707,19710421,  100,    0
100707,19710422,  104,    0
100707,19710423,  100,    0
100707,19710424,   46,    0
100707,19710425,   86,    0
100707,19710426,   96,    0
100707,19710427,  106,    0
100707,19710428,  112,    0
100707,19710429,  104,    0
100707,19710430,  100,    0
100707,19710501,  120,    0
100707,19710502,   70,    0
100707,19710503,   66,    0
100707,19710504,   70,    0
100707,19710505,  110,    0
100707,19710506,  100,    0
100707,19710507,   98,    0
100707,19710508,  102,    0
100707,19710509,   98,    0
100707,19710510,  108,    0
100707,19710511,  110,    0
100707,19710512,  130,    0
100707,19710513,  108,    0
100707,19710514,  130,    0
100707,19710515,  100,    0
100707,19710516,   96,    0
100707,19710517,  100,    0
100707,19710518,   98,    0
100707,19710519,   82,    0
100707,19710520,  110,    0
100707,19710521,  100,    0
100707,19710522,  114,    0
100707,19710523,  100,    0
100707,19710524,   98,    0
100707,19710525,   64,    0
100707,19710526,   70,    0
100707,19710527,   70,    0
100707,19710528,   80,    0
100707,19710529,   96,    0
100707,19710530,   86,    0
100707,19710531,   98,    0
100707,19710601,  110,    0
100707,19710602,  110,    0
100707,19710603,  104,    0
100707,19710604,  100,    0
100707,19710605,  106,    0
100707,19710606,  116,    0
100707,19710607,  106,    0
100707,19710608,  110,    0
100707,19710609,  110,    0
100707,19710610,  102,    0
100707,19710611,  118,    0
100707,19710612,   92,    0
100707,19710613,  120,    0
100707,19710614,  106,    0
100707,19710615,   80,    0
100707,19710616,   90,    0
100707,19710617,  106,    0
100707,19710618,  136,    0
100707,19710619,  124,    0
100707,19710620,  126,    0
100707,19710621,  150,    0
100707,19710622,  150,    0
100707,19710623,  140,    0
100707,19710624,  120,    0
100707,19710625,  132,    0
100707,19710626,  120,    0
100707,19710627,  146,    0
100707,19710628,  156,    0
100707,19710629,  176,    0
100707,19710630,  192,    0
100707,19710701,  195,    0
100707,19710702,  166,    0
100707,19710703,  174,    0
100707,19710704,  150,    0
100707,19710705,  164,    0
100707,19710706,  180,    0
100707,19710707,  180,    0
100707,19710708,  196,    0
100707,19710709,  180,    0
100707,19710710,  173,    0
100707,19710711,  168,    0
100707,19710712,  192,    0
100707,19710713,  180,    0
100707,19710714,  162,    0
100707,19710715,  176,    0
100707,19710716,  166,    0
100707,19710717,  166,    0
100707,19710718,  134,    0
100707,19710719,  156,    0
100707,19710720,  135,    0
100707,19710721,  116,    0
100707,19710722,  144,    0
100707,19710723,  166,    0
100707,19710724,  174,    0
100707,19710725,  166,    0
100707,19710726,  164,    0
100707,19710727,  146,    0
100707,19710728,  120,    0
100707,19710729,  170,    0
100707,19710730,  188,    0
100707,19710731,  156,    0
100707,19710801,  110,    0
100707,19710802,  114,    0
100707,19710803,  146,    0
100707,19710804,  120,    0
100707,19710805,  136,    0
100707,19710806,  130,    0
100707,19710807,  102,    0
100707,19710808,  150,    0
100707,19710809,  140,    0
100707,19710810,  140,    0
100707,19710811,  156,    0
100707,19710812,  164,    0
100707,19710813,  176,    0
100707,19710814,  156,    0
100707,19710815,  126,    0
100707,19710816,  146,    0
100707,19710817,  160,    0
100707,19710818,  126,    0
100707,19710819,  126,    0
100707,19710820,  126,    0
100707,19710821,  150,    0
100707,19710822,  128,    0
100707,19710823,  156,    0
100707,19710824,  126,    0
100707,19710825,  106,    0
100707,19710826,  130,    0
100707,19710827,  146,    0
100707,19710828,  128,    0
100707,19710829,  180,    0
100707,19710830,  130,    0
100707,19710831,  154,    0
100707,19710901,  144,    0
100707,19710902,  160,    0
100707,19710903,  170,    0
100707,19710904,  190,    0
100707,19710905,  174,    0
100707,19710906,  155,    0
100707,19710907,  155,    0
100707,19710908,  146,    0
100707,19710909,  140,    0
100707,19710910,  158,    0
100707,19710911,  128,    0
100707,19710912,  158,    0
100707,19710913,  140,    0
100707,19710914,  146,    0
100707,19710915,  165,    0
100707,19710916,  138,    0
100707,19710917,  126,    0
100707,19710918,  136,    0
100707,19710919,  110,    0
100707,19710920,  120,    0
100707,19710921,   92,    0
100707,19710922,   82,    0
100707,19710923,  190,    0
100707,19710924,  140,    0
100707,19710925,  128,    0
100707,19710926,  122,    0
100707,19710927,  122,    0
100707,19710928,  132,    0
100707,19710929,  104,    0
100707,19710930,  116,    0
100707,19711001,  120,    0
100707,19711002,  180,    0
100707,19711003,  164,    0
100707,19711004,  158,    0
100707,19711005,  144,    0
100707,19711006,  126,    0
100707,19711007,  140,    0
100707,19711008,  148,    0
100707,19711009,  130,    0
100707,19711010,  110,    0
100707,19711011,  118,    0
100707,19711012,  166,    0
100707,19711013,  136,    0
100707,19711014,  172,    0
100707,19711015,  134,    0
100707,19711016,  140,    0
100707,19711017,  166,    0
100707,19711018,  106,    0
100707,19711019,   96,    0
100707,19711020,   94,    0
100707,19711021,   76,    0
100707,19711022,   94,    0
100707,19711023,   80,    0
100707,19711024,   96,    0
100707,19711025,  108,    0
100707,19711026,   78,    0
100707,19711027,   78,    0
100707,19711028,   82,    0
100707,19711029,   84,    0
100707,19711030,   94,    0
100707,19711031,   80,    0
100707,19711101,   84,    0
100707,19711102,  100,    0
100707,19711103,   86,    0
100707,19711104,   64,    0
100707,19711105,   56,    0
100707,19711106,   82,    0
100707,19711107,   60,    0
100707,19711108,   66,    0
100707,19711109,   74,    0
100707,19711110,   48,    0
100707,19711111,   30,    0
100707,19711112,   -2,    0
100707,19711113,  -28,    0
100707,19711114,  -24,    0
100707,19711115,   46,    0
100707,19711116,   20,    0
100707,19711117,    0,    0
100707,19711118,  -14,    0
100707,19711119,   -6,    0
100707,19711120,   28,    0
100707,19711121,   -4,    0
100707,19711122,   72,    0
100707,19711123,   16,    0
100707,19711124,   36,    0
100707,19711125,    6,    0
100707,19711126,   14,    0
100707,19711127,  -36,    0
100707,19711128,   -6,    0
100707,19711129,   42,    0
100707,19711130,   84,    0
100707,19711201,   55,    0
100707,19711202,   26,    0
100707,19711203,   58,    0
100707,19711204,   44,    0
100707,19711205,   23,    0
100707,19711206,    4,    0
100707,19711207,   16,    0
100707,19711208,   22,    0
100707,19711209,  -12,    0
100707,19711210,  -20,    0
100707,19711211,  -32,    0
100707,19711212,  -46,    0
100707,19711213,  -30,    0
100707,19711214,   10,    0
100707,19711215,    5,    0
100707,19711216,   82,    0
100707,19711217,   48,    0
100707,19711218,   30,    0
100707,19711219,   10,    0
100707,19711220,   30,    0
100707,19711221,   36,    0
100707,19711222,    6,    0
100707,19711223,   74,    0
100707,19711224,   56,    0
100707,19711225,   26,    0
100707,19711226,   42,    0
100707,19711227,   52,    0
100707,19711228,   44,    0
100707,19711229,   56,    0
100707,19711230,   34,    0
100707,19711231,   14,    0
100707,19720101,   16,    0
100707,19720102,   30,    0
100707,19720103,    0,    0
100707,19720104,   14,    0
100707,19720105,   58,    0
100707,19720106,   36,    0
100707,19720107,   26,    0
100707,19720108,   50,    0
100707,19720109,  102,    0
100707,19720110,   40,    0
100707,19720111,   26,    0
100707,19720112,   36,    0
100707,19720113,   42,    0
100707,19720114,   26,    0
100707,19720115,   62,    0
100707,19720116,   40,    0
100707,19720117,   28,    0
100707,19720118,   30,    0
100707,19720119,    8,    0
100707,19720120,   54,    0
100707,19720121,   20,    0
100707,19720122,   26,    0
100707,19720123,   -2,    0
100707,19720124,  -26,    0
100707,19720125,   42,    0
100707,19720126,   22,    0
100707,19720127,   40,    0
100707,19720128,   30,    0
100707,19720129,  -16,    0
100707,19720130,   26,    0
100707,19720131,    6,    0
100707,19720201,   72,    0
100707,19720202,   76,    0
100707,19720203,   72,    0
100707,19720204,   64,    0
100707,19720205,   58,    0
100707,19720206,   90,    0
100707,19720207,   84,    0
100707,19720208,   74,    0
100707,19720209,   62,    0
100707,19720210,   88,    0
100707,19720211,  108,    0
100707,19720212,   68,    0
100707,19720213,   76,    0
100707,19720214,   20,    0
100707,19720215,   26,    0
100707,19720216,   60,    0
100707,19720217,   38,    0
100707,19720218,   46,    0
100707,19720219,   36,    0
100707,19720220,   76,    0
100707,19720221,   82,    0
100707,19720222,   64,    0
100707,19720223,   56,    0
100707,19720224,   40,    0
100707,19720225,   36,    0
100707,19720226,   66,    0
100707,19720227,   32,    0
100707,19720228,   62,    0
100707,19720229,   46,    0
100707,19720301,   46,    0
100707,19720302,   14,    0
100707,19720303,   72,    0
100707,19720304,  100,    0
100707,19720305,  100,    0
100707,19720306,   98,    0
100707,19720307,   62,    0
100707,19720308,   16,    0
100707,19720309,   30,    0
100707,19720310,   72,    0
100707,19720311,   54,    0
100707,19720312,   40,    0
100707,19720313,   44,    0
100707,19720314,   77,    0
100707,19720315,    4,    0
100707,19720316,   46,    0
100707,19720317,   35,    0
100707,19720318,   84,    0
100707,19720319,   78,    0
100707,19720320,   54,    0
100707,19720321,   35,    0
100707,19720322,   44,    0
100707,19720323,   80,    0
100707,19720324,   84,    0
100707,19720325,   60,    0
100707,19720326,   98,    0
100707,19720327,   54,    0
100707,19720328,   64,    0
100707,19720329,  104,    0
100707,19720330,   73,    0
100707,19720331,   70,    0
100707,19720401,   72,    0
100707,19720402,   68,    0
100707,19720403,   70,    0
100707,19720404,   90,    0
100707,19720405,  120,    0
100707,19720406,   76,    0
100707,19720407,  102,    0
100707,19720408,   66,    0
100707,19720409,   74,    0
100707,19720410,   40,    0
100707,19720411,  114,    0
100707,19720412,   64,    0
100707,19720413,   62,    0
100707,19720414,   80,    0
100707,19720415,   72,    0
100707,19720416,   60,    0
100707,19720417,   72,    0
100707,19720418,   56,    0
100707,19720419,   58,    0
100707,19720420,   86,    0
100707,19720421,   66,    0
100707,19720422,   56,    0
100707,19720423,   56,    0
100707,19720424,   60,    0
100707,19720425,   72,    0
100707,19720426,   80,    0
100707,19720427,   36,    0
100707,19720428,   32,    0
100707,19720429,   80,    0
100707,19720430,   98,    0
100707,19720501,   54,    0
100707,19720502,   76,    0
100707,19720503,   78,    0
100707,19720504,   80,    0
100707,19720505,   96,    0
100707,19720506,   64,    0
100707,19720507,   54,    0
100707,19720508,   82,    0
100707,19720509,  106,    0
100707,19720510,   90,    0
100707,19720511,  110,    0
100707,19720512,  110,    0
100707,19720513,   90,    0
100707,19720514,   52,    0
100707,19720515,   66,    0
100707,19720516,   80,    0
100707,19720517,   60,    0
100707,19720518,   54,    0
100707,19720519,  106,    0
100707,19720520,   60,    0
100707,19720521,   80,    0
100707,19720522,  136,    0
100707,19720523,   76,    0
100707,19720524,  106,    0
100707,19720525,  146,    0
100707,19720526,  164,    0
100707,19720527,  158,    0
100707,19720528,  156,    0
100707,19720529,  174,    0
100707,19720530,  122,    0
100707,19720531,  142,    0
100707,19720601,  150,    0
100707,19720602,  121,    0
100707,19720603,  118,    0
100707,19720604,  103,    0
100707,19720605,  124,    0
100707,19720606,   83,    0
100707,19720607,  116,    0
100707,19720608,  116,    0
100707,19720609,  146,    0
100707,19720610,  106,    0
100707,19720611,   94,    0
100707,19720612,   94,    0
100707,19720613,  130,    0
100707,19720614,  120,    0
100707,19720615,  120,    0
100707,19720616,  114,    0
100707,19720617,  124,    0
100707,19720618,  124,    0
100707,19720619,  130,    0
100707,19720620,  135,    0
100707,19720621,  126,    0
100707,19720622,  150,    0
100707,19720623,  156,    0
100707,19720624,  133,    0
100707,19720625,  144,    0
100707,19720626,  120,    0
100707,19720627,  134,    0
100707,19720628,  112,    0
100707,19720629,  102,    0
100707,19720630,  114,    0
100707,19720701,  130,    0
100707,19720702,  130,    0
100707,19720703,  182,    0
100707,19720704,  170,    0
100707,19720705,  146,    0
100707,19720706,  168,    0
100707,19720707,  160,    0
100707,19720708,  160,    0
100707,19720709,  152,    0
100707,19720710,  168,    0
100707,19720711,  156,    0
100707,19720712,  158,    0
100707,19720713,  156,    0
100707,19720714,  170,    0
100707,19720715,  170,    0
100707,19720716,  137,    0
100707,19720717,  144,    0
100707,19720718,  144,    0
100707,19720719,  150,    0
100707,19720720,  150,    0
100707,19720721,  148,    0
100707,19720722,  170,    0
100707,19720723,  168,    0
100707,19720724,  184,    0
100707,19720725,  184,    0
100707,19720726,  176,    0
100707,19720727,  158,    0
100707,19720728,  170,    0
100707,19720729,  178,    0
100707,19720730,  186,    0
100707,19720731,  146,    0
100707,19720801,  144,    0
100707,19720802,  148,    0
100707,19720803,  160,    0
100707,19720804,  122,    0
100707,19720805,  160,    0
100707,19720806,  174,    0
100707,19720807,  175,    0
100707,19720808,  176,    0
100707,19720809,  188,    0
100707,19720810,  142,    0
100707,19720811,  158,    0
100707,19720812,  125,    0
100707,19720813,  153,    0
100707,19720814,  140,    0
100707,19720815,  160,    0
100707,19720816,  160,    0
100707,19720817,  162,    0
100707,19720818,  156,    0
100707,19720819,  175,    0
100707,19720820,  176,    0
100707,19720821,  170,    0
100707,19720822,  180,    0
100707,19720823,  175,    0
100707,19720824,  200,    0
100707,19720825,  156,    0
100707,19720826,  156,    0
100707,19720827,  154,    0
100707,19720828,  145,    0
100707,19720829,  125,    0
100707,19720830,  140,    0
100707,19720831,  150,    0
100707,19720901,  150,    0
100707,19720902,  172,    0
100707,19720903,  164,    0
100707,19720904,  158,    0
100707,19720905,  140,    0
100707,19720906,  132,    0
100707,19720907,  146,    0
100707,19720908,  136,    0
100707,19720909,  138,    0
100707,19720910,  170,    0
100707,19720911,  148,    0
100707,19720912,  156,    0
100707,19720913,  166,    0
100707,19720914,  158,    0
100707,19720915,  110,    0
100707,19720916,   96,    0
100707,19720917,   68,    0
100707,19720918,  122,    0
100707,19720919,  116,    0
100707,19720920,  126,    0
100707,19720921,   76,    0
100707,19720922,   98,    0
100707,19720923,  150,    0
100707,19720924,  130,    0
100707,19720925,  136,    0
100707,19720926,  156,    0
100707,19720927,  150,    0
100707,19720928,  156,    0
100707,19720929,  130,    0
100707,19720930,  136,    0
100707,19721001,  140,    0
100707,19721002,  110,    0
100707,19721003,  150,    0
100707,19721004,  140,    0
100707,19721005,  164,    0
100707,19721006,  160,    0
100707,19721007,  122,    0
100707,19721008,  118,    0
100707,19721009,  124,    0
100707,19721010,  128,    0
100707,19721011,  114,    0
100707,19721012,  104,    0
100707,19721013,   76,    0
100707,19721014,   74,    0
100707,19721015,  108,    0
100707,19721016,  112,    0
100707,19721017,  136,    0
100707,19721018,  134,    0
100707,19721019,  124,    0
100707,19721020,  122,    0
100707,19721021,  128,    0
100707,19721022,   88,    0
100707,19721023,   56,    0
100707,19721024,   98,    0
100707,19721025,  142,    0
100707,19721026,  146,    0
100707,19721027,   96,    0
100707,19721028,   66,    0
100707,19721029,   52,    0
100707,19721030,   56,    0
100707,19721031,  106,    0
100707,19721101,  106,    0
100707,19721102,  110,    0
100707,19721103,   82,    0
100707,19721104,   90,    0
100707,19721105,   80,    0
100707,19721106,   96,    0
100707,19721107,  100,    0
100707,19721108,   86,    0
100707,19721109,   64,    0
100707,19721110,   66,    0
100707,19721111,   78,    0
100707,19721112,   50,    0
100707,19721113,   60,    0
100707,19721114,   60,    0
100707,19721115,  124,    0
100707,19721116,  116,    0
100707,19721117,   66,    0
100707,19721118,   90,    0
100707,19721119,  116,    0
100707,19721120,  136,    0
100707,19721121,  110,    0
100707,19721122,   98,    0
100707,19721123,   94,    0
100707,19721124,   90,    0
100707,19721125,   74,    0
100707,19721126,   36,    0
100707,19721127,   14,    0
100707,19721128,   68,    0
100707,19721129,   48,    0
100707,19721130,   32,    0
100707,19721201,   46,    0
100707,19721202,   80,    0
100707,19721203,   32,    0
100707,19721204,   10,    0
100707,19721205,   75,    0
100707,19721206,   76,    0
100707,19721207,  120,    0
100707,19721208,   80,    0
100707,19721209,   96,    0
100707,19721210,   84,    0
100707,19721211,   56,    0
100707,19721212,   48,    0
100707,19721213,   68,    0
100707,19721214,   24,    0
100707,19721215,   60,    0
100707,19721216,  100,    0
100707,19721217,   66,    0
100707,19721218,   60,    0
100707,19721219,   32,    0
100707,19721220,    8,    0
100707,19721221,   14,    0
100707,19721222,   -8,    0
100707,19721223,   12,    0
100707,19721224,   40,    0
100707,19721225,   40,    0
100707,19721226,   40,    0
100707,19721227,  100,    0
100707,19721228,   60,    0
100707,19721229,   22,    0
100707,19721230,   -4,    0
100707,19721231,  -22,    0
100707,19730101,   18,    0
100707,19730102,  -24,    0
100707,19730103,  -22,    0
100707,19730104,  -20,    0
100707,19730105,  -22,    0
100707,19730106,  -30,    0
100707,19730107,  -24,    0
100707,19730108,  -10,    0
100707,19730109,  -24,    0
100707,19730110,  -40,    0
100707,19730111,   42,    0
100707,19730112,   70,    0
100707,19730113,   56,    0
100707,19730114,   10,    0
100707,19730115,   82,    0
100707,19730116,   60,    0
100707,19730117,   96,    0
100707,19730118,   30,    0
100707,19730119,   64,    0
100707,19730120,   86,    0
100707,19730121,   64,    0
100707,19730122,   30,    0
100707,19730123,   16,    0
100707,19730124,   10,    0
100707,19730125,   16,    0
100707,19730126,   26,    0
100707,19730127,   20,    0
100707,19730128,   16,    0
100707,19730129,   26,    0
100707,19730130,   40,    0
100707,19730131,   38,    0
100707,19730201,   66,    0
100707,19730202,   40,    0
100707,19730203,  -14,    0
100707,19730204,  -16,    0
100707,19730205,    0,    0
100707,19730206,    0,    0
100707,19730207,  -10,    0
100707,19730208,   20,    0
100707,19730209,   60,    0
100707,19730210,   46,    0
100707,19730211,    0,    0
100707,19730212,   -6,    0
100707,19730213,   24,    0
100707,19730214,   42,    0
100707,19730215,   24,    0
100707,19730216,   24,    0
100707,19730217,    6,    0
100707,19730218,    6,    0
100707,19730219,   -4,    0
100707,19730220,   34,    0
100707,19730221,   26,    0
100707,19730222,   36,    0
100707,19730223,   14,    0
100707,19730224,   26,    0
100707,19730225,   80,    0
100707,19730226,   94,    0
100707,19730227,   70,    0
100707,19730228,   40,    0
100707,19730301,   14,    0
100707,19730302,  -14,    0
100707,19730303,    6,    0
100707,19730304,   28,    0
100707,19730305,   18,    0
100707,19730306,   25,    0
100707,19730307,   32,    0
100707,19730308,   18,    0
100707,19730309,    3,    0
100707,19730310,   40,    0
100707,19730311,   74,    0
100707,19730312,   78,    0
100707,19730313,   80,    0
100707,19730314,   50,    0
100707,19730315,    6,    0
100707,19730316,    8,    0
100707,19730317,  -14,    0
100707,19730318,   -2,    0
100707,19730319,    0,    0
100707,19730320,   80,    0
100707,19730321,   98,    0
100707,19730322,   95,    0
100707,19730323,   57,    0
100707,19730324,   60,    0
100707,19730325,   42,    0
100707,19730326,   35,    0
100707,19730327,   85,    0
100707,19730328,  114,    0
100707,19730329,   76,    0
100707,19730330,   60,    0
100707,19730331,   45,    0
100707,19730401,   20,    0
100707,19730402,   34,    0
100707,19730403,   70,    0
100707,19730404,   50,    0
100707,19730405,   50,    0
100707,19730406,   60,    0
100707,19730407,   70,    0
100707,19730408,  110,    0
100707,19730409,   48,    0
100707,19730410,   24,    0
100707,19730411,   -2,    0
100707,19730412,   28,    0
100707,19730413,   44,    0
100707,19730414,   42,    0
100707,19730415,   86,    0
100707,19730416,   80,    0
100707,19730417,   66,    0
100707,19730418,   36,    0
100707,19730419,   46,    0
100707,19730420,   80,    0
100707,19730421,   82,    0
100707,19730422,   80,    0
100707,19730423,   68,    0
100707,19730424,   70,    0
100707,19730425,   70,    0
100707,19730426,  108,    0
100707,19730427,   86,    0
100707,19730428,  120,    0
100707,19730429,  100,    0
100707,19730430,  120,    0
100707,19730501,  116,    0
100707,19730502,  130,    0
100707,19730503,  128,    0
100707,19730504,   90,    0
100707,19730505,   96,    0
100707,19730506,   70,    0
100707,19730507,   72,    0
100707,19730508,   86,    0
100707,19730509,   84,    0
100707,19730510,   88,    0
100707,19730511,  104,    0
100707,19730512,   90,    0
100707,19730513,  110,    0
100707,19730514,  118,    0
100707,19730515,  126,    0
100707,19730516,  130,    0
100707,19730517,  120,    0
100707,19730518,  106,    0
100707,19730519,  114,    0
100707,19730520,  120,    0
100707,19730521,  106,    0
100707,19730522,  106,    0
100707,19730523,  106,    0
100707,19730524,  120,    0
100707,19730525,  160,    0
100707,19730526,  162,    0
100707,19730527,  136,    0
100707,19730528,  106,    0
100707,19730529,  112,    0
100707,19730530,  144,    0
100707,19730531,  148,    0
100707,19730601,  120,    0
100707,19730602,  110,    0
100707,19730603,  135,    0
100707,19730604,  135,    0
100707,19730605,  122,    0
100707,19730606,  142,    0
100707,19730607,  126,    0
100707,19730608,  144,    0
100707,19730609,  138,    0
100707,19730610,  139,    0
100707,19730611,  125,    0
100707,19730612,  150,    0
100707,19730613,  140,    0
100707,19730614,  150,    0
100707,19730615,  180,    0
100707,19730616,  158,    0
100707,19730617,  180,    0
100707,19730618,  172,    0
100707,19730619,  172,    0
100707,19730620,  162,    0
100707,19730621,  134,    0
100707,19730622,  136,    0
100707,19730623,  126,    0
100707,19730624,  146,    0
100707,19730625,  176,    0
100707,19730626,  166,    0
100707,19730627,  156,    0
100707,19730628,  156,    0
100707,19730629,  156,    0
100707,19730630,  146,    0
100707,19730701,  138,    0
100707,19730702,  140,    0
100707,19730703,  166,    0
100707,19730704,  166,    0
100707,19730705,  160,    0
100707,19730706,  158,    0
100707,19730707,  174,    0
100707,19730708,  152,    0
100707,19730709,  140,    0
100707,19730710,  140,    0
100707,19730711,  186,    0
100707,19730712,  188,    0
100707,19730713,  188,    0
100707,19730714,  182,    0
100707,19730715,  166,    0
100707,19730716,  148,    0
100707,19730717,  118,    0
100707,19730718,  130,    0
100707,19730719,  154,    0
100707,19730720,  164,    0
100707,19730721,  146,    0
100707,19730722,  136,    0
100707,19730723,  140,    0
100707,19730724,  186,    0
100707,19730725,  196,    0
100707,19730726,  196,    0
100707,19730727,  208,    0
100707,19730728,  154,    0
100707,19730729,  166,    0
100707,19730730,  176,    0
100707,19730731,  190,    0
100707,19730801,  170,    0
100707,19730802,  150,    0
100707,19730803,  148,    0
100707,19730804,  166,    0
100707,19730805,  176,    0
100707,19730806,  172,    0
100707,19730807,  190,    0
100707,19730808,  190,    0
100707,19730809,  210,    0
100707,19730810,  190,    0
100707,19730811,  194,    0
100707,19730812,  200,    0
100707,19730813,  190,    0
100707,19730814,  190,    0
100707,19730815,  146,    0
100707,19730816,  160,    0
100707,19730817,  162,    0
100707,19730818,  164,    0
100707,19730819,  166,    0
100707,19730820,  162,    0
100707,19730821,  210,    0
100707,19730822,  153,    0
100707,19730823,  175,    0
100707,19730824,  218,    0
100707,19730825,  170,    0
100707,19730826,  162,    0
100707,19730827,  152,    0
100707,19730828,  178,    0
100707,19730829,  170,    0
100707,19730830,  200,    0
100707,19730831,  200,    0
100707,19730901,  152,    0
100707,19730902,  150,    0
100707,19730903,  186,    0
100707,19730904,  206,    0
100707,19730905,  152,    0
100707,19730906,  148,    0
100707,19730907,  152,    0
100707,19730908,  142,    0
100707,19730909,  136,    0
100707,19730910,  148,    0
100707,19730911,  160,    0
100707,19730912,  174,    0
100707,19730913,  180,    0
100707,19730914,  166,    0
100707,19730915,  186,    0
100707,19730916,  158,    0
100707,19730917,  166,    0
100707,19730918,  130,    0
100707,19730919,  126,    0
100707,19730920,  166,    0
100707,19730921,  124,    0
100707,19730922,  122,    0
100707,19730923,  128,    0
100707,19730924,  100,    0
100707,19730925,   76,    0
100707,19730926,  132,    0
100707,19730927,   88,    0
100707,19730928,   86,    0
100707,19730929,  136,    0
100707,19730930,  118,    0
100707,19731001,  102,    0
100707,19731002,   84,    0
100707,19731003,   80,    0
100707,19731004,  126,    0
100707,19731005,   90,    0
100707,19731006,  100,    0
100707,19731007,   68,    0
100707,19731008,   86,    0
100707,19731009,  138,    0
100707,19731010,  138,    0
100707,19731011,  118,    0
100707,19731012,  154,    0
100707,19731013,  146,    0
100707,19731014,  140,    0
100707,19731015,  146,    0
100707,19731016,  118,    0
100707,19731017,   80,    0
100707,19731018,   90,    0
100707,19731019,  126,    0
100707,19731020,   96,    0
100707,19731021,   96,    0
100707,19731022,   72,    0
100707,19731023,   58,    0
100707,19731024,   76,    0
100707,19731025,   56,    0
100707,19731026,   70,    0
100707,19731027,  100,    0
100707,19731028,   78,    0
100707,19731029,  120,    0
100707,19731030,  140,    0
100707,19731031,  124,    0
100707,19731101,   96,    0
100707,19731102,   96,    0
100707,19731103,  116,    0
100707,19731104,  116,    0
100707,19731105,  120,    0
100707,19731106,   86,    0
100707,19731107,   50,    0
100707,19731108,   50,    0
100707,19731109,   36,    0
100707,19731110,   20,    0
100707,19731111,   44,    0
100707,19731112,   64,    0
100707,19731113,   50,    0
100707,19731114,   -4,    0
100707,19731115,  -16,    0
100707,19731116,   -8,    0
100707,19731117,   70,    0
100707,19731118,   40,    0
100707,19731119,   26,    0
100707,19731120,   32,    0
100707,19731121,   36,    0
100707,19731122,   60,    0
100707,19731123,   80,    0
100707,19731124,   80,    0
100707,19731125,   88,    0
100707,19731126,   62,    0
100707,19731127,   50,    0
100707,19731128,    4,    0
100707,19731129,  -28,    0
100707,19731130,  -20,    0
100707,19731201,  -10,    0
100707,19731202,   46,    0
100707,19731203,  -36,    0
100707,19731204,  -46,    0
100707,19731205,  -46,    0
100707,19731206,  -26,    0
100707,19731207,  -34,    0
100707,19731208,  -22,    0
100707,19731209,   20,    0
100707,19731210,  -14,    0
100707,19731211,  -40,    0
100707,19731212,  -40,    0
100707,19731213,  -32,    0
100707,19731214,  -30,    0
100707,19731215,  -32,    0
100707,19731216,  -28,    0
100707,19731217,   52,    0
100707,19731218,  -36,    0
100707,19731219,   86,    0
100707,19731220,   76,    0
100707,19731221,   86,    0
100707,19731222,   54,    0
100707,19731223,   52,    0
100707,19731224,    6,    0
100707,19731225,    0,    0
100707,19731226,   16,    0
100707,19731227,    0,    0
100707,19731228,    4,    0
100707,19731229,   -6,    0
100707,19731230,  -16,    0
100707,19731231,  -36,    0
100707,19740101,  -36,    0
100707,19740102,  -10,    0
100707,19740103,   60,    0
100707,19740104,   30,    0
100707,19740105,  106,    0
100707,19740106,  110,    0
100707,19740107,  128,    0
100707,19740108,  116,    0
100707,19740109,  126,    0
100707,19740110,  116,    0
100707,19740111,   86,    0
100707,19740112,   54,    0
100707,19740113,   60,    0
100707,19740114,   86,    0
100707,19740115,  110,    0
100707,19740116,   80,    0
100707,19740117,   70,    0
100707,19740118,   16,    0
100707,19740119,   -8,    0
100707,19740120,  -12,    0
100707,19740121,    0,    0
100707,19740122,   10,    0
100707,19740123,   24,    0
100707,19740124,   10,    0
100707,19740125,   56,    0
100707,19740126,   26,    0
100707,19740127,   98,    0
100707,19740128,   82,    0
100707,19740129,   46,    0
100707,19740130,   50,    0
100707,19740131,   28,    0
100707,19740201,   84,    0
100707,19740202,   70,    0
100707,19740203,   50,    0
100707,19740204,   54,    0
100707,19740205,   60,    0
100707,19740206,   86,    0
100707,19740207,   82,    0
100707,19740208,   40,    0
100707,19740209,   22,    0
100707,19740210,   20,    0
100707,19740211,   78,    0
100707,19740212,   78,    0
100707,19740213,   72,    0
100707,19740214,   18,    0
100707,19740215,   74,    0
100707,19740216,   54,    0
100707,19740217,   48,    0
100707,19740218,   40,    0
100707,19740219,   50,    0
100707,19740220,   46,    0
100707,19740221,   16,    0
100707,19740222,   34,    0
100707,19740223,   -6,    0
100707,19740224,   42,    0
100707,19740225,    2,    0
100707,19740226,  -10,    0
100707,19740227,  -20,    0
100707,19740228,   -8,    0
100707,19740301,   54,    0
100707,19740302,   64,    0
100707,19740303,   22,    0
100707,19740304,    6,    0
100707,19740305,  -14,    0
100707,19740306,   -8,    0
100707,19740307,   84,    0
100707,19740308,   24,    0
100707,19740309,   18,    0
100707,19740310,   40,    0
100707,19740311,   32,    0
100707,19740312,    0,    0
100707,19740313,   66,    0
100707,19740314,   56,    0
100707,19740315,   52,    0
100707,19740316,   98,    0
100707,19740317,   42,    0
100707,19740318,   58,    0
100707,19740319,   62,    0
100707,19740320,   28,    0
100707,19740321,   68,    0
100707,19740322,   74,    0
100707,19740323,   86,    0
100707,19740324,   94,    0
100707,19740325,   86,    0
100707,19740326,  102,    0
100707,19740327,   86,    0
100707,19740328,   74,    0
100707,19740329,   94,    0
100707,19740330,   84,    0
100707,19740331,   78,    0
100707,19740401,   68,    0
100707,19740402,   60,    0
100707,19740403,   64,    0
100707,19740404,   38,    0
100707,19740405,   42,    0
100707,19740406,   36,    0
100707,19740407,   50,    0
100707,19740408,   74,    0
100707,19740409,  120,    0
100707,19740410,  110,    0
100707,19740411,   80,    0
100707,19740412,   76,    0
100707,19740413,   36,    0
100707,19740414,   90,    0
100707,19740415,   80,    0
100707,19740416,   90,    0
100707,19740417,   88,    0
100707,19740418,  100,    0
100707,19740419,   64,    0
100707,19740420,   98,    0
100707,19740421,   88,    0
100707,19740422,   70,    0
100707,19740423,   66,    0
100707,19740424,   64,    0
100707,19740425,   70,    0
100707,19740426,  100,    0
100707,19740427,   90,    0
100707,19740428,   80,    0
100707,19740429,   52,    0
100707,19740430,   50,    0
100707,19740501,   92,    0
100707,19740502,   60,    0
100707,19740503,   80,    0
100707,19740504,   58,    0
100707,19740505,   54,    0
100707,19740506,  100,    0
100707,19740507,   68,    0
100707,19740508,   96,    0
100707,19740509,   98,    0
100707,19740510,   86,    0
100707,19740511,   66,    0
100707,19740512,   88,    0
100707,19740513,  116,    0
100707,19740514,  118,    0
100707,19740515,  146,    0
100707,19740516,  146,    0
100707,19740517,   96,    0
100707,19740518,  124,    0
100707,19740519,  144,    0
100707,19740520,  130,    0
100707,19740521,  140,    0
100707,19740522,  136,    0
100707,19740523,  160,    0
100707,19740524,  158,    0
100707,19740525,  100,    0
100707,19740526,   80,    0
100707,19740527,  124,    0
100707,19740528,  116,    0
100707,19740529,  144,    0
100707,19740530,  146,    0
100707,19740531,  120,    0
100707,19740601,  132,    0
100707,19740602,  154,    0
100707,19740603,  154,    0
100707,19740604,  160,    0
100707,19740605,  144,    0
100707,19740606,  136,    0
100707,19740607,  134,    0
100707,19740608,  152,    0
100707,19740609,  136,    0
100707,19740610,  160,    0
100707,19740611,  176,    0
100707,19740612,  150,    0
100707,19740613,  170,    0
100707,19740614,  156,    0
100707,19740615,  164,    0
100707,19740616,  160,    0
100707,19740617,  144,    0
100707,19740618,  146,    0
100707,19740619,  170,    0
100707,19740620,  144,    0
100707,19740621,  148,    0
100707,19740622,  126,    0
100707,19740623,  124,    0
100707,19740624,  160,    0
100707,19740625,  142,    0
100707,19740626,  132,    0
100707,19740627,  164,    0
100707,19740628,  182,    0
100707,19740629,  190,    0
100707,19740630,  170,    0
100707,19740701,  200,    0
100707,19740702,  206,    0
100707,19740703,  172,    0
100707,19740704,  150,    0
100707,19740705,  168,    0
100707,19740706,  160,    0
100707,19740707,  186,    0
100707,19740708,  204,    0
100707,19740709,  234,    0
100707,19740710,  210,    0
100707,19740711,  210,    0
100707,19740712,  234,    0
100707,19740713,  212,    0
100707,19740714,  160,    0
100707,19740715,  168,    0
100707,19740716,  156,    0
100707,19740717,  146,    0
100707,19740718,  164,    0
100707,19740719,  164,    0
100707,19740720,  154,    0
100707,19740721,  150,    0
100707,19740722,  164,    0
100707,19740723,  184,    0
100707,19740724,  204,    0
100707,19740725,  208,    0
100707,19740726,  214,    0
100707,19740727,  186,    0
100707,19740728,  210,    0
100707,19740729,  200,    0
100707,19740730,  158,    0
100707,19740731,  158,    0
100707,19740801,  176,    0
100707,19740802,  156,    0
100707,19740803,  158,    0
100707,19740804,  146,    0
100707,19740805,  130,    0
100707,19740806,  170,    0
100707,19740807,  140,    0
100707,19740808,  142,    0
100707,19740809,  174,    0
100707,19740810,  180,    0
100707,19740811,  198,    0
100707,19740812,  200,    0
100707,19740813,  184,    0
100707,19740814,  160,    0
100707,19740815,  156,    0
100707,19740816,  222,    0
100707,19740817,  170,    0
100707,19740818,  154,    0
100707,19740819,  190,    0
100707,19740820,  162,    0
100707,19740821,  150,    0
100707,19740822,  146,    0
100707,19740823,  174,    0
100707,19740824,  186,    0
100707,19740825,  194,    0
100707,19740826,  158,    0
100707,19740827,  136,    0
100707,19740828,  144,    0
100707,19740829,  132,    0
100707,19740830,  110,    0
100707,19740831,  108,    0
100707,19740901,  138,    0
100707,19740902,  140,    0
100707,19740903,  108,    0
100707,19740904,  114,    0
100707,19740905,  146,    0
100707,19740906,  154,    0
100707,19740907,  112,    0
100707,19740908,  134,    0
100707,19740909,  150,    0
100707,19740910,  146,    0
100707,19740911,  164,    0
100707,19740912,  170,    0
100707,19740913,  158,    0
100707,19740914,  140,    0
100707,19740915,  118,    0
100707,19740916,  128,    0
100707,19740917,  146,    0
100707,19740918,  136,    0
100707,19740919,  152,    0
100707,19740920,  138,    0
100707,19740921,  128,    0
100707,19740922,  120,    0
100707,19740923,  102,    0
100707,19740924,  122,    0
100707,19740925,  114,    0
100707,19740926,  134,    0
100707,19740927,  118,    0
100707,19740928,  114,    0
100707,19740929,   82,    0
100707,19740930,   78,    0
100707,19741001,  126,    0
100707,19741002,  142,    0
100707,19741003,   78,    0
100707,19741004,  138,    0
100707,19741005,  120,    0
100707,19741006,  100,    0
100707,19741007,   86,    0
100707,19741008,  104,    0
100707,19741009,  122,    0
100707,19741010,  150,    0
100707,19741011,  156,    0
100707,19741012,   68,    0
100707,19741013,   60,    0
100707,19741014,   48,    0
100707,19741015,   20,    0
100707,19741016,   58,    0
100707,19741017,  112,    0
100707,19741018,   84,    0
100707,19741019,   50,    0
100707,19741020,  100,    0
100707,19741021,   84,    0
100707,19741022,   78,    0
100707,19741023,   50,    0
100707,19741024,   12,    0
100707,19741025,   86,    0
100707,19741026,   70,    0
100707,19741027,   34,    0
100707,19741028,   64,    0
100707,19741029,   84,    0
100707,19741030,   56,    0
100707,19741031,  -22,    0
100707,19741101,   -6,    0
100707,19741102,   -6,    0
100707,19741103,  100,    0
100707,19741104,   40,    0
100707,19741105,   54,    0
100707,19741106,  -14,    0
100707,19741107,  -10,    0
100707,19741108,   -2,    0
100707,19741109,   22,    0
100707,19741110,   34,    0
100707,19741111,   14,    0
100707,19741112,   26,    0
100707,19741113,   44,    0
100707,19741114,  120,    0
100707,19741115,  114,    0
100707,19741116,   96,    0
100707,19741117,  110,    0
100707,19741118,   60,    0
100707,19741119,   40,    0
100707,19741120,  120,    0
100707,19741121,  110,    0
100707,19741122,   96,    0
100707,19741123,  100,    0
100707,19741124,   86,    0
100707,19741125,  116,    0
100707,19741126,   62,    0
100707,19741127,   80,    0
100707,19741128,   78,    0
100707,19741129,   70,    0
100707,19741130,   56,    0
100707,19741201,   40,    0
100707,19741202,   22,    0
100707,19741203,   18,    0
100707,19741204,    0,    0
100707,19741205,    0,    0
100707,19741206,    4,    0
100707,19741207,    0,    0
100707,19741208,  -16,    0
100707,19741209,  -22,    0
100707,19741210,  -16,    0
100707,19741211,   22,    0
100707,19741212,  -26,    0
100707,19741213,    0,    0
100707,19741214,  -26,    0
100707,19741215,  -16,    0
100707,19741216,  -26,    0
100707,19741217,  -28,    0
100707,19741218,  -36,    0
100707,19741219,  -20,    0
100707,19741220,  -30,    0
100707,19741221,  -10,    0
100707,19741222,  -10,    0
100707,19741223,   10,    0
100707,19741224,  130,    0
100707,19741225,  130,    0
100707,19741226,  106,    0
100707,19741227,   90,    0
100707,19741228,   52,    0
100707,19741229,   20,    0
100707,19741230,   20,    0
100707,19741231,   24,    0
100707,19750101,   -6,    0
100707,19750102,  -22,    0
100707,19750103,  -26,    0
100707,19750104,  -24,    0
100707,19750105,   12,    0
100707,19750106,  -26,    0
100707,19750107,  -30,    0
100707,19750108,  -40,    0
100707,19750109,  -44,    0
100707,19750110,  -36,    0
100707,19750111,   66,    0
100707,19750112,   90,    0
100707,19750113,   54,    0
100707,19750114,  122,    0
100707,19750115,   72,    0
100707,19750116,   46,    0
100707,19750117,  106,    0
100707,19750118,   50,    0
100707,19750119,   30,    0
100707,19750120,    6,    0
100707,19750121,   40,    0
100707,19750122,   -6,    0
100707,19750123,   12,    0
100707,19750124,   96,    0
100707,19750125,   96,    0
100707,19750126,   86,    0
100707,19750127,  108,    0
100707,19750128,  100,    0
100707,19750129,   78,    0
100707,19750130,   36,    0
100707,19750131,   72,    0
100707,19750201,   40,    0
100707,19750202,   44,    0
100707,19750203,   24,    0
100707,19750204,   40,    0
100707,19750205,   60,    0
100707,19750206,   34,    0
100707,19750207,   80,    0
100707,19750208,   90,    0
100707,19750209,   50,    0
100707,19750210,   20,    0
100707,19750211,   66,    0
100707,19750212,   66,    0
100707,19750213,   94,    0
100707,19750214,   74,    0
100707,19750215,   94,    0
100707,19750216,   60,    0
100707,19750217,   40,    0
100707,19750218,   20,    0
100707,19750219,   18,    0
100707,19750220,   26,    0
100707,19750221,   74,    0
100707,19750222,  100,    0
100707,19750223,   70,    0
100707,19750224,   80,    0
100707,19750225,   60,    0
100707,19750226,   72,    0
100707,19750227,   90,    0
100707,19750228,   80,    0
100707,19750301,   50,    0
100707,19750302,   40,    0
100707,19750303,   70,    0
100707,19750304,   74,    0
100707,19750305,   50,    0
100707,19750306,   48,    0
100707,19750307,  102,    0
100707,19750308,   68,    0
100707,19750309,   50,    0
100707,19750310,   30,    0
100707,19750311,   30,    0
100707,19750312,   42,    0
100707,19750313,   30,    0
100707,19750314,   28,    0
100707,19750315,   10,    0
100707,19750316,   60,    0
100707,19750317,   74,    0
100707,19750318,   60,    0
100707,19750319,   96,    0
100707,19750320,   48,    0
100707,19750321,   44,    0
100707,19750322,   16,    0
100707,19750323,   80,    0
100707,19750324,   54,    0
100707,19750325,   40,    0
100707,19750326,   74,    0
100707,19750327,   40,    0
100707,19750328,   70,    0
100707,19750329,   90,    0
100707,19750330,   46,    0
100707,19750331,   36,    0
100707,19750401,   14,    0
100707,19750402,   10,    0
100707,19750403,   50,    0
100707,19750404,   48,    0
100707,19750405,   46,    0
100707,19750406,    0,    0
100707,19750407,   34,    0
100707,19750408,   30,    0
100707,19750409,   54,    0
100707,19750410,   38,    0
100707,19750411,   26,    0
100707,19750412,   40,    0
100707,19750413,   30,    0
100707,19750414,   62,    0
100707,19750415,  118,    0
100707,19750416,  114,    0
100707,19750417,  100,    0
100707,19750418,  126,    0
100707,19750419,   80,    0
100707,19750420,   90,    0
100707,19750421,  100,    0
100707,19750422,  100,    0
100707,19750423,   90,    0
100707,19750424,   60,    0
100707,19750425,   56,    0
100707,19750426,  116,    0
100707,19750427,   98,    0
100707,19750428,  108,    0
100707,19750429,   80,    0
100707,19750430,   94,    0
100707,19750501,   96,    0
100707,19750502,  106,    0
100707,19750503,  100,    0
100707,19750504,   96,    0
100707,19750505,   40,    0
100707,19750506,   46,    0
100707,19750507,   90,    0
100707,19750508,   50,    0
100707,19750509,  100,    0
100707,19750510,  100,    0
100707,19750511,   70,    0
100707,19750512,   86,    0
100707,19750513,   86,    0
100707,19750514,   88,    0
100707,19750515,  126,    0
100707,19750516,  106,    0
100707,19750517,  118,    0
100707,19750518,  122,    0
100707,19750519,  126,    0
100707,19750520,  122,    0
100707,19750521,  120,    0
100707,19750522,  142,    0
100707,19750523,  140,    0
100707,19750524,  130,    0
100707,19750525,  102,    0
100707,19750526,  100,    0
100707,19750527,  110,    0
100707,19750528,   90,    0
100707,19750529,  106,    0
100707,19750530,  120,    0
100707,19750531,  106,    0
100707,19750601,  110,    0
100707,19750602,  104,    0
100707,19750603,  100,    0
100707,19750604,  104,    0
100707,19750605,  118,    0
100707,19750606,  112,    0
100707,19750607,  170,    0
100707,19750608,  156,    0
100707,19750609,  130,    0
100707,19750610,  130,    0
100707,19750611,  140,    0
100707,19750612,  142,    0
100707,19750613,  140,    0
100707,19750614,  146,    0
100707,19750615,  160,    0
100707,19750616,  134,    0
100707,19750617,  116,    0
100707,19750618,  124,    0
100707,19750619,  152,    0
100707,19750620,  156,    0
100707,19750621,  150,    0
100707,19750622,  114,    0
100707,19750623,  154,    0
100707,19750624,  174,    0
100707,19750625,  154,    0
100707,19750626,  140,    0
100707,19750627,  146,    0
100707,19750628,  150,    0
100707,19750629,  150,    0
100707,19750630,  150,    0
100707,19750701,  168,    0
100707,19750702,  166,    0
100707,19750703,  120,    0
100707,19750704,  144,    0
100707,19750705,  146,    0
100707,19750706,  130,    0
100707,19750707,  134,    0
100707,19750708,  144,    0
100707,19750709,  138,    0
100707,19750710,  140,    0
100707,19750711,  166,    0
100707,19750712,  156,    0
100707,19750713,  180,    0
100707,19750714,  164,    0
100707,19750715,  196,    0
100707,19750716,  200,    0
100707,19750717,  160,    0
100707,19750718,  140,    0
100707,19750719,  150,    0
100707,19750720,  176,    0
100707,19750721,  180,    0
100707,19750722,  154,    0
100707,19750723,  154,    0
100707,19750724,  160,    0
100707,19750725,  164,    0
100707,19750726,  150,    0
100707,19750727,  152,    0
100707,19750728,  170,    0
100707,19750729,  156,    0
100707,19750730,  186,    0
100707,19750731,  186,    0
100707,19750801,  184,    0
100707,19750802,  190,    0
100707,19750803,  170,    0
100707,19750804,  168,    0
100707,19750805,  152,    0
100707,19750806,  180,    0
100707,19750807,  168,    0
100707,19750808,  186,    0
100707,19750809,  150,    0
100707,19750810,  140,    0
100707,19750811,  156,    0
100707,19750812,  182,    0
100707,19750813,  180,    0
100707,19750814,  170,    0
100707,19750815,  150,    0
100707,19750816,  150,    0
100707,19750817,  180,    0
100707,19750818,  190,    0
100707,19750819,  168,    0
100707,19750820,  222,    0
100707,19750821,  184,    0
100707,19750822,  150,    0
100707,19750823,  140,    0
100707,19750824,  136,    0
100707,19750825,  140,    0
100707,19750826,  184,    0
100707,19750827,  144,    0
100707,19750828,  160,    0
100707,19750829,  166,    0
100707,19750830,  164,    0
100707,19750831,  186,    0
100707,19750901,  140,    0
100707,19750902,  136,    0
100707,19750903,  120,    0
100707,19750904,  164,    0
100707,19750905,  170,    0
100707,19750906,  150,    0
100707,19750907,  134,    0
100707,19750908,  134,    0
100707,19750909,  140,    0
100707,19750910,  144,    0
100707,19750911,  140,    0
100707,19750912,  124,    0
100707,19750913,  146,    0
100707,19750914,  164,    0
100707,19750915,   90,    0
100707,19750916,   80,    0
100707,19750917,   60,    0
100707,19750918,  100,    0
100707,19750919,   84,    0
100707,19750920,  100,    0
100707,19750921,  102,    0
100707,19750922,  110,    0
100707,19750923,  110,    0
100707,19750924,  112,    0
100707,19750925,  122,    0
100707,19750926,  150,    0
100707,19750927,  126,    0
100707,19750928,  172,    0
100707,19750929,  160,    0
100707,19750930,  134,    0
100707,19751001,  130,    0
100707,19751002,  140,    0
100707,19751003,  126,    0
100707,19751004,  146,    0
100707,19751005,  126,    0
100707,19751006,  150,    0
100707,19751007,  140,    0
100707,19751008,  156,    0
100707,19751009,  120,    0
100707,19751010,  114,    0
100707,19751011,  112,    0
100707,19751012,   90,    0
100707,19751013,   16,    0
100707,19751014,   90,    0
100707,19751015,  104,    0
100707,19751016,  106,    0
100707,19751017,   88,    0
100707,19751018,  120,    0
100707,19751019,  128,    0
100707,19751020,  140,    0
100707,19751021,  104,    0
100707,19751022,   86,    0
100707,19751023,  110,    0
100707,19751024,  134,    0
100707,19751025,   92,    0
100707,19751026,  116,    0
100707,19751027,  112,    0
100707,19751028,  114,    0
100707,19751029,  116,    0
100707,19751030,  100,    0
100707,19751031,  156,    0
100707,19751101,  108,    0
100707,19751102,  100,    0
100707,19751103,  132,    0
100707,19751104,   74,    0
100707,19751105,   60,    0
100707,19751106,   62,    0
100707,19751107,   50,    0
100707,19751108,    8,    0
100707,19751109,    8,    0
100707,19751110,   12,    0
100707,19751111,  110,    0
100707,19751112,  158,    0
100707,19751113,  110,    0
100707,19751114,   76,    0
100707,19751115,   54,    0
100707,19751116,   74,    0
100707,19751117,   92,    0
100707,19751118,   40,    0
100707,19751119,   16,    0
100707,19751120,  -12,    0
100707,19751121,   38,    0
100707,19751122,   36,    0
100707,19751123,    8,    0
100707,19751124,   82,    0
100707,19751125,   80,    0
100707,19751126,   54,    0
100707,19751127,   54,    0
100707,19751128,   80,    0
100707,19751129,  112,    0
100707,19751130,   56,    0
100707,19751201,   26,    0
100707,19751202,  -12,    0
100707,19751203,   26,    0
100707,19751204,   16,    0
100707,19751205,   74,    0
100707,19751206,   44,    0
100707,19751207,   46,    0
100707,19751208,   40,    0
100707,19751209,   40,    0
100707,19751210,   66,    0
100707,19751211,   66,    0
100707,19751212,   74,    0
100707,19751213,   42,    0
100707,19751214,   -4,    0
100707,19751215,   14,    0
100707,19751216,   46,    0
100707,19751217,   56,    0
100707,19751218,   46,    0
100707,19751219,   26,    0
100707,19751220,  -12,    0
100707,19751221,   -4,    0
100707,19751222,   -6,    0
100707,19751223,  -12,    0
100707,19751224,  -20,    0
100707,19751225,  -18,    0
100707,19751226,  -22,    0
100707,19751227,   -4,    0
100707,19751228,  -32,    0
100707,19751229,    2,    0
100707,19751230,    2,    0
100707,19751231,  -24,    0
100707,19760101,  -12,    0
100707,19760102,   14,    0
100707,19760103,  -20,    0
100707,19760104,  -26,    0
100707,19760105,  -10,    0
100707,19760106,  -16,    0
100707,19760107,  -20,    0
100707,19760108,  -26,    0
100707,19760109,  -20,    0
100707,19760110,  -20,    0
100707,19760111,  -26,    0
100707,19760112,  -16,    0
100707,19760113,    0,    0
100707,19760114,  -16,    0
100707,19760115,  -28,    0
100707,19760116,  -20,    0
100707,19760117,  -32,    0
100707,19760118,  -20,    0
100707,19760119,  -10,    0
100707,19760120,  -20,    0
100707,19760121,  -40,    0
100707,19760122,  -36,    0
100707,19760123,  -30,    0
100707,19760124,  -20,    0
100707,19760125,    6,    0
100707,19760126,  -20,    0
100707,19760127,  -38,    0
100707,19760128,  -30,    0
100707,19760129,   40,    0
100707,19760130,   62,    0
100707,19760131,   50,    0
100707,19760201,   40,    0
100707,19760202,   76,    0
100707,19760203,  100,    0
100707,19760204,   84,    0
100707,19760205,   60,    0
100707,19760206,   62,    0
100707,19760207,    0,    0
100707,19760208,   24,    0
100707,19760209,    2,    0
100707,19760210,   70,    0
100707,19760211,   92,    0
100707,19760212,   40,    0
100707,19760213,   40,    0
100707,19760214,   70,    0
100707,19760215,   16,    0
100707,19760216,   14,    0
100707,19760217,   90,    0
100707,19760218,   86,    0
100707,19760219,   76,    0
100707,19760220,   80,    0
100707,19760221,   40,    0
100707,19760222,   44,    0
100707,19760223,   26,    0
100707,19760224,   36,    0
100707,19760225,   36,    0
100707,19760226,   68,    0
100707,19760227,   64,    0
100707,19760228,   84,    0
100707,19760229,   50,    0
100707,19760301,   42,    0
100707,19760302,   54,    0
100707,19760303,   34,    0
100707,19760304,   42,    0
100707,19760305,   20,    0
100707,19760306,   34,    0
100707,19760307,   54,    0
100707,19760308,   62,    0
100707,19760309,   58,    0
100707,19760310,   14,    0
100707,19760311,    6,    0
100707,19760312,   92,    0
100707,19760313,   60,    0
100707,19760314,   36,    0
100707,19760315,   80,    0
100707,19760316,   54,    0
100707,19760317,   14,    0
100707,19760318,   30,    0
100707,19760319,   90,    0
100707,19760320,   74,    0
100707,19760321,   56,    0
100707,19760322,   40,    0
100707,19760323,   30,    0
100707,19760324,   78,    0
100707,19760325,   26,    0
100707,19760326,   30,    0
100707,19760327,   38,    0
100707,19760328,   48,    0
100707,19760329,   44,    0
100707,19760330,   34,    0
100707,19760331,   56,    0
100707,19760401,   70,    0
100707,19760402,   64,    0
100707,19760403,   82,    0
100707,19760404,   44,    0
100707,19760405,   74,    0
100707,19760406,   84,    0
100707,19760407,   56,    0
100707,19760408,   54,    0
100707,19760409,  100,    0
100707,19760410,   58,    0
100707,19760411,   70,    0
100707,19760412,   70,    0
100707,19760413,   48,    0
100707,19760414,   70,    0
100707,19760415,   88,    0
100707,19760416,   64,    0
100707,19760417,   54,    0
100707,19760418,   90,    0
100707,19760419,   86,    0
100707,19760420,   94,    0
100707,19760421,   56,    0
100707,19760422,   86,    0
100707,19760423,   98,    0
100707,19760424,   74,    0
100707,19760425,   60,    0
100707,19760426,   78,    0
100707,19760427,   78,    0
100707,19760428,  106,    0
100707,19760429,  100,    0
100707,19760430,  116,    0
100707,19760501,   64,    0
100707,19760502,   56,    0
100707,19760503,   86,    0
100707,19760504,   96,    0
100707,19760505,   88,    0
100707,19760506,  114,    0
100707,19760507,  108,    0
100707,19760508,  110,    0
100707,19760509,  124,    0
100707,19760510,  116,    0
100707,19760511,  104,    0
100707,19760512,  102,    0
100707,19760513,  130,    0
100707,19760514,  124,    0
100707,19760515,   76,    0
100707,19760516,   80,    0
100707,19760517,   86,    0
100707,19760518,   98,    0
100707,19760519,   76,    0
100707,19760520,   86,    0
100707,19760521,   76,    0
100707,19760522,  108,    0
100707,19760523,  130,    0
100707,19760524,  120,    0
100707,19760525,   92,    0
100707,19760526,  124,    0
100707,19760527,  160,    0
100707,19760528,  146,    0
100707,19760529,  128,    0
100707,19760530,  128,    0
100707,19760531,  132,    0
100707,19760601,  150,    0
100707,19760602,  164,    0
100707,19760603,  120,    0
100707,19760604,  122,    0
100707,19760605,  110,    0
100707,19760606,  102,    0
100707,19760607,  126,    0
100707,19760608,  136,    0
100707,19760609,  134,    0
100707,19760610,  130,    0
100707,19760611,  160,    0
100707,19760612,  164,    0
100707,19760613,  156,    0
100707,19760614,  152,    0
100707,19760615,  156,    0
100707,19760616,  186,    0
100707,19760617,  174,    0
100707,19760618,  180,    0
100707,19760619,  166,    0
100707,19760620,  180,    0
100707,19760621,  184,    0
100707,19760622,  188,    0
100707,19760623,  176,    0
100707,19760624,  176,    0
100707,19760625,  176,    0
100707,19760626,  166,    0
100707,19760627,  184,    0
100707,19760628,  212,    0
100707,19760629,  148,    0
100707,19760630,  172,    0
100707,19760701,  160,    0
100707,19760702,  198,    0
100707,19760703,  204,    0
100707,19760704,  180,    0
100707,19760705,  170,    0
100707,19760706,  144,    0
100707,19760707,  160,    0
100707,19760708,  164,    0
100707,19760709,  176,    0
100707,19760710,  168,    0
100707,19760711,  158,    0
100707,19760712,  160,    0
100707,19760713,  174,    0
100707,19760714,  184,    0
100707,19760715,  200,    0
100707,19760716,  184,    0
100707,19760717,  156,    0
100707,19760718,  160,    0
100707,19760719,  178,    0
100707,19760720,  208,    0
100707,19760721,  228,    0
100707,19760722,  214,    0
100707,19760723,  204,    0
100707,19760724,  222,    0
100707,19760725,  206,    0
100707,19760726,  188,    0
100707,19760727,  178,    0
100707,19760728,  184,    0
100707,19760729,  188,    0
100707,19760730,  174,    0
100707,19760731,  172,    0
100707,19760801,  172,    0
100707,19760802,  146,    0
100707,19760803,  188,    0
100707,19760804,  194,    0
100707,19760805,  200,    0
100707,19760806,  154,    0
100707,19760807,  180,    0
100707,19760808,  184,    0
100707,19760809,  164,    0
100707,19760810,  176,    0
100707,19760811,  144,    0
100707,19760812,  154,    0
100707,19760813,  172,    0
100707,19760814,  180,    0
100707,19760815,  170,    0
100707,19760816,  156,    0
100707,19760817,  174,    0
100707,19760818,  186,    0
100707,19760819,  170,    0
100707,19760820,  158,    0
100707,19760821,  154,    0
100707,19760822,  166,    0
100707,19760823,  182,    0
100707,19760824,  182,    0
100707,19760825,  160,    0
100707,19760826,  150,    0
100707,19760827,  160,    0
100707,19760828,  136,    0
100707,19760829,  160,    0
100707,19760830,  156,    0
100707,19760831,  176,    0
100707,19760901,  170,    0
100707,19760902,  148,    0
100707,19760903,  150,    0
100707,19760904,  170,    0
100707,19760905,  168,    0
100707,19760906,  174,    0
100707,19760907,  152,    0
100707,19760908,  152,    0
100707,19760909,  162,    0
100707,19760910,  162,    0
100707,19760911,  132,    0
100707,19760912,  140,    0
100707,19760913,   96,    0
100707,19760914,  108,    0
100707,19760915,  120,    0
100707,19760916,  106,    0
100707,19760917,   96,    0
100707,19760918,  100,    0
100707,19760919,  134,    0
100707,19760920,  140,    0
100707,19760921,  138,    0
100707,19760922,  154,    0
100707,19760923,  128,    0
100707,19760924,  176,    0
100707,19760925,  146,    0
100707,19760926,  176,    0
100707,19760927,  140,    0
100707,19760928,  144,    0
100707,19760929,  120,    0
100707,19760930,  154,    0
100707,19761001,  130,    0
100707,19761002,  108,    0
100707,19761003,  106,    0
100707,19761004,  144,    0
100707,19761005,  126,    0
100707,19761006,  110,    0
100707,19761007,  116,    0
100707,19761008,  120,    0
100707,19761009,  150,    0
100707,19761010,  126,    0
100707,19761011,  136,    0
100707,19761012,  100,    0
100707,19761013,  158,    0
100707,19761014,  120,    0
100707,19761015,   78,    0
100707,19761016,  104,    0
100707,19761017,  142,    0
100707,19761018,  146,    0
100707,19761019,   90,    0
100707,19761020,   96,    0
100707,19761021,   68,    0
100707,19761022,   78,    0
100707,19761023,  106,    0
100707,19761024,   86,    0
100707,19761025,   74,    0
100707,19761026,   86,    0
100707,19761027,   90,    0
100707,19761028,   70,    0
100707,19761029,   66,    0
100707,19761030,   50,    0
100707,19761031,   60,    0
100707,19761101,   80,    0
100707,19761102,  104,    0
100707,19761103,   84,    0
100707,19761104,  100,    0
100707,19761105,   64,    0
100707,19761106,   84,    0
100707,19761107,   56,    0
100707,19761108,  106,    0
100707,19761109,  100,    0
100707,19761110,   64,    0
100707,19761111,   40,    0
100707,19761112,   92,    0
100707,19761113,   22,    0
100707,19761114,   18,    0
100707,19761115,   50,    0
100707,19761116,    2,    0
100707,19761117,   10,    0
100707,19761118,   14,    0
100707,19761119,   20,    0
100707,19761120,   18,    0
100707,19761121,   -6,    0
100707,19761122,  -10,    0
100707,19761123,  -24,    0
100707,19761124,  -26,    0
100707,19761125,  -10,    0
100707,19761126,  -16,    0
100707,19761127,  -16,    0
100707,19761128,  -10,    0
100707,19761129,    0,    0
100707,19761130,   24,    0
100707,19761201,   98,    0
100707,19761202,  142,    0
100707,19761203,  108,    0
100707,19761204,   62,    0
100707,19761205,   74,    0
100707,19761206,  140,    0
100707,19761207,  110,    0
100707,19761208,   92,    0
100707,19761209,   96,    0
100707,19761210,   72,    0
100707,19761211,   56,    0
100707,19761212,   70,    0
100707,19761213,   96,    0
100707,19761214,   82,    0
100707,19761215,  100,    0
100707,19761216,   52,    0
100707,19761217,   94,    0
100707,19761218,   94,    0
100707,19761219,   50,    0
100707,19761220,   38,    0
100707,19761221,   34,    0
100707,19761222,   32,    0
100707,19761223,   60,    0
100707,19761224,   76,    0
100707,19761225,   62,    0
100707,19761226,    8,    0
100707,19761227,   22,    0
100707,19761228,   70,    0
100707,19761229,   52,    0
100707,19761230,   80,    0
100707,19761231,  134,    0
100707,19770101,   70,    0
100707,19770102,  102,    0
100707,19770103,   60,    0
100707,19770104,   30,    0
100707,19770105,   10,    0
100707,19770106,   -8,    0
100707,19770107,   14,    0
100707,19770108,   20,    0
100707,19770109,   10,    0
100707,19770110,   40,    0
100707,19770111,   36,    0
100707,19770112,   38,    0
100707,19770113,   48,    0
100707,19770114,  100,    0
100707,19770115,  112,    0
100707,19770116,   78,    0
100707,19770117,   60,    0
100707,19770118,   78,    0
100707,19770119,   90,    0
100707,19770120,  100,    0
100707,19770121,   56,    0
100707,19770122,   40,    0
100707,19770123,   86,    0
100707,19770124,   64,    0
100707,19770125,  110,    0
100707,19770126,  116,    0
100707,19770127,  100,    0
100707,19770128,   80,    0
100707,19770129,   44,    0
100707,19770130,   80,    0
100707,19770131,   54,    0
100707,19770201,   42,    0
100707,19770202,   80,    0
100707,19770203,  132,    0
100707,19770204,  130,    0
100707,19770205,   90,    0
100707,19770206,   82,    0
100707,19770207,   72,    0
100707,19770208,   58,    0
100707,19770209,  116,    0
100707,19770210,  102,    0
100707,19770211,   72,    0
100707,19770212,   54,    0
100707,19770213,   44,    0
100707,19770214,   54,    0
100707,19770215,   20,    0
100707,19770216,   40,    0
100707,19770217,   42,    0
100707,19770218,  106,    0
100707,19770219,  128,    0
100707,19770220,  100,    0
100707,19770221,   70,    0
100707,19770222,   56,    0
100707,19770223,   60,    0
100707,19770224,   46,    0
100707,19770225,   76,    0
100707,19770226,   70,    0
100707,19770227,  114,    0
100707,19770228,   80,    0
100707,19770301,   78,    0
100707,19770302,   80,    0
100707,19770303,   76,    0
100707,19770304,   80,    0
100707,19770305,   70,    0
100707,19770306,   86,    0
100707,19770307,  110,    0
100707,19770308,   86,    0
100707,19770309,   96,    0
100707,19770310,   70,    0
100707,19770311,   82,    0
100707,19770312,   60,    0
100707,19770313,   38,    0
100707,19770314,   56,    0
100707,19770315,   52,    0
100707,19770316,   54,    0
100707,19770317,   64,    0
100707,19770318,   50,    0
100707,19770319,   48,    0
100707,19770320,   48,    0
100707,19770321,   40,    0
100707,19770322,   24,    0
100707,19770323,   36,    0
100707,19770324,   20,    0
100707,19770325,   64,    0
100707,19770326,  110,    0
100707,19770327,   72,    0
100707,19770328,   78,    0
100707,19770329,   36,    0
100707,19770330,    0,    0
100707,19770331,   30,    0
100707,19770401,   64,    0
100707,19770402,   52,    0
100707,19770403,   90,    0
100707,19770404,   78,    0
100707,19770405,   76,    0
100707,19770406,   26,    0
100707,19770407,   56,    0
100707,19770408,   62,    0
100707,19770409,   40,    0
100707,19770410,   46,    0
100707,19770411,   34,    0
100707,19770412,   40,    0
100707,19770413,   70,    0
100707,19770414,   70,    0
100707,19770415,  130,    0
100707,19770416,  126,    0
100707,19770417,  106,    0
100707,19770418,   70,    0
100707,19770419,   56,    0
100707,19770420,   72,    0
100707,19770421,   60,    0
100707,19770422,   66,    0
100707,19770423,  100,    0
100707,19770424,   96,    0
100707,19770425,  106,    0
100707,19770426,  154,    0
100707,19770427,  120,    0
100707,19770428,   84,    0
100707,19770429,   86,    0
100707,19770430,   92,    0
100707,19770501,   60,    0
100707,19770502,   84,    0
100707,19770503,   50,    0
100707,19770504,   50,    0
100707,19770505,  100,    0
100707,19770506,   70,    0
100707,19770507,   94,    0
100707,19770508,  110,    0
100707,19770509,   90,    0
100707,19770510,  126,    0
100707,19770511,  114,    0
100707,19770512,  114,    0
100707,19770513,  140,    0
100707,19770514,  146,    0
100707,19770515,  120,    0
100707,19770516,   94,    0
100707,19770517,   66,    0
100707,19770518,   92,    0
100707,19770519,  130,    0
100707,19770520,  120,    0
100707,19770521,   98,    0
100707,19770522,  110,    0
100707,19770523,  120,    0
100707,19770524,  120,    0
100707,19770525,  116,    0
100707,19770526,   86,    0
100707,19770527,  102,    0
100707,19770528,  130,    0
100707,19770529,  152,    0
100707,19770530,  110,    0
100707,19770531,  116,    0
100707,19770601,   90,    0
100707,19770602,  126,    0
100707,19770603,  114,    0
100707,19770604,  130,    0
100707,19770605,  132,    0
100707,19770606,  126,    0
100707,19770607,   90,    0
100707,19770608,  106,    0
100707,19770609,  112,    0
100707,19770610,   80,    0
100707,19770611,  118,    0
100707,19770612,  104,    0
100707,19770613,   90,    0
100707,19770614,   90,    0
100707,19770615,  114,    0
100707,19770616,  120,    0
100707,19770617,  110,    0
100707,19770618,  114,    0
100707,19770619,  130,    0
100707,19770620,  120,    0
100707,19770621,  110,    0
100707,19770622,  122,    0
100707,19770623,  112,    0
100707,19770624,  134,    0
100707,19770625,  140,    0
100707,19770626,  164,    0
100707,19770627,  176,    0
100707,19770628,  144,    0
100707,19770629,  124,    0
100707,19770630,  144,    0
100707,19770701,  148,    0
100707,19770702,  152,    0
100707,19770703,  124,    0
100707,19770704,  134,    0
100707,19770705,  144,    0
100707,19770706,  136,    0
100707,19770707,  146,    0
100707,19770708,  160,    0
100707,19770709,  150,    0
100707,19770710,  142,    0
100707,19770711,  106,    0
100707,19770712,  126,    0
100707,19770713,  124,    0
100707,19770714,  142,    0
100707,19770715,  142,    0
100707,19770716,  142,    0
100707,19770717,  144,    0
100707,19770718,  164,    0
100707,19770719,  152,    0
100707,19770720,  140,    0
100707,19770721,  172,    0
100707,19770722,  196,    0
100707,19770723,  172,    0
100707,19770724,  170,    0
100707,19770725,  170,    0
100707,19770726,  160,    0
100707,19770727,  166,    0
100707,19770728,  146,    0
100707,19770729,  120,    0
100707,19770730,  142,    0
100707,19770731,  126,    0
100707,19770801,  140,    0
100707,19770802,  154,    0
100707,19770803,  150,    0
100707,19770804,  138,    0
100707,19770805,  146,    0
100707,19770806,  174,    0
100707,19770807,  138,    0
100707,19770808,  154,    0
100707,19770809,  150,    0
100707,19770810,  148,    0
100707,19770811,  144,    0
100707,19770812,  140,    0
100707,19770813,  136,    0
100707,19770814,  154,    0
100707,19770815,  176,    0
100707,19770816,  172,    0
100707,19770817,  136,    0
100707,19770818,  132,    0
100707,19770819,  130,    0
100707,19770820,  152,    0
100707,19770821,  136,    0
100707,19770822,  132,    0
100707,19770823,  124,    0
100707,19770824,  114,    0
100707,19770825,  154,    0
100707,19770826,  130,    0
100707,19770827,  128,    0
100707,19770828,  136,    0
100707,19770829,  114,    0
100707,19770830,   90,    0
100707,19770831,  130,    0
100707,19770901,  130,    0
100707,19770902,  150,    0
100707,19770903,  154,    0
100707,19770904,  174,    0
100707,19770905,  164,    0
100707,19770906,  170,    0
100707,19770907,  170,    0
100707,19770908,  170,    0
100707,19770909,  166,    0
100707,19770910,  172,    0
100707,19770911,  170,    0
100707,19770912,  154,    0
100707,19770913,  164,    0
100707,19770914,  174,    0
100707,19770915,  194,    0
100707,19770916,  156,    0
100707,19770917,  176,    0
100707,19770918,  160,    0
100707,19770919,  148,    0
100707,19770920,  140,    0
100707,19770921,  144,    0
100707,19770922,  122,    0
100707,19770923,  148,    0
100707,19770924,  182,    0
100707,19770925,  150,    0
100707,19770926,  140,    0
100707,19770927,  134,    0
100707,19770928,  132,    0
100707,19770929,  154,    0
100707,19770930,  126,    0
100707,19771001,  120,    0
100707,19771002,  136,    0
100707,19771003,   88,    0
100707,19771004,  106,    0
100707,19771005,  136,    0
100707,19771006,  110,    0
100707,19771007,   86,    0
100707,19771008,  116,    0
100707,19771009,  156,    0
100707,19771010,   76,    0
100707,19771011,  100,    0
100707,19771012,  108,    0
100707,19771013,  114,    0
100707,19771014,  116,    0
100707,19771015,  152,    0
100707,19771016,  152,    0
100707,19771017,  172,    0
100707,19771018,  140,    0
100707,19771019,  128,    0
100707,19771020,  146,    0
100707,19771021,  124,    0
100707,19771022,  120,    0
100707,19771023,   82,    0
100707,19771024,   98,    0
100707,19771025,  102,    0
100707,19771026,  110,    0
100707,19771027,   94,    0
100707,19771028,   96,    0
100707,19771029,   86,    0
100707,19771030,   92,    0
100707,19771031,  104,    0
100707,19771101,  106,    0
100707,19771102,   52,    0
100707,19771103,   62,    0
100707,19771104,  138,    0
100707,19771105,   64,    0
100707,19771106,  120,    0
100707,19771107,   70,    0
100707,19771108,   54,    0
100707,19771109,   60,    0
100707,19771110,   76,    0
100707,19771111,   64,    0
100707,19771112,   54,    0
100707,19771113,   54,    0
100707,19771114,   80,    0
100707,19771115,   80,    0
100707,19771116,  102,    0
100707,19771117,   70,    0
100707,19771118,   86,    0
100707,19771119,   96,    0
100707,19771120,   94,    0
100707,19771121,   82,    0
100707,19771122,   20,    0
100707,19771123,   -2,    0
100707,19771124,   -8,    0
100707,19771125,   16,    0
100707,19771126,  -16,    0
100707,19771127,   74,    0
100707,19771128,   64,    0
100707,19771129,   44,    0
100707,19771130,   60,    0
100707,19771201,   30,    0
100707,19771202,   88,    0
100707,19771203,   64,    0
100707,19771204,   96,    0
100707,19771205,   58,    0
100707,19771206,   76,    0
100707,19771207,  102,    0
100707,19771208,   82,    0
100707,19771209,   84,    0
100707,19771210,  130,    0
100707,19771211,  120,    0
100707,19771212,  106,    0
100707,19771213,   92,    0
100707,19771214,   80,    0
100707,19771215,   42,    0
100707,19771216,   58,    0
100707,19771217,   60,    0
100707,19771218,   70,    0
100707,19771219,   96,    0
100707,19771220,  106,    0
100707,19771221,  122,    0
100707,19771222,   62,    0
100707,19771223,  110,    0
100707,19771224,   88,    0
100707,19771225,   72,    0
100707,19771226,   54,    0
100707,19771227,  102,    0
100707,19771228,   32,    0
100707,19771229,   34,    0
100707,19771230,   65,    0
100707,19771231,   28,    0
100707,19780101,   42,    0
100707,19780102,   70,    0
100707,19780103,   96,    0
100707,19780104,   52,    0
100707,19780105,   12,    0
100707,19780106,   34,    0
100707,19780107,   34,    0
100707,19780108,   50,    0
100707,19780109,   68,    0
100707,19780110,   24,    0
100707,19780111,   12,    0
100707,19780112,   12,    0
100707,19780113,    8,    0
100707,19780114,  -18,    0
100707,19780115,  -28,    0
100707,19780116,   28,    0
100707,19780117,   38,    0
100707,19780118,    4,    0
100707,19780119,   72,    0
100707,19780120,   42,    0
100707,19780121,   44,    0
100707,19780122,   46,    0
100707,19780123,   10,    0
100707,19780124,   92,    0
100707,19780125,  110,    0
100707,19780126,   62,    0
100707,19780127,   -2,    0
100707,19780128,   60,    0
100707,19780129,   36,    0
100707,19780130,   64,    0
100707,19780131,   90,    0
100707,19780201,   82,    0
100707,19780202,   74,    0
100707,19780203,   54,    0
100707,19780204,   12,    0
100707,19780205,   10,    0
100707,19780206,   24,    0
100707,19780207,    4,    0
100707,19780208,  -10,    0
100707,19780209,   58,    0
100707,19780210,   20,    0
100707,19780211,  -16,    0
100707,19780212,  -40,    0
100707,19780213,  -50,    0
100707,19780214,   -6,    0
100707,19780215,   68,    0
100707,19780216,  122,    0
100707,19780217,  108,    0
100707,19780218,   92,    0
100707,19780219,   94,    0
100707,19780220,   74,    0
100707,19780221,   70,    0
100707,19780222,   54,    0
100707,19780223,  118,    0
100707,19780224,   90,    0
100707,19780225,  104,    0
100707,19780226,   82,    0
100707,19780227,   90,    0
100707,19780228,   74,    0
100707,19780301,   64,    0
100707,19780302,  102,    0
100707,19780303,   76,    0
100707,19780304,   64,    0
100707,19780305,   30,    0
100707,19780306,   34,    0
100707,19780307,   30,    0
100707,19780308,   30,    0
100707,19780309,   56,    0
100707,19780310,   64,    0
100707,19780311,   68,    0
100707,19780312,   86,    0
100707,19780313,   40,    0
100707,19780314,   62,    0
100707,19780315,   34,    0
100707,19780316,   54,    0
100707,19780317,   34,    0
100707,19780318,   24,    0
100707,19780319,   50,    0
100707,19780320,   58,    0
100707,19780321,   72,    0
100707,19780322,   52,    0
100707,19780323,   84,    0
100707,19780324,   36,    0
100707,19780325,   38,    0
100707,19780326,   54,    0
100707,19780327,   50,    0
100707,19780328,   52,    0
100707,19780329,   74,    0
100707,19780330,   40,    0
100707,19780331,   76,    0
100707,19780401,   94,    0
100707,19780402,   96,    0
100707,19780403,   50,    0
100707,19780404,   84,    0
100707,19780405,   66,    0
100707,19780406,   80,    0
100707,19780407,   64,    0
100707,19780408,   70,    0
100707,19780409,   52,    0
100707,19780410,   50,    0
100707,19780411,   64,    0
100707,19780412,   20,    0
100707,19780413,   42,    0
100707,19780414,   66,    0
100707,19780415,   60,    0
100707,19780416,   86,    0
100707,19780417,  110,    0
100707,19780418,  128,    0
100707,19780419,   72,    0
100707,19780420,  100,    0
100707,19780421,   56,    0
100707,19780422,   78,    0
100707,19780423,  124,    0
100707,19780424,   52,    0
100707,19780425,   90,    0
100707,19780426,  100,    0
100707,19780427,   94,    0
100707,19780428,   70,    0
100707,19780429,  106,    0
100707,19780430,   84,    0
100707,19780501,   56,    0
100707,19780502,   80,    0
100707,19780503,  104,    0
100707,19780504,   80,    0
100707,19780505,   74,    0
100707,19780506,   74,    0
100707,19780507,   76,    0
100707,19780508,  102,    0
100707,19780509,  122,    0
100707,19780510,   92,    0
100707,19780511,   96,    0
100707,19780512,  104,    0
100707,19780513,  112,    0
100707,19780514,  132,    0
100707,19780515,  120,    0
100707,19780516,  126,    0
100707,19780517,   90,    0
100707,19780518,   94,    0
100707,19780519,   84,    0
100707,19780520,   84,    0
100707,19780521,   90,    0
100707,19780522,  106,    0
100707,19780523,  126,    0
100707,19780524,  102,    0
100707,19780525,   98,    0
100707,19780526,  108,    0
100707,19780527,  130,    0
100707,19780528,  102,    0
100707,19780529,  132,    0
100707,19780530,   96,    0
100707,19780531,  120,    0
100707,19780601,  116,    0
100707,19780602,  128,    0
100707,19780603,  142,    0
100707,19780604,  146,    0
100707,19780605,  150,    0
100707,19780606,  146,    0
100707,19780607,  134,    0
100707,19780608,  138,    0
100707,19780609,  154,    0
100707,19780610,  156,    0
100707,19780611,  156,    0
100707,19780612,  144,    0
100707,19780613,  154,    0
100707,19780614,  116,    0
100707,19780615,  118,    0
100707,19780616,  114,    0
100707,19780617,   88,    0
100707,19780618,  106,    0
100707,19780619,  102,    0
100707,19780620,   96,    0
100707,19780621,   96,    0
100707,19780622,  116,    0
100707,19780623,  126,    0
100707,19780624,  104,    0
100707,19780625,  116,    0
100707,19780626,  134,    0
100707,19780627,  116,    0
100707,19780628,  126,    0
100707,19780629,  172,    0
100707,19780630,  154,    0
100707,19780701,  144,    0
100707,19780702,  160,    0
100707,19780703,  154,    0
100707,19780704,  140,    0
100707,19780705,  130,    0
100707,19780706,  150,    0
100707,19780707,  124,    0
100707,19780708,  128,    0
100707,19780709,  150,    0
100707,19780710,  146,    0
100707,19780711,  116,    0
100707,19780712,  126,    0
100707,19780713,  128,    0
100707,19780714,  172,    0
100707,19780715,  184,    0
100707,19780716,  178,    0
100707,19780717,  176,    0
100707,19780718,  154,    0
100707,19780719,  154,    0
100707,19780720,  158,    0
100707,19780721,  144,    0
100707,19780722,  138,    0
100707,19780723,  208,    0
100707,19780724,  204,    0
100707,19780725,  194,    0
100707,19780726,  158,    0
100707,19780727,  174,    0
100707,19780728,  170,    0
100707,19780729,  160,    0
100707,19780730,  140,    0
100707,19780731,  134,    0
100707,19780801,  116,    0
100707,19780802,  130,    0
100707,19780803,  128,    0
100707,19780804,  122,    0
100707,19780805,  142,    0
100707,19780806,  136,    0
100707,19780807,  126,    0
100707,19780808,  128,    0
100707,19780809,  130,    0
100707,19780810,  152,    0
100707,19780811,  156,    0
100707,19780812,  160,    0
100707,19780813,  182,    0
100707,19780814,  190,    0
100707,19780815,  154,    0
100707,19780816,  156,    0
100707,19780817,  140,    0
100707,19780818,  140,    0
100707,19780819,  154,    0
100707,19780820,  164,    0
100707,19780821,  170,    0
100707,19780822,  190,    0
100707,19780823,  188,    0
100707,19780824,  180,    0
100707,19780825,  204,    0
100707,19780826,  190,    0
100707,19780827,  182,    0
100707,19780828,  176,    0
100707,19780829,  144,    0
100707,19780830,  162,    0
100707,19780831,  148,    0
100707,19780901,  160,    0
100707,19780902,  166,    0
100707,19780903,  158,    0
100707,19780904,  174,    0
100707,19780905,  160,    0
100707,19780906,  130,    0
100707,19780907,  150,    0
100707,19780908,  134,    0
100707,19780909,  140,    0
100707,19780910,  152,    0
100707,19780911,  156,    0
100707,19780912,  158,    0
100707,19780913,  160,    0
100707,19780914,  168,    0
100707,19780915,  200,    0
100707,19780916,  196,    0
100707,19780917,  180,    0
100707,19780918,  168,    0
100707,19780919,  204,    0
100707,19780920,  182,    0
100707,19780921,  160,    0
100707,19780922,  148,    0
100707,19780923,  154,    0
100707,19780924,  130,    0
100707,19780925,  126,    0
100707,19780926,  138,    0
100707,19780927,  138,    0
100707,19780928,  134,    0
100707,19780929,  150,    0
100707,19780930,  130,    0
100707,19781001,  158,    0
100707,19781002,   94,    0
100707,19781003,   60,    0
100707,19781004,   60,    0
100707,19781005,   72,    0
100707,19781006,   66,    0
100707,19781007,  100,    0
100707,19781008,  124,    0
100707,19781009,  132,    0
100707,19781010,  168,    0
100707,19781011,  156,    0
100707,19781012,  144,    0
100707,19781013,  134,    0
100707,19781014,  132,    0
100707,19781015,  146,    0
100707,19781016,  164,    0
100707,19781017,  116,    0
100707,19781018,  110,    0
100707,19781019,   74,    0
100707,19781020,   80,    0
100707,19781021,   66,    0
100707,19781022,   48,    0
100707,19781023,   54,    0
100707,19781024,   54,    0
100707,19781025,   62,    0
100707,19781026,   62,    0
100707,19781027,   60,    0
100707,19781028,   56,    0
100707,19781029,   56,    0
100707,19781030,   64,    0
100707,19781031,   46,    0
100707,19781101,   42,    0
100707,19781102,   54,    0
100707,19781103,   44,    0
100707,19781104,   64,    0
100707,19781105,   72,    0
100707,19781106,  110,    0
100707,19781107,  126,    0
100707,19781108,  130,    0
100707,19781109,  100,    0
100707,19781110,   86,    0
100707,19781111,   60,    0
100707,19781112,   34,    0
100707,19781113,   76,    0
100707,19781114,   60,    0
100707,19781115,   52,    0
100707,19781116,   50,    0
100707,19781117,   36,    0
100707,19781118,   32,    0
100707,19781119,   22,    0
100707,19781120,   16,    0
100707,19781121,   14,    0
100707,19781122,   26,    0
100707,19781123,   34,    0
100707,19781124,   16,    0
100707,19781125,    6,    0
100707,19781126,   40,    0
100707,19781127,   38,    0
100707,19781128,   64,    0
100707,19781129,   94,    0
100707,19781130,   94,    0
100707,19781201,   34,    0
100707,19781202,  124,    0
100707,19781203,  100,    0
100707,19781204,   68,    0
100707,19781205,   16,    0
100707,19781206,   84,    0
100707,19781207,  120,    0
100707,19781208,  150,    0
100707,19781209,  114,    0
100707,19781210,   86,    0
100707,19781211,  104,    0
100707,19781212,  118,    0
100707,19781213,  136,    0
100707,19781214,  114,    0
100707,19781215,   92,    0
100707,19781216,   54,    0
100707,19781217,   54,    0
100707,19781218,   44,    0
100707,19781219,    4,    0
100707,19781220,   26,    0
100707,19781221,  -10,    0
100707,19781222,  -26,    0
100707,19781223,   60,    0
100707,19781224,  124,    0
100707,19781225,  110,    0
100707,19781226,  102,    0
100707,19781227,   90,    0
100707,19781228,   74,    0
100707,19781229,  108,    0
100707,19781230,   96,    0
100707,19781231,  102,    0
100707,19790101,   98,    0
100707,19790102,   86,    0
100707,19790103,   90,    0
100707,19790104,   80,    0
100707,19790105,   50,    0
100707,19790106,   16,    0
100707,19790107,   70,    0
100707,19790108,   42,    0
100707,19790109,   52,    0
100707,19790110,   40,    0
100707,19790111,  100,    0
100707,19790112,   86,    0
100707,19790113,   50,    0
100707,19790114,   22,    0
100707,19790115,   44,    0
100707,19790116,   34,    0
100707,19790117,   36,    0
100707,19790118,   86,    0
100707,19790119,   58,    0
100707,19790120,   30,    0
100707,19790121,   60,    0
100707,19790122,   84,    0
100707,19790123,   44,    0
100707,19790124,   56,    0
100707,19790125,   94,    0
100707,19790126,  104,    0
100707,19790127,  108,    0
100707,19790128,   52,    0
100707,19790129,   48,    0
100707,19790130,   32,    0
100707,19790131,   12,    0
100707,19790201,   80,    0
100707,19790202,  144,    0
100707,19790203,  118,    0
100707,19790204,  120,    0
100707,19790205,  142,    0
100707,19790206,  130,    0
100707,19790207,  128,    0
100707,19790208,  140,    0
100707,19790209,  110,    0
100707,19790210,  102,    0
100707,19790211,   98,    0
100707,19790212,   94,    0
100707,19790213,   90,    0
100707,19790214,   72,    0
100707,19790215,   66,    0
100707,19790216,   10,    0
100707,19790217,  -20,    0
100707,19790218,   40,    0
100707,19790219,   62,    0
100707,19790220,   46,    0
100707,19790221,   78,    0
100707,19790222,   60,    0
100707,19790223,   26,    0
100707,19790224,   24,    0
100707,19790225,    4,    0
100707,19790226,   -4,    0
100707,19790227,    0,    0
100707,19790228,   44,    0
100707,19790301,   20,    0
100707,19790302,   20,    0
100707,19790303,    0,    0
100707,19790304,   36,    0
100707,19790305,   80,    0
100707,19790306,  100,    0
100707,19790307,  106,    0
100707,19790308,   98,    0
100707,19790309,   86,    0
100707,19790310,   56,    0
100707,19790311,   70,    0
100707,19790312,   50,    0
100707,19790313,   60,    0
100707,19790314,   70,    0
100707,19790315,   36,    0
100707,19790316,   20,    0
100707,19790317,   58,    0
100707,19790318,   36,    0
100707,19790319,   44,    0
100707,19790320,   48,    0
100707,19790321,   30,    0
100707,19790322,   34,    0
100707,19790323,   90,    0
100707,19790324,  132,    0
100707,19790325,  126,    0
100707,19790326,   96,    0
100707,19790327,   44,    0
100707,19790328,   66,    0
100707,19790329,   28,    0
100707,19790330,   24,    0
100707,19790331,   26,    0
100707,19790401,   48,    0
100707,19790402,   56,    0
100707,19790403,   72,    0
100707,19790404,   80,    0
100707,19790405,   82,    0
100707,19790406,   70,    0
100707,19790407,   56,    0
100707,19790408,   94,    0
100707,19790409,  116,    0
100707,19790410,   80,    0
100707,19790411,   60,    0
100707,19790412,   60,    0
100707,19790413,   78,    0
100707,19790414,   62,    0
100707,19790415,   54,    0
100707,19790416,   60,    0
100707,19790417,   98,    0
100707,19790418,   94,    0
100707,19790419,   72,    0
100707,19790420,   78,    0
100707,19790421,   88,    0
100707,19790422,  106,    0
100707,19790423,   92,    0
100707,19790424,  100,    0
100707,19790425,   64,    0
100707,19790426,   66,    0
100707,19790427,   60,    0
100707,19790428,   54,    0
100707,19790429,   72,    0
100707,19790430,   68,    0
100707,19790501,   68,    0
100707,19790502,   70,    0
100707,19790503,   82,    0
100707,19790504,   82,    0
100707,19790505,  100,    0
100707,19790506,  120,    0
100707,19790507,   94,    0
100707,19790508,   86,    0
100707,19790509,   74,    0
100707,19790510,  100,    0
100707,19790511,  110,    0
100707,19790512,  114,    0
100707,19790513,  122,    0
100707,19790514,  130,    0
100707,19790515,  154,    0
100707,19790516,  114,    0
100707,19790517,   92,    0
100707,19790518,   80,    0
100707,19790519,   64,    0
100707,19790520,   94,    0
100707,19790521,   72,    0
100707,19790522,   94,    0
100707,19790523,   94,    0
100707,19790524,   72,    0
100707,19790525,   94,    0
100707,19790526,  122,    0
100707,19790527,  116,    0
100707,19790528,  102,    0
100707,19790529,  148,    0
100707,19790530,  144,    0
100707,19790531,   84,    0
100707,19790601,   84,    0
100707,19790602,   94,    0
100707,19790603,  150,    0
100707,19790604,  126,    0
100707,19790605,  150,    0
100707,19790606,  164,    0
100707,19790607,  170,    0
100707,19790608,  170,    0
100707,19790609,  164,    0
100707,19790610,  118,    0
100707,19790611,  120,    0
100707,19790612,  154,    0
100707,19790613,  126,    0
100707,19790614,  118,    0
100707,19790615,  134,    0
100707,19790616,  182,    0
100707,19790617,  162,    0
100707,19790618,  152,    0
100707,19790619,  168,    0
100707,19790620,  170,    0
100707,19790621,  144,    0
100707,19790622,  124,    0
100707,19790623,  126,    0
100707,19790624,  112,    0
100707,19790625,  186,    0
100707,19790626,  184,    0
100707,19790627,  190,    0
100707,19790628,  164,    0
100707,19790629,  194,    0
100707,19790630,  194,    0
100707,19790701,  180,    0
100707,19790702,  156,    0
100707,19790703,  140,    0
100707,19790704,  160,    0
100707,19790705,  162,    0
100707,19790706,  190,    0
100707,19790707,  192,    0
100707,19790708,  168,    0
100707,19790709,  178,    0
100707,19790710,  220,    0
100707,19790711,  172,    0
100707,19790712,  170,    0
100707,19790713,  154,    0
100707,19790714,  184,    0
100707,19790715,  196,    0
100707,19790716,  192,    0
100707,19790717,  170,    0
100707,19790718,  164,    0
100707,19790719,  184,    0
100707,19790720,  154,    0
100707,19790721,  180,    0
100707,19790722,  170,    0
100707,19790723,  170,    0
100707,19790724,  164,    0
100707,19790725,  204,    0
100707,19790726,  186,    0
100707,19790727,  202,    0
100707,19790728,  150,    0
100707,19790729,  154,    0
100707,19790730,  198,    0
100707,19790731,  154,    0
100707,19790801,  164,    0
100707,19790802,  156,    0
100707,19790803,  174,    0
100707,19790804,  142,    0
100707,19790805,  146,    0
100707,19790806,  130,    0
100707,19790807,  162,    0
100707,19790808,  170,    0
100707,19790809,  152,    0
100707,19790810,  192,    0
100707,19790811,  174,    0
100707,19790812,  176,    0
100707,19790813,  194,    0
100707,19790814,  158,    0
100707,19790815,  164,    0
100707,19790816,  148,    0
100707,19790817,  176,    0
100707,19790818,  190,    0
100707,19790819,  172,    0
100707,19790820,  126,    0
100707,19790821,  150,    0
100707,19790822,  150,    0
100707,19790823,  170,    0
100707,19790824,  136,    0
100707,19790825,  146,    0
100707,19790826,  166,    0
100707,19790827,  152,    0
100707,19790828,  132,    0
100707,19790829,  138,    0
100707,19790830,  158,    0
100707,19790831,  160,    0
100707,19790901,  140,    0
100707,19790902,  166,    0
100707,19790903,  174,    0
100707,19790904,  188,    0
100707,19790905,  184,    0
100707,19790906,  150,    0
100707,19790907,  140,    0
100707,19790908,  168,    0
100707,19790909,  192,    0
100707,19790910,  192,    0
100707,19790911,  182,    0
100707,19790912,  180,    0
100707,19790913,  148,    0
100707,19790914,  144,    0
100707,19790915,  146,    0
100707,19790916,  166,    0
100707,19790917,  156,    0
100707,19790918,  146,    0
100707,19790919,  132,    0
100707,19790920,  130,    0
100707,19790921,  142,    0
100707,19790922,  120,    0
100707,19790923,   80,    0
100707,19790924,   90,    0
100707,19790925,   96,    0
100707,19790926,  100,    0
100707,19790927,  104,    0
100707,19790928,  114,    0
100707,19790929,  126,    0
100707,19790930,  126,    0
100707,19791001,  112,    0
100707,19791002,  122,    0
100707,19791003,  118,    0
100707,19791004,  130,    0
100707,19791005,  140,    0
100707,19791006,  144,    0
100707,19791007,  142,    0
100707,19791008,  168,    0
100707,19791009,  144,    0
100707,19791010,  124,    0
100707,19791011,  104,    0
100707,19791012,  122,    0
100707,19791013,  108,    0
100707,19791014,  120,    0
100707,19791015,  122,    0
100707,19791016,  100,    0
100707,19791017,  104,    0
100707,19791018,   86,    0
100707,19791019,  142,    0
100707,19791020,  148,    0
100707,19791021,  136,    0
100707,19791022,  154,    0
100707,19791023,  112,    0
100707,19791024,   76,    0
100707,19791025,  108,    0
100707,19791026,   98,    0
100707,19791027,   86,    0
100707,19791028,   70,    0
100707,19791029,   76,    0
100707,19791030,   80,    0
100707,19791031,   60,    0
100707,19791101,   74,    0
100707,19791102,   70,    0
100707,19791103,   60,    0
100707,19791104,   70,    0
100707,19791105,   64,    0
100707,19791106,   60,    0
100707,19791107,   44,    0
100707,19791108,   46,    0
100707,19791109,   84,    0
100707,19791110,   70,    0
100707,19791111,   20,    0
100707,19791112,   -2,    0
100707,19791113,   94,    0
100707,19791114,  108,    0
100707,19791115,   76,    0
100707,19791116,   64,    0
100707,19791117,   82,    0
100707,19791118,  120,    0
100707,19791119,   64,    0
100707,19791120,   54,    0
100707,19791121,   36,    0
100707,19791122,   12,    0
100707,19791123,    0,    0
100707,19791124,  -20,    0
100707,19791125,    0,    0
100707,19791126,    4,    0
100707,19791127,    0,    0
100707,19791128,   12,    0
100707,19791129,   12,    0
100707,19791130,   12,    0
100707,19791201,   12,    0
100707,19791202,    4,    0
100707,19791203,   10,    0
100707,19791204,    6,    0
100707,19791205,   -2,    0
100707,19791206,    4,    0
100707,19791207,   16,    0
100707,19791208,   30,    0
100707,19791209,  102,    0
100707,19791210,  130,    0
100707,19791211,  134,    0
100707,19791212,  120,    0
100707,19791213,   82,    0
100707,19791214,   44,    0
100707,19791215,    0,    0
100707,19791216,   50,    0
100707,19791217,   16,    0
100707,19791218,   40,    0
100707,19791219,   18,    0
100707,19791220,    4,    0
100707,19791221,  -16,    0
100707,19791222,  -24,    0
100707,19791223,   74,    0
100707,19791224,   94,    0
100707,19791225,   60,    0
100707,19791226,   10,    0
100707,19791227,    2,    0
100707,19791228,   60,    0
100707,19791229,    4,    0
100707,19791230,   -2,    0
100707,19791231,  102,    0
100707,19800101,   96,    0
100707,19800102,   26,    0
100707,19800103,   10,    0
100707,19800104,  -16,    0
100707,19800105,   -6,    0
100707,19800106,   60,    0
100707,19800107,   28,    0
100707,19800108,    6,    0
100707,19800109,   32,    0
100707,19800110,   36,    0
100707,19800111,   26,    0
100707,19800112,   12,    0
100707,19800113,  -36,    0
100707,19800114,   24,    0
100707,19800115,    6,    0
100707,19800116,   40,    0
100707,19800117,   20,    0
100707,19800118,    4,    0
100707,19800119,   24,    0
100707,19800120,   64,    0
100707,19800121,   44,    0
100707,19800122,   90,    0
100707,19800123,   52,    0
100707,19800124,   94,    0
100707,19800125,   86,    0
100707,19800126,   48,    0
100707,19800127,   36,    0
100707,19800128,   46,    0
100707,19800129,   78,    0
100707,19800130,   44,    0
100707,19800131,   70,    0
100707,19800201,   28,    0
100707,19800202,    6,    0
100707,19800203,   20,    0
100707,19800204,   24,    0
100707,19800205,   36,    0
100707,19800206,   66,    0
100707,19800207,   68,    0
100707,19800208,   36,    0
100707,19800209,   40,    0
100707,19800210,    4,    0
100707,19800211,  -14,    0
100707,19800212,   -6,    0
100707,19800213,  -10,    0
100707,19800214,    0,    0
100707,19800215,   60,    0
100707,19800216,   98,    0
100707,19800217,   48,    0
100707,19800218,   40,    0
100707,19800219,   90,    0
100707,19800220,   88,    0
100707,19800221,   56,    0
100707,19800222,   82,    0
100707,19800223,   94,    0
100707,19800224,   82,    0
100707,19800225,   74,    0
100707,19800226,   44,    0
100707,19800227,   16,    0
100707,19800228,   32,    0
100707,19800229,   60,    0
100707,19800301,   34,    0
100707,19800302,   42,    0
100707,19800303,   38,    0
100707,19800304,   18,    0
100707,19800305,   50,    0
100707,19800306,   68,    0
100707,19800307,   80,    0
100707,19800308,   44,    0
100707,19800309,   26,    0
100707,19800310,   18,    0
100707,19800311,   30,    0
100707,19800312,   30,    0
100707,19800313,   58,    0
100707,19800314,   36,    0
100707,19800315,   34,    0
100707,19800316,   -6,    0
100707,19800317,   50,    0
100707,19800318,   94,    0
100707,19800319,   66,    0
100707,19800320,   68,    0
100707,19800321,   74,    0
100707,19800322,   56,    0
100707,19800323,   14,    0
100707,19800324,   56,    0
100707,19800325,   78,    0
100707,19800326,  104,    0
100707,19800327,  120,    0
100707,19800328,  124,    0
100707,19800329,  124,    0
100707,19800330,  114,    0
100707,19800331,   86,    0
100707,19800401,  106,    0
100707,19800402,   96,    0
100707,19800403,  112,    0
100707,19800404,  102,    0
100707,19800405,   62,    0
100707,19800406,   52,    0
100707,19800407,   34,    0
100707,19800408,   44,    0
100707,19800409,   34,    0
100707,19800410,   44,    0
100707,19800411,   82,    0
100707,19800412,   72,    0
100707,19800413,  114,    0
100707,19800414,   92,    0
100707,19800415,   52,    0
100707,19800416,   42,    0
100707,19800417,   70,    0
100707,19800418,   62,    0
100707,19800419,   84,    0
100707,19800420,   72,    0
100707,19800421,   98,    0
100707,19800422,   70,    0
100707,19800423,   54,    0
100707,19800424,   64,    0
100707,19800425,   46,    0
100707,19800426,  112,    0
100707,19800427,  102,    0
100707,19800428,   78,    0
100707,19800429,   90,    0
100707,19800430,   80,    0
100707,19800501,   92,    0
100707,19800502,   96,    0
100707,19800503,  108,    0
100707,19800504,   94,    0
100707,19800505,  132,    0
100707,19800506,  140,    0
100707,19800507,  120,    0
100707,19800508,   94,    0
100707,19800509,   84,    0
100707,19800510,  114,    0
100707,19800511,  126,    0
100707,19800512,  100,    0
100707,19800513,   78,    0
100707,19800514,   70,    0
100707,19800515,  106,    0
100707,19800516,  110,    0
100707,19800517,  112,    0
100707,19800518,  114,    0
100707,19800519,  108,    0
100707,19800520,   96,    0
100707,19800521,  122,    0
100707,19800522,   94,    0
100707,19800523,   94,    0
100707,19800524,   94,    0
100707,19800525,  124,    0
100707,19800526,  110,    0
100707,19800527,  118,    0
100707,19800528,   82,    0
100707,19800529,   86,    0
100707,19800530,   98,    0
100707,19800531,  156,    0
100707,19800601,  124,    0
100707,19800602,  126,    0
100707,19800603,  164,    0
100707,19800604,  138,    0
100707,19800605,  182,    0
100707,19800606,  128,    0
100707,19800607,  132,    0
100707,19800608,  122,    0
100707,19800609,  130,    0
100707,19800610,  122,    0
100707,19800611,  152,    0
100707,19800612,  144,    0
100707,19800613,  118,    0
100707,19800614,  114,    0
100707,19800615,  110,    0
100707,19800616,  118,    0
100707,19800617,  118,    0
100707,19800618,  144,    0
100707,19800619,  144,    0
100707,19800620,  162,    0
100707,19800621,  138,    0
100707,19800622,  140,    0
100707,19800623,  126,    0
100707,19800624,  114,    0
100707,19800625,  122,    0
100707,19800626,  124,    0
100707,19800627,  136,    0
100707,19800628,  146,    0
100707,19800629,  134,    0
100707,19800630,  146,    0
100707,19800701,  142,    0
100707,19800702,  144,    0
100707,19800703,  120,    0
100707,19800704,  140,    0
100707,19800705,  126,    0
100707,19800706,  148,    0
100707,19800707,  124,    0
100707,19800708,  120,    0
100707,19800709,  118,    0
100707,19800710,  136,    0
100707,19800711,  120,    0
100707,19800712,  126,    0
100707,19800713,  130,    0
100707,19800714,  174,    0
100707,19800715,  134,    0
100707,19800716,  180,    0
100707,19800717,  160,    0
100707,19800718,  156,    0
100707,19800719,  174,    0
100707,19800720,  140,    0
100707,19800721,  176,    0
100707,19800722,  194,    0
100707,19800723,  176,    0
100707,19800724,  146,    0
100707,19800725,  150,    0
100707,19800726,  138,    0
100707,19800727,  124,    0
100707,19800728,  132,    0
100707,19800729,  164,    0
100707,19800730,  126,    0
100707,19800731,  144,    0
100707,19800801,  116,    0
100707,19800802,  164,    0
100707,19800803,  170,    0
100707,19800804,  166,    0
100707,19800805,  156,    0
100707,19800806,  176,    0
100707,19800807,  154,    0
100707,19800808,  128,    0
100707,19800809,  114,    0
100707,19800810,  140,    0
100707,19800811,  140,    0
100707,19800812,  176,    0
100707,19800813,  154,    0
100707,19800814,  168,    0
100707,19800815,  140,    0
100707,19800816,  134,    0
100707,19800817,  140,    0
100707,19800818,  194,    0
100707,19800819,  180,    0
100707,19800820,  190,    0
100707,19800821,  222,    0
100707,19800822,  254,    0
100707,19800823,  210,    0
100707,19800824,  162,    0
100707,19800825,  174,    0
100707,19800826,  182,    0
100707,19800827,  194,    0
100707,19800828,  178,    0
100707,19800829,  184,    0
100707,19800830,  174,    0
100707,19800831,  146,    0
100707,19800901,  144,    0
100707,19800902,  164,    0
100707,19800903,  158,    0
100707,19800904,  156,    0
100707,19800905,  146,    0
100707,19800906,  164,    0
100707,19800907,  174,    0
100707,19800908,  154,    0
100707,19800909,  162,    0
100707,19800910,  166,    0
100707,19800911,  182,    0
100707,19800912,  178,    0
100707,19800913,  188,    0
100707,19800914,  152,    0
100707,19800915,  150,    0
100707,19800916,  196,    0
100707,19800917,  166,    0
100707,19800918,  158,    0
100707,19800919,  130,    0
100707,19800920,  116,    0
100707,19800921,  130,    0
100707,19800922,  110,    0
100707,19800923,  110,    0
100707,19800924,  108,    0
100707,19800925,  114,    0
100707,19800926,  146,    0
100707,19800927,  130,    0
100707,19800928,  140,    0
100707,19800929,  154,    0
100707,19800930,  150,    0
100707,19801001,  144,    0
100707,19801002,  144,    0
100707,19801003,  144,    0
100707,19801004,  166,    0
100707,19801005,  148,    0
100707,19801006,  152,    0
100707,19801007,  150,    0
100707,19801008,  120,    0
100707,19801009,   88,    0
100707,19801010,   86,    0
100707,19801011,  116,    0
100707,19801012,   68,    0
100707,19801013,  110,    0
100707,19801014,   80,    0
100707,19801015,  100,    0
100707,19801016,   88,    0
100707,19801017,   80,    0
100707,19801018,   48,    0
100707,19801019,   30,    0
100707,19801020,   44,    0
100707,19801021,   74,    0
100707,19801022,   76,    0
100707,19801023,  146,    0
100707,19801024,  128,    0
100707,19801025,   80,    0
100707,19801026,   74,    0
100707,19801027,   92,    0
100707,19801028,   86,    0
100707,19801029,   76,    0
100707,19801030,   82,    0
100707,19801031,   82,    0
100707,19801101,   84,    0
100707,19801102,  120,    0
100707,19801103,  114,    0
100707,19801104,   42,    0
100707,19801105,   24,    0
100707,19801106,   64,    0
100707,19801107,  114,    0
100707,19801108,  104,    0
100707,19801109,   84,    0
100707,19801110,   54,    0
100707,19801111,  118,    0
100707,19801112,   90,    0
100707,19801113,   66,    0
100707,19801114,   24,    0
100707,19801115,    0,    0
100707,19801116,   18,    0
100707,19801117,   34,    0
100707,19801118,   44,    0
100707,19801119,   82,    0
100707,19801120,   68,    0
100707,19801121,   72,    0
100707,19801122,   50,    0
100707,19801123,   64,    0
100707,19801124,   62,    0
100707,19801125,   42,    0
100707,19801126,   46,    0
100707,19801127,   12,    0
100707,19801128,  -16,    0
100707,19801129,  -22,    0
100707,19801130,  -26,    0
100707,19801201,  -20,    0
100707,19801202,  -40,    0
100707,19801203,  -56,    0
100707,19801204,  -38,    0
100707,19801205,  -60,    0
100707,19801206,  -60,    0
100707,19801207,  -42,    0
100707,19801208,  -38,    0
100707,19801209,   -2,    0
100707,19801210,   20,    0
100707,19801211,   18,    0
100707,19801212,    0,    0
100707,19801213,  -16,    0
100707,19801214,   -2,    0
100707,19801215,   40,    0
100707,19801216,   34,    0
100707,19801217,   34,    0
100707,19801218,   44,    0
100707,19801219,   52,    0
100707,19801220,  126,    0
100707,19801221,   68,    0
100707,19801222,   -6,    0
100707,19801223,  -16,    0
100707,19801224,  -14,    0
100707,19801225,  -20,    0
100707,19801226,  -24,    0
100707,19801227,   10,    0
100707,19801228,    0,    0
100707,19801229,  -42,    0
100707,19801230,  -26,    0
100707,19801231,  -26,    0
100707,19810101,  -48,    0
100707,19810102,  -54,    0
100707,19810103,  -52,    0
100707,19810104,  -40,    0
100707,19810105,  -38,    0
100707,19810106,  -34,    0
100707,19810107,  -46,    0
100707,19810108,  -54,    0
100707,19810109,  -34,    0
100707,19810110,  -44,    0
100707,19810111,   12,    0
100707,19810112,    0,    0
100707,19810113,    4,    0
100707,19810114,   -6,    0
100707,19810115,   12,    0
100707,19810116,   62,    0
100707,19810117,   -2,    0
100707,19810118,  -28,    0
100707,19810119,  -44,    0
100707,19810120,  -16,    0
100707,19810121,   54,    0
100707,19810122,    0,    0
100707,19810123,   -4,    0
100707,19810124,    4,    0
100707,19810125,   -6,    0
100707,19810126,  -36,    0
100707,19810127,   -6,    0
100707,19810128,  -16,    0
100707,19810129,   34,    0
100707,19810130,   24,    0
100707,19810131,   22,    0
100707,19810201,  -26,    0
100707,19810202,  -64,    0
100707,19810203,  -66,    0
100707,19810204,   70,    0
100707,19810205,   44,    0
100707,19810206,  -16,    0
100707,19810207,    0,    0
100707,19810208,   -2,    0
100707,19810209,   60,    0
100707,19810210,   40,    0
100707,19810211,   16,    0
100707,19810212,  -28,    0
100707,19810213,  -26,    0
100707,19810214,   20,    0
100707,19810215,   44,    0
100707,19810216,   34,    0
100707,19810217,  -20,    0
100707,19810218,   16,    0
100707,19810219,   44,    0
100707,19810220,   20,    0
100707,19810221,   10,    0
100707,19810222,   28,    0
100707,19810223,    0,    0
100707,19810224,  -28,    0
100707,19810225,  -10,    0
100707,19810226,   70,    0
100707,19810227,  104,    0
100707,19810228,   80,    0
100707,19810301,   36,    0
100707,19810302,   66,    0
100707,19810303,   30,    0
100707,19810304,   74,    0
100707,19810305,   64,    0
100707,19810306,  112,    0
100707,19810307,   80,    0
100707,19810308,   98,    0
100707,19810309,   94,    0
100707,19810310,  118,    0
100707,19810311,   74,    0
100707,19810312,  112,    0
100707,19810313,   82,    0
100707,19810314,   58,    0
100707,19810315,   42,    0
100707,19810316,   12,    0
100707,19810317,   36,    0
100707,19810318,   -4,    0
100707,19810319,   84,    0
100707,19810320,   98,    0
100707,19810321,   80,    0
100707,19810322,  126,    0
100707,19810323,  124,    0
100707,19810324,   94,    0
100707,19810325,   98,    0
100707,19810326,   84,    0
100707,19810327,   78,    0
100707,19810328,  102,    0
100707,19810329,   84,    0
100707,19810330,   74,    0
100707,19810331,   68,    0
100707,19810401,   70,    0
100707,19810402,   78,    0
100707,19810403,   84,    0
100707,19810404,   48,    0
100707,19810405,   80,    0
100707,19810406,   92,    0
100707,19810407,   98,    0
100707,19810408,  122,    0
100707,19810409,  120,    0
100707,19810410,  132,    0
100707,19810411,  110,    0
100707,19810412,  104,    0
100707,19810413,   84,    0
100707,19810414,   74,    0
100707,19810415,   80,    0
100707,19810416,   78,    0
100707,19810417,   86,    0
100707,19810418,   86,    0
100707,19810419,   82,    0
100707,19810420,   92,    0
100707,19810421,   62,    0
100707,19810422,   76,    0
100707,19810423,   72,    0
100707,19810424,   44,    0
100707,19810425,   70,    0
100707,19810426,   34,    0
100707,19810427,   58,    0
100707,19810428,   38,    0
100707,19810429,   62,    0
100707,19810430,  106,    0
100707,19810501,   86,    0
100707,19810502,  104,    0
100707,19810503,   82,    0
100707,19810504,   80,    0
100707,19810505,  102,    0
100707,19810506,  102,    0
100707,19810507,  110,    0
100707,19810508,  104,    0
100707,19810509,   78,    0
100707,19810510,   72,    0
100707,19810511,   94,    0
100707,19810512,   72,    0
100707,19810513,   86,    0
100707,19810514,   72,    0
100707,19810515,   92,    0
100707,19810516,   98,    0
100707,19810517,  108,    0
100707,19810518,   86,    0
100707,19810519,   96,    0
100707,19810520,  105,    0
100707,19810521,   88,    0
100707,19810522,   88,    0
100707,19810523,  104,    0
100707,19810524,  118,    0
100707,19810525,  114,    0
100707,19810526,   78,    0
100707,19810527,   76,    0
100707,19810528,   96,    0
100707,19810529,  156,    0
100707,19810530,  126,    0
100707,19810531,  114,    0
100707,19810601,  146,    0
100707,19810602,   94,    0
100707,19810603,  134,    0
100707,19810604,   94,    0
100707,19810605,  144,    0
100707,19810606,  146,    0
100707,19810607,  128,    0
100707,19810608,  148,    0
100707,19810609,  172,    0
100707,19810610,  140,    0
100707,19810611,  182,    0
100707,19810612,  196,    0
100707,19810613,  212,    0
100707,19810614,  206,    0
100707,19810615,  192,    0
100707,19810616,  206,    0
100707,19810617,  190,    0
100707,19810618,  226,    0
100707,19810619,  210,    0
100707,19810620,  194,    0
100707,19810621,  206,    0
100707,19810622,  174,    0
100707,19810623,  168,    0
100707,19810624,  148,    0
100707,19810625,  176,    0
100707,19810626,  150,    0
100707,19810627,  150,    0
100707,19810628,  126,    0
100707,19810629,  132,    0
100707,19810630,  150,    0
100707,19810701,  184,    0
100707,19810702,  166,    0
100707,19810703,  126,    0
100707,19810704,  150,    0
100707,19810705,  150,    0
100707,19810706,  146,    0
100707,19810707,  160,    0
100707,19810708,  132,    0
100707,19810709,  150,    0
100707,19810710,  148,    0
100707,19810711,  164,    0
100707,19810712,  170,    0
100707,19810713,  168,    0
100707,19810714,  204,    0
100707,19810715,  202,    0
100707,19810716,  206,    0
100707,19810717,  220,    0
100707,19810718,  170,    0
100707,19810719,  156,    0
100707,19810720,  150,    0
100707,19810721,  172,    0
100707,19810722,  194,    0
100707,19810723,  144,    0
100707,19810724,  136,    0
100707,19810725,  136,    0
100707,19810726,  165,    0
100707,19810727,  180,    0
100707,19810728,  180,    0
100707,19810729,  194,    0
100707,19810730,  226,    0
100707,19810731,  156,    0
100707,19810801,  166,    0
100707,19810802,  140,    0
100707,19810803,  146,    0
100707,19810804,  180,    0
100707,19810805,  186,    0
100707,19810806,  200,    0
100707,19810807,  170,    0
100707,19810808,  142,    0
100707,19810809,  164,    0
100707,19810810,  174,    0
100707,19810811,  174,    0
100707,19810812,  172,    0
100707,19810813,  170,    0
100707,19810814,  190,    0
100707,19810815,  190,    0
100707,19810816,  186,    0
100707,19810817,  174,    0
100707,19810818,  162,    0
100707,19810819,  154,    0
100707,19810820,  156,    0
100707,19810821,  158,    0
100707,19810822,  168,    0
100707,19810823,  186,    0
100707,19810824,  196,    0
100707,19810825,  190,    0
100707,19810826,  166,    0
100707,19810827,  176,    0
100707,19810828,  158,    0
100707,19810829,  150,    0
100707,19810830,  156,    0
100707,19810831,  136,    0
100707,19810901,  144,    0
100707,19810902,  140,    0
100707,19810903,  152,    0
100707,19810904,  156,    0
100707,19810905,  160,    0
100707,19810906,  164,    0
100707,19810907,  174,    0
100707,19810908,  172,    0
100707,19810909,  208,    0
100707,19810910,  170,    0
100707,19810911,  172,    0
100707,19810912,  130,    0
100707,19810913,  160,    0
100707,19810914,  174,    0
100707,19810915,  182,    0
100707,19810916,  200,    0
100707,19810917,  154,    0
100707,19810918,  166,    0
100707,19810919,  172,    0
100707,19810920,  166,    0
100707,19810921,  140,    0
100707,19810922,  106,    0
100707,19810923,  106,    0
100707,19810924,  114,    0
100707,19810925,  158,    0
100707,19810926,  136,    0
100707,19810927,  136,    0
100707,19810928,  106,    0
100707,19810929,  128,    0
100707,19810930,  140,    0
100707,19811001,  150,    0
100707,19811002,  144,    0
100707,19811003,  152,    0
100707,19811004,  160,    0
100707,19811005,  138,    0
100707,19811006,  148,    0
100707,19811007,  102,    0
100707,19811008,  126,    0
100707,19811009,  136,    0
100707,19811010,  136,    0
100707,19811011,  124,    0
100707,19811012,  154,    0
100707,19811013,  150,    0
100707,19811014,  144,    0
100707,19811015,   98,    0
100707,19811016,  104,    0
100707,19811017,  156,    0
100707,19811018,  144,    0
100707,19811019,  116,    0
100707,19811020,  114,    0
100707,19811021,  126,    0
100707,19811022,   76,    0
100707,19811023,   58,    0
100707,19811024,   82,    0
100707,19811025,   60,    0
100707,19811026,   82,    0
100707,19811027,   54,    0
100707,19811028,   25,    0
100707,19811029,   26,    0
100707,19811030,   22,    0
100707,19811031,   36,    0
100707,19811101,   46,    0
100707,19811102,   50,    0
100707,19811103,   52,    0
100707,19811104,   40,    0
100707,19811105,   52,    0
100707,19811106,   56,    0
100707,19811107,   34,    0
100707,19811108,   50,    0
100707,19811109,   78,    0
100707,19811110,   72,    0
100707,19811111,   62,    0
100707,19811112,   66,    0
100707,19811113,  104,    0
100707,19811114,   64,    0
100707,19811115,   68,    0
100707,19811116,   62,    0
100707,19811117,  116,    0
100707,19811118,   74,    0
100707,19811119,   60,    0
100707,19811120,   76,    0
100707,19811121,   58,    0
100707,19811122,   64,    0
100707,19811123,   84,    0
100707,19811124,  106,    0
100707,19811125,   56,    0
100707,19811126,   38,    0
100707,19811127,    6,    0
100707,19811128,    2,    0
100707,19811129,   66,    0
100707,19811130,   20,    0
100707,19811201,    0,    0
100707,19811202,    0,    0
100707,19811203,   -2,    0
100707,19811204,  -40,    0
100707,19811205,  -44,    0
100707,19811206,   32,    0
100707,19811207,  -12,    0
100707,19811208,   50,    0
100707,19811209,  104,    0
100707,19811210,  112,    0
100707,19811211,  118,    0
100707,19811212,  124,    0
100707,19811213,  142,    0
100707,19811214,  108,    0
100707,19811215,   94,    0
100707,19811216,  108,    0
100707,19811217,   90,    0
100707,19811218,   50,    0
100707,19811219,    6,    0
100707,19811220,   -6,    0
100707,19811221,   62,    0
100707,19811222,  136,    0
100707,19811223,  124,    0
100707,19811224,   72,    0
100707,19811225,   34,    0
100707,19811226,   16,    0
100707,19811227,   60,    0
100707,19811228,   60,    0
100707,19811229,   60,    0
100707,19811230,   90,    0
100707,19811231,   80,    0
100707,19820101,   40,    0
100707,19820102,   42,    0
100707,19820103,   38,    0
100707,19820104,   94,    0
100707,19820105,   92,    0
100707,19820106,   82,    0
100707,19820107,   65,    0
100707,19820108,   48,    0
100707,19820109,   66,    0
100707,19820110,   78,    0
100707,19820111,   72,    0
100707,19820112,   72,    0
100707,19820113,   76,    0
100707,19820114,   66,    0
100707,19820115,   36,    0
100707,19820116,   68,    0
100707,19820117,   26,    0
100707,19820118,   40,    0
100707,19820119,   84,    0
100707,19820120,   66,    0
100707,19820121,   64,    0
100707,19820122,   48,    0
100707,19820123,   44,    0
100707,19820124,   26,    0
100707,19820125,   26,    0
100707,19820126,   16,    0
100707,19820127,   54,    0
100707,19820128,   34,    0
100707,19820129,   -6,    0
100707,19820130,  -20,    0
100707,19820131,   -4,    0
100707,19820201,   36,    0
100707,19820202,   40,    0
100707,19820203,   78,    0
100707,19820204,   54,    0
100707,19820205,   54,    0
100707,19820206,   34,    0
100707,19820207,   56,    0
100707,19820208,   66,    0
100707,19820209,   38,    0
100707,19820210,   56,    0
100707,19820211,   64,    0
100707,19820212,   40,    0
100707,19820213,   90,    0
100707,19820214,   60,    0
100707,19820215,   54,    0
100707,19820216,   28,    0
100707,19820217,   16,    0
100707,19820218,   60,    0
100707,19820219,   44,    0
100707,19820220,   60,    0
100707,19820221,   80,    0
100707,19820222,   64,    0
100707,19820223,   40,    0
100707,19820224,   20,    0
100707,19820225,   78,    0
100707,19820226,   76,    0
100707,19820227,  106,    0
100707,19820228,   98,    0
100707,19820301,  102,    0
100707,19820302,   62,    0
100707,19820303,   34,    0
100707,19820304,   78,    0
100707,19820305,   40,    0
100707,19820306,   22,    0
100707,19820307,   50,    0
100707,19820308,   24,    0
100707,19820309,   26,    0
100707,19820310,   22,    0
100707,19820311,   62,    0
100707,19820312,   42,    0
100707,19820313,   76,    0
100707,19820314,   44,    0
100707,19820315,   68,    0
100707,19820316,   68,    0
100707,19820317,   70,    0
100707,19820318,   58,    0
100707,19820319,   72,    0
100707,19820320,   76,    0
100707,19820321,   86,    0
100707,19820322,   57,    0
100707,19820323,   78,    0
100707,19820324,   40,    0
100707,19820325,   52,    0
100707,19820326,   34,    0
100707,19820327,   32,    0
100707,19820328,   66,    0
100707,19820329,   96,    0
100707,19820330,   66,    0
100707,19820331,   92,    0
100707,19820401,   78,    0
100707,19820402,   26,    0
100707,19820403,   54,    0
100707,19820404,  110,    0
100707,19820405,   84,    0
100707,19820406,   44,    0
100707,19820407,   54,    0
100707,19820408,   72,    0
100707,19820409,   98,    0
100707,19820410,   76,    0
100707,19820411,  122,    0
100707,19820412,  100,    0
100707,19820413,  126,    0
100707,19820414,   98,    0
100707,19820415,   50,    0
100707,19820416,   72,    0
100707,19820417,   88,    0
100707,19820418,   94,    0
100707,19820419,   98,    0
100707,19820420,   70,    0
100707,19820421,   76,    0
100707,19820422,   82,    0
100707,19820423,  112,    0
100707,19820424,  114,    0
100707,19820425,   96,    0
100707,19820426,   82,    0
100707,19820427,   66,    0
100707,19820428,   58,    0
100707,19820429,  102,    0
100707,19820430,   80,    0
100707,19820501,   94,    0
100707,19820502,   82,    0
100707,19820503,  104,    0
100707,19820504,  104,    0
100707,19820505,   54,    0
100707,19820506,   54,    0
100707,19820507,   65,    0
100707,19820508,   54,    0
100707,19820509,   74,    0
100707,19820510,   94,    0
100707,19820511,   84,    0
100707,19820512,  132,    0
100707,19820513,   86,    0
100707,19820514,  132,    0
100707,19820515,  126,    0
100707,19820516,  116,    0
100707,19820517,  102,    0
100707,19820518,  154,    0
100707,19820519,  114,    0
100707,19820520,  154,    0
100707,19820521,  162,    0
100707,19820522,  158,    0
100707,19820523,  114,    0
100707,19820524,  144,    0
100707,19820525,  166,    0
100707,19820526,  148,    0
100707,19820527,  104,    0
100707,19820528,  114,    0
100707,19820529,  110,    0
100707,19820530,  134,    0
100707,19820531,  116,    0
100707,19820601,  136,    0
100707,19820602,  152,    0
100707,19820603,  112,    0
100707,19820604,  102,    0
100707,19820605,  122,    0
100707,19820606,  152,    0
100707,19820607,  134,    0
100707,19820608,  166,    0
100707,19820609,  154,    0
100707,19820610,  146,    0
100707,19820611,  120,    0
100707,19820612,  120,    0
100707,19820613,  176,    0
100707,19820614,  150,    0
100707,19820615,  172,    0
100707,19820616,  180,    0
100707,19820617,  168,    0
100707,19820618,  126,    0
100707,19820619,  126,    0
100707,19820620,  128,    0
100707,19820621,  164,    0
100707,19820622,  176,    0
100707,19820623,  122,    0
100707,19820624,  126,    0
100707,19820625,  160,    0
100707,19820626,  116,    0
100707,19820627,  116,    0
100707,19820628,  146,    0
100707,19820629,  182,    0
100707,19820630,  184,    0
100707,19820701,  224,    0
100707,19820702,  162,    0
100707,19820703,  132,    0
100707,19820704,  158,    0
100707,19820705,  184,    0
100707,19820706,  162,    0
100707,19820707,  176,    0
100707,19820708,  180,    0
100707,19820709,  158,    0
100707,19820710,  174,    0
100707,19820711,  172,    0
100707,19820712,  146,    0
100707,19820713,  148,    0
100707,19820714,  136,    0
100707,19820715,  132,    0
100707,19820716,  136,    0
100707,19820717,  146,    0
100707,19820718,  154,    0
100707,19820719,  148,    0
100707,19820720,  146,    0
100707,19820721,  148,    0
100707,19820722,  146,    0
100707,19820723,  142,    0
100707,19820724,  158,    0
100707,19820725,  162,    0
100707,19820726,  168,    0
100707,19820727,  162,    0
100707,19820728,  170,    0
100707,19820729,  178,    0
100707,19820730,  168,    0
100707,19820731,  134,    0
100707,19820801,  180,    0
100707,19820802,  146,    0
100707,19820803,  156,    0
100707,19820804,  178,    0
100707,19820805,  184,    0
100707,19820806,  150,    0
100707,19820807,  186,    0
100707,19820808,  176,    0
100707,19820809,  164,    0
100707,19820810,  176,    0
100707,19820811,  180,    0
100707,19820812,  204,    0
100707,19820813,  182,    0
100707,19820814,  152,    0
100707,19820815,  150,    0
100707,19820816,  154,    0
100707,19820817,  118,    0
100707,19820818,  174,    0
100707,19820819,  184,    0
100707,19820820,  204,    0
100707,19820821,  174,    0
100707,19820822,  174,    0
100707,19820823,  214,    0
100707,19820824,  170,    0
100707,19820825,  196,    0
100707,19820826,  178,    0
100707,19820827,  136,    0
100707,19820828,  140,    0
100707,19820829,  134,    0
100707,19820830,  186,    0
100707,19820831,  200,    0
100707,19820901,  178,    0
100707,19820902,  148,    0
100707,19820903,  160,    0
100707,19820904,  156,    0
100707,19820905,  172,    0
100707,19820906,  148,    0
100707,19820907,  116,    0
100707,19820908,  122,    0
100707,19820909,  150,    0
100707,19820910,  196,    0
100707,19820911,  172,    0
100707,19820912,  174,    0
100707,19820913,  156,    0
100707,19820914,  166,    0
100707,19820915,  166,    0
100707,19820916,  178,    0
100707,19820917,  178,    0
100707,19820918,  174,    0
100707,19820919,  166,    0
100707,19820920,  172,    0
100707,19820921,  154,    0
100707,19820922,  156,    0
100707,19820923,  118,    0
100707,19820924,  146,    0
100707,19820925,  118,    0
100707,19820926,   94,    0
100707,19820927,   92,    0
100707,19820928,  126,    0
100707,19820929,  140,    0
100707,19820930,  104,    0
100707,19821001,  100,    0
100707,19821002,  118,    0
100707,19821003,  156,    0
100707,19821004,  132,    0
100707,19821005,  148,    0
100707,19821006,  114,    0
100707,19821007,  100,    0
100707,19821008,   88,    0
100707,19821009,  100,    0
100707,19821010,  110,    0
100707,19821011,   86,    0
100707,19821012,  102,    0
100707,19821013,  130,    0
100707,19821014,  108,    0
100707,19821015,   96,    0
100707,19821016,   78,    0
100707,19821017,  150,    0
100707,19821018,  106,    0
100707,19821019,   84,    0
100707,19821020,   72,    0
100707,19821021,  146,    0
100707,19821022,  100,    0
100707,19821023,   90,    0
100707,19821024,   64,    0
100707,19821025,   34,    0
100707,19821026,   52,    0
100707,19821027,   70,    0
100707,19821028,   86,    0
100707,19821029,   90,    0
100707,19821030,   70,    0
100707,19821031,   80,    0
100707,19821101,  106,    0
100707,19821102,  114,    0
100707,19821103,  120,    0
100707,19821104,  100,    0
100707,19821105,  106,    0
100707,19821106,  122,    0
100707,19821107,   98,    0
100707,19821108,  110,    0
100707,19821109,   76,    0
100707,19821110,   58,    0
100707,19821111,   64,    0
100707,19821112,   56,    0
100707,19821113,  110,    0
100707,19821114,   86,    0
100707,19821115,   74,    0
100707,19821116,   48,    0
100707,19821117,   32,    0
100707,19821118,   24,    0
100707,19821119,   20,    0
100707,19821120,   52,    0
100707,19821121,   24,    0
100707,19821122,   42,    0
100707,19821123,   66,    0
100707,19821124,   64,    0
100707,19821125,   90,    0
100707,19821126,   52,    0
100707,19821127,   60,    0
100707,19821128,   78,    0
100707,19821129,   46,    0
100707,19821130,    8,    0
100707,19821201,  -18,    0
100707,19821202,  -22,    0
100707,19821203,  -22,    0
100707,19821204,   -4,    0
100707,19821205,   14,    0
100707,19821206,   60,    0
100707,19821207,   74,    0
100707,19821208,  106,    0
100707,19821209,   86,    0
100707,19821210,   98,    0
100707,19821211,   82,    0
100707,19821212,  100,    0
100707,19821213,   74,    0
100707,19821214,   46,    0
100707,19821215,   30,    0
100707,19821216,   28,    0
100707,19821217,   64,    0
100707,19821218,   50,    0
100707,19821219,   20,    0
100707,19821220,   86,    0
100707,19821221,   50,    0
100707,19821222,   32,    0
100707,19821223,   16,    0
100707,19821224,   36,    0
100707,19821225,   -2,    0
100707,19821226,   12,    0
100707,19821227,   20,    0
100707,19821228,    6,    0
100707,19821229,  -12,    0
100707,19821230,    4,    0
100707,19821231,   -6,    0
100707,19830101,  -24,    0
100707,19830102,  -28,    0
100707,19830103,  -26,    0
100707,19830104,  -26,    0
100707,19830105,  -30,    0
100707,19830106,   22,    0
100707,19830107,   48,    0
100707,19830108,   48,    0
100707,19830109,  -10,    0
100707,19830110,  -10,    0
100707,19830111,    0,    0
100707,19830112,   14,    0
100707,19830113,  -14,    0
100707,19830114,   44,    0
100707,19830115,  -10,    0
100707,19830116,  -12,    0
100707,19830117,  -13,    0
100707,19830118,   18,    0
100707,19830119,   30,    0
100707,19830120,   26,    0
100707,19830121,   16,    0
100707,19830122,    6,    0
100707,19830123,   26,    0
100707,19830124,   40,    0
100707,19830125,   28,    0
100707,19830126,   16,    0
100707,19830127,  -10,    0
100707,19830128,   -6,    0
100707,19830129,    6,    0
100707,19830130,    0,    0
100707,19830131,    8,    0
100707,19830201,   -2,    0
100707,19830202,   14,    0
100707,19830203,   14,    0
100707,19830204,  -16,    0
100707,19830205,   -6,    0
100707,19830206,   50,    0
100707,19830207,   26,    0
100707,19830208,   -4,    0
100707,19830209,  -28,    0
100707,19830210,  -40,    0
100707,19830211,  -32,    0
100707,19830212,  -16,    0
100707,19830213,  -24,    0
100707,19830214,  -36,    0
100707,19830215,  -44,    0
100707,19830216,   22,    0
100707,19830217,   14,    0
100707,19830218,   64,    0
100707,19830219,   54,    0
100707,19830220,   74,    0
100707,19830221,  108,    0
100707,19830222,  110,    0
100707,19830223,  126,    0
100707,19830224,  102,    0
100707,19830225,  142,    0
100707,19830226,   90,    0
100707,19830227,   56,    0
100707,19830228,   52,    0
100707,19830301,   24,    0
100707,19830302,   48,    0
100707,19830303,   52,    0
100707,19830304,   88,    0
100707,19830305,   56,    0
100707,19830306,   68,    0
100707,19830307,   62,    0
100707,19830308,   64,    0
100707,19830309,   70,    0
100707,19830310,   66,    0
100707,19830311,   50,    0
100707,19830312,   60,    0
100707,19830313,   78,    0
100707,19830314,  100,    0
100707,19830315,   84,    0
100707,19830316,   60,    0
100707,19830317,   40,    0
100707,19830318,   58,    0
100707,19830319,   62,    0
100707,19830320,  130,    0
100707,19830321,  122,    0
100707,19830322,   96,    0
100707,19830323,  110,    0
100707,19830324,   88,    0
100707,19830325,   48,    0
100707,19830326,   40,    0
100707,19830327,   50,    0
100707,19830328,   44,    0
100707,19830329,   56,    0
100707,19830330,   28,    0
100707,19830331,   62,    0
100707,19830401,   76,    0
100707,19830402,   40,    0
100707,19830403,   42,    0
100707,19830404,   46,    0
100707,19830405,   70,    0
100707,19830406,   76,    0
100707,19830407,   72,    0
100707,19830408,   62,    0
100707,19830409,   80,    0
100707,19830410,   46,    0
100707,19830411,   70,    0
100707,19830412,   56,    0
100707,19830413,   78,    0
100707,19830414,   96,    0
100707,19830415,  130,    0
100707,19830416,  160,    0
100707,19830417,  126,    0
100707,19830418,   96,    0
100707,19830419,   74,    0
100707,19830420,   76,    0
100707,19830421,   62,    0
100707,19830422,   76,    0
100707,19830423,   62,    0
100707,19830424,   94,    0
100707,19830425,   64,    0
100707,19830426,   66,    0
100707,19830427,   78,    0
100707,19830428,   52,    0
100707,19830429,   80,    0
100707,19830430,  106,    0
100707,19830501,   94,    0
100707,19830502,   50,    0
100707,19830503,   96,    0
100707,19830504,  106,    0
100707,19830505,  104,    0
100707,19830506,  144,    0
100707,19830507,  106,    0
100707,19830508,  106,    0
100707,19830509,  118,    0
100707,19830510,  122,    0
100707,19830511,  112,    0
100707,19830512,  112,    0
100707,19830513,   86,    0
100707,19830514,   94,    0
100707,19830515,   62,    0
100707,19830516,   96,    0
100707,19830517,  106,    0
100707,19830518,   74,    0
100707,19830519,   76,    0
100707,19830520,   76,    0
100707,19830521,   70,    0
100707,19830522,   64,    0
100707,19830523,   78,    0
100707,19830524,  100,    0
100707,19830525,  110,    0
100707,19830526,  132,    0
100707,19830527,  138,    0
100707,19830528,   94,    0
100707,19830529,   92,    0
100707,19830530,  110,    0
100707,19830531,  136,    0
100707,19830601,  114,    0
100707,19830602,  100,    0
100707,19830603,  128,    0
100707,19830604,  166,    0
100707,19830605,  178,    0
100707,19830606,  150,    0
100707,19830607,  144,    0
100707,19830608,  140,    0
100707,19830609,  154,    0
100707,19830610,  180,    0
100707,19830611,  202,    0
100707,19830612,  158,    0
100707,19830613,  150,    0
100707,19830614,  180,    0
100707,19830615,  170,    0
100707,19830616,  162,    0
100707,19830617,  208,    0
100707,19830618,  186,    0
100707,19830619,  202,    0
100707,19830620,  182,    0
100707,19830621,  166,    0
100707,19830622,  164,    0
100707,19830623,  152,    0
100707,19830624,  160,    0
100707,19830625,  140,    0
100707,19830626,  136,    0
100707,19830627,  166,    0
100707,19830628,  176,    0
100707,19830629,  176,    0
100707,19830630,  170,    0
100707,19830701,  158,    0
100707,19830702,  160,    0
100707,19830703,  178,    0
100707,19830704,  152,    0
100707,19830705,  164,    0
100707,19830706,  166,    0
100707,19830707,  156,    0
100707,19830708,  134,    0
100707,19830709,  154,    0
100707,19830710,  182,    0
100707,19830711,  188,    0
100707,19830712,  158,    0
100707,19830713,  168,    0
100707,19830714,  148,    0
100707,19830715,  130,    0
100707,19830716,  166,    0
100707,19830717,  162,    0
100707,19830718,  172,    0
100707,19830719,  156,    0
100707,19830720,  158,    0
100707,19830721,  148,    0
100707,19830722,  150,    0
100707,19830723,  148,    0
100707,19830724,  170,    0
100707,19830725,  174,    0
100707,19830726,  156,    0
100707,19830727,  162,    0
100707,19830728,  162,    0
100707,19830729,  174,    0
100707,19830730,  166,    0
100707,19830731,  180,    0
100707,19830801,  168,    0
100707,19830802,  166,    0
100707,19830803,  180,    0
100707,19830804,  186,    0
100707,19830805,  146,    0
100707,19830806,  180,    0
100707,19830807,  210,    0
100707,19830808,  172,    0
100707,19830809,  182,    0
100707,19830810,  164,    0
100707,19830811,  146,    0
100707,19830812,  166,    0
100707,19830813,  152,    0
100707,19830814,  156,    0
100707,19830815,  150,    0
100707,19830816,  170,    0
100707,19830817,  154,    0
100707,19830818,  170,    0
100707,19830819,  166,    0
100707,19830820,  154,    0
100707,19830821,  174,    0
100707,19830822,  166,    0
100707,19830823,  178,    0
100707,19830824,  162,    0
100707,19830825,  182,    0
100707,19830826,  196,    0
100707,19830827,  184,    0
100707,19830828,  184,    0
100707,19830829,  174,    0
100707,19830830,  204,    0
100707,19830831,  162,    0
100707,19830901,  166,    0
100707,19830902,  188,    0
100707,19830903,  142,    0
100707,19830904,  158,    0
100707,19830905,  190,    0
100707,19830906,  182,    0
100707,19830907,  196,    0
100707,19830908,  218,    0
100707,19830909,  148,    0
100707,19830910,  122,    0
100707,19830911,  118,    0
100707,19830912,  132,    0
100707,19830913,  140,    0
100707,19830914,  154,    0
100707,19830915,  150,    0
100707,19830916,  146,    0
100707,19830917,  162,    0
100707,19830918,  174,    0
100707,19830919,  172,    0
100707,19830920,  148,    0
100707,19830921,  156,    0
100707,19830922,  156,    0
100707,19830923,  194,    0
100707,19830924,  174,    0
100707,19830925,  166,    0
100707,19830926,  194,    0
100707,19830927,  192,    0
100707,19830928,  148,    0
100707,19830929,  166,    0
100707,19830930,  158,    0
100707,19831001,  144,    0
100707,19831002,  130,    0
100707,19831003,  136,    0
100707,19831004,  138,    0
100707,19831005,  162,    0
100707,19831006,  150,    0
100707,19831007,  140,    0
100707,19831008,  124,    0
100707,19831009,  130,    0
100707,19831010,  138,    0
100707,19831011,  122,    0
100707,19831012,  102,    0
100707,19831013,  124,    0
100707,19831014,  140,    0
100707,19831015,   82,    0
100707,19831016,  132,    0
100707,19831017,  108,    0
100707,19831018,   76,    0
100707,19831019,   80,    0
100707,19831020,   84,    0
100707,19831021,   78,    0
100707,19831022,  102,    0
100707,19831023,  106,    0
100707,19831024,  126,    0
100707,19831025,  124,    0
100707,19831026,  118,    0
100707,19831027,  142,    0
100707,19831028,  136,    0
100707,19831029,  150,    0
100707,19831030,   90,    0
100707,19831031,   70,    0
100707,19831101,   42,    0
100707,19831102,   50,    0
100707,19831103,  134,    0
100707,19831104,  146,    0
100707,19831105,  140,    0
100707,19831106,  132,    0
100707,19831107,  106,    0
100707,19831108,  146,    0
100707,19831109,  124,    0
100707,19831110,  112,    0
100707,19831111,  136,    0
100707,19831112,  126,    0
100707,19831113,  122,    0
100707,19831114,  132,    0
100707,19831115,  100,    0
100707,19831116,  120,    0
100707,19831117,  122,    0
100707,19831118,   84,    0
100707,19831119,  130,    0
100707,19831120,  140,    0
100707,19831121,  150,    0
100707,19831122,  138,    0
100707,19831123,  120,    0
100707,19831124,   88,    0
100707,19831125,   96,    0
100707,19831126,   94,    0
100707,19831127,  112,    0
100707,19831128,  116,    0
100707,19831129,   76,    0
100707,19831130,   74,    0
100707,19831201,   74,    0
100707,19831202,   60,    0
100707,19831203,   60,    0
100707,19831204,   26,    0
100707,19831205,   38,    0
100707,19831206,   46,    0
100707,19831207,   26,    0
100707,19831208,   24,    0
100707,19831209,   28,    0
100707,19831210,   62,    0
100707,19831211,    4,    0
100707,19831212,   64,    0
100707,19831213,    6,    0
100707,19831214,   -6,    0
100707,19831215,   30,    0
100707,19831216,   58,    0
100707,19831217,   64,    0
100707,19831218,   88,    0
100707,19831219,   96,    0
100707,19831220,  102,    0
100707,19831221,   78,    0
100707,19831222,   86,    0
100707,19831223,   62,    0
100707,19831224,   48,    0
100707,19831225,   34,    0
100707,19831226,   32,    0
100707,19831227,   26,    0
100707,19831228,   40,    0
100707,19831229,   42,    0
100707,19831230,   30,    0
100707,19831231,   18,    0
100707,19840101,   28,    0
100707,19840102,   56,    0
100707,19840103,   76,    0
100707,19840104,   52,    0
100707,19840105,   14,    0
100707,19840106,   52,    0
100707,19840107,   54,    0
100707,19840108,   86,    0
100707,19840109,   34,    0
100707,19840110,   -6,    0
100707,19840111,  -16,    0
100707,19840112,   50,    0
100707,19840113,   44,    0
100707,19840114,   36,    0
100707,19840115,   52,    0
100707,19840116,    8,    0
100707,19840117,    4,    0
100707,19840118,   48,    0
100707,19840119,   98,    0
100707,19840120,   90,    0
100707,19840121,   90,    0
100707,19840122,  106,    0
100707,19840123,  122,    0
100707,19840124,   70,    0
100707,19840125,   20,    0
100707,19840126,   52,    0
100707,19840127,   26,    0
100707,19840128,   12,    0
100707,19840129,    2,    0
100707,19840130,   50,    0
100707,19840131,   90,    0
100707,19840201,   82,    0
100707,19840202,   58,    0
100707,19840203,   58,    0
100707,19840204,   50,    0
100707,19840205,   42,    0
100707,19840206,   48,    0
100707,19840207,   14,    0
100707,19840208,   70,    0
100707,19840209,   80,    0
100707,19840210,   26,    0
100707,19840211,    0,    0
100707,19840212,  -14,    0
100707,19840213,   12,    0
100707,19840214,  -22,    0
100707,19840215,  -10,    0
100707,19840216,  -28,    0
100707,19840217,  -22,    0
100707,19840218,   16,    0
100707,19840219,   62,    0
100707,19840220,   16,    0
100707,19840221,   58,    0
100707,19840222,   30,    0
100707,19840223,   62,    0
100707,19840224,   24,    0
100707,19840225,    6,    0
100707,19840226,  -26,    0
100707,19840227,   46,    0
100707,19840228,   30,    0
100707,19840229,   22,    0
100707,19840301,   18,    0
100707,19840302,   -8,    0
100707,19840303,   26,    0
100707,19840304,   14,    0
100707,19840305,   18,    0
100707,19840306,   10,    0
100707,19840307,   14,    0
100707,19840308,   -6,    0
100707,19840309,   18,    0
100707,19840310,  -10,    0
100707,19840311,  -14,    0
100707,19840312,  -26,    0
100707,19840313,   40,    0
100707,19840314,   18,    0
100707,19840315,   54,    0
100707,19840316,   62,    0
100707,19840317,   48,    0
100707,19840318,   62,    0
100707,19840319,   74,    0
100707,19840320,   78,    0
100707,19840321,   70,    0
100707,19840322,   76,    0
100707,19840323,   60,    0
100707,19840324,  108,    0
100707,19840325,   86,    0
100707,19840326,   60,    0
100707,19840327,   50,    0
100707,19840328,   94,    0
100707,19840329,   88,    0
100707,19840330,  128,    0
100707,19840331,   96,    0
100707,19840401,   92,    0
100707,19840402,  114,    0
100707,19840403,  136,    0
100707,19840404,   86,    0
100707,19840405,   78,    0
100707,19840406,   86,    0
100707,19840407,   80,    0
100707,19840408,  102,    0
100707,19840409,  100,    0
100707,19840410,  112,    0
100707,19840411,   98,    0
100707,19840412,  110,    0
100707,19840413,   90,    0
100707,19840414,  124,    0
100707,19840415,  110,    0
100707,19840416,   86,    0
100707,19840417,   98,    0
100707,19840418,  102,    0
100707,19840419,  108,    0
100707,19840420,  114,    0
100707,19840421,  118,    0
100707,19840422,  138,    0
100707,19840423,  124,    0
100707,19840424,  138,    0
100707,19840425,  104,    0
100707,19840426,  106,    0
100707,19840427,  130,    0
100707,19840428,  128,    0
100707,19840429,  110,    0
100707,19840430,  124,    0
100707,19840501,   88,    0
100707,19840502,   84,    0
100707,19840503,   86,    0
100707,19840504,   88,    0
100707,19840505,  100,    0
100707,19840506,  122,    0
100707,19840507,  100,    0
100707,19840508,  104,    0
100707,19840509,  110,    0
100707,19840510,   64,    0
100707,19840511,   84,    0
100707,19840512,   78,    0
100707,19840513,   96,    0
100707,19840514,   88,    0
100707,19840515,   76,    0
100707,19840516,   90,    0
100707,19840517,  102,    0
100707,19840518,   68,    0
100707,19840519,   54,    0
100707,19840520,   98,    0
100707,19840521,   78,    0
100707,19840522,   64,    0
100707,19840523,   74,    0
100707,19840524,  102,    0
100707,19840525,   90,    0
100707,19840526,   94,    0
100707,19840527,   82,    0
100707,19840528,   84,    0
100707,19840529,  114,    0
100707,19840530,   86,    0
100707,19840531,  106,    0
100707,19840601,  106,    0
100707,19840602,   92,    0
100707,19840603,   68,    0
100707,19840604,  124,    0
100707,19840605,   96,    0
100707,19840606,   92,    0
100707,19840607,   88,    0
100707,19840608,  102,    0
100707,19840609,  128,    0
100707,19840610,  142,    0
100707,19840611,  160,    0
100707,19840612,  162,    0
100707,19840613,  154,    0
100707,19840614,  168,    0
100707,19840615,  168,    0
100707,19840616,  176,    0
100707,19840617,  170,    0
100707,19840618,  162,    0
100707,19840619,  154,    0
100707,19840620,  168,    0
100707,19840621,  164,    0
100707,19840622,  164,    0
100707,19840623,  192,    0
100707,19840624,  196,    0
100707,19840625,  190,    0
100707,19840626,  192,    0
100707,19840627,  162,    0
100707,19840628,  166,    0
100707,19840629,  166,    0
100707,19840630,  156,    0
100707,19840701,  134,    0
100707,19840702,  144,    0
100707,19840703,  148,    0
100707,19840704,  162,    0
100707,19840705,  170,    0
100707,19840706,  182,    0
100707,19840707,  148,    0
100707,19840708,  150,    0
100707,19840709,  146,    0
100707,19840710,  160,    0
100707,19840711,  168,    0
100707,19840712,  140,    0
100707,19840713,  156,    0
100707,19840714,  172,    0
100707,19840715,  194,    0
100707,19840716,  156,    0
100707,19840717,  172,    0
100707,19840718,  162,    0
100707,19840719,  174,    0
100707,19840720,  148,    0
100707,19840721,  142,    0
100707,19840722,  168,    0
100707,19840723,  228,    0
100707,19840724,  172,    0
100707,19840725,  148,    0
100707,19840726,  154,    0
100707,19840727,  158,    0
100707,19840728,  156,    0
100707,19840729,  178,    0
100707,19840730,  196,    0
100707,19840731,  164,    0
100707,19840801,  154,    0
100707,19840802,  184,    0
100707,19840803,  162,    0
100707,19840804,  138,    0
100707,19840805,  168,    0
100707,19840806,  188,    0
100707,19840807,  182,    0
100707,19840808,  142,    0
100707,19840809,  152,    0
100707,19840810,  154,    0
100707,19840811,  148,    0
100707,19840812,  166,    0
100707,19840813,  174,    0
100707,19840814,  146,    0
100707,19840815,  142,    0
100707,19840816,  136,    0
100707,19840817,  136,    0
100707,19840818,  154,    0
100707,19840819,  152,    0
100707,19840820,  164,    0
100707,19840821,  176,    0
100707,19840822,  142,    0
100707,19840823,  156,    0
100707,19840824,  154,    0
100707,19840825,  174,    0
100707,19840826,  200,    0
100707,19840827,  162,    0
100707,19840828,  176,    0
100707,19840829,  164,    0
100707,19840830,  174,    0
100707,19840831,  168,    0
100707,19840901,  188,    0
100707,19840902,  176,    0
100707,19840903,  152,    0
100707,19840904,  152,    0
100707,19840905,  176,    0
100707,19840906,  148,    0
100707,19840907,  168,    0
100707,19840908,  146,    0
100707,19840909,  166,    0
100707,19840910,  128,    0
100707,19840911,  172,    0
100707,19840912,  154,    0
100707,19840913,  146,    0
100707,19840914,  146,    0
100707,19840915,  160,    0
100707,19840916,  156,    0
100707,19840917,  122,    0
100707,19840918,  124,    0
100707,19840919,  152,    0
100707,19840920,  118,    0
100707,19840921,  122,    0
100707,19840922,  124,    0
100707,19840923,  136,    0
100707,19840924,  130,    0
100707,19840925,   88,    0
100707,19840926,   82,    0
100707,19840927,  140,    0
100707,19840928,  126,    0
100707,19840929,  138,    0
100707,19840930,  108,    0
100707,19841001,  154,    0
100707,19841002,  126,    0
100707,19841003,  108,    0
100707,19841004,  112,    0
100707,19841005,   92,    0
100707,19841006,   78,    0
100707,19841007,   48,    0
100707,19841008,   54,    0
100707,19841009,   64,    0
100707,19841010,   76,    0
100707,19841011,   84,    0
100707,19841012,   86,    0
100707,19841013,   82,    0
100707,19841014,   88,    0
100707,19841015,   96,    0
100707,19841016,   78,    0
100707,19841017,   76,    0
100707,19841018,   88,    0
100707,19841019,  150,    0
100707,19841020,  120,    0
100707,19841021,   84,    0
100707,19841022,   56,    0
100707,19841023,   80,    0
100707,19841024,   94,    0
100707,19841025,  108,    0
100707,19841026,  138,    0
100707,19841027,  136,    0
100707,19841028,  100,    0
100707,19841029,  106,    0
100707,19841030,   96,    0
100707,19841031,  108,    0
100707,19841101,  140,    0
100707,19841102,   84,    0
100707,19841103,   46,    0
100707,19841104,   94,    0
100707,19841105,   80,    0
100707,19841106,  118,    0
100707,19841107,   88,    0
100707,19841108,   76,    0
100707,19841109,   88,    0
100707,19841110,   62,    0
100707,19841111,   80,    0
100707,19841112,   80,    0
100707,19841113,   70,    0
100707,19841114,   72,    0
100707,19841115,   92,    0
100707,19841116,  142,    0
100707,19841117,  124,    0
100707,19841118,  100,    0
100707,19841119,  112,    0
100707,19841120,   92,    0
100707,19841121,  112,    0
100707,19841122,  114,    0
100707,19841123,   70,    0
100707,19841124,   88,    0
100707,19841125,   62,    0
100707,19841126,   88,    0
100707,19841127,   64,    0
100707,19841128,   50,    0
100707,19841129,   38,    0
100707,19841130,  100,    0
100707,19841201,   78,    0
100707,19841202,   74,    0
100707,19841203,  110,    0
100707,19841204,  100,    0
100707,19841205,   92,    0
100707,19841206,  100,    0
100707,19841207,   80,    0
100707,19841208,   88,    0
100707,19841209,   74,    0
100707,19841210,   74,    0
100707,19841211,   84,    0
100707,19841212,   86,    0
100707,19841213,   54,    0
100707,19841214,   26,    0
100707,19841215,   96,    0
100707,19841216,   82,    0
100707,19841217,   44,    0
100707,19841218,   64,    0
100707,19841219,   22,    0
100707,19841220,   14,    0
100707,19841221,   62,    0
100707,19841222,   28,    0
100707,19841223,   28,    0
100707,19841224,   28,    0
100707,19841225,   18,    0
100707,19841226,   46,    0
100707,19841227,   56,    0
100707,19841228,   40,    0
100707,19841229,   16,    0
100707,19841230,    6,    0
100707,19841231,  -20,    0
100707,19850101,  -10,    0
100707,19850102,  -14,    0
100707,19850103,  -18,    0
100707,19850104,   82,    0
100707,19850105,   80,    0
100707,19850106,   54,    0
100707,19850107,    0,    0
100707,19850108,  -34,    0
100707,19850109,  -32,    0
100707,19850110,  -30,    0
100707,19850111,  -40,    0
100707,19850112,  -34,    0
100707,19850113,  -24,    0
100707,19850114,  -46,    0
100707,19850115,  -36,    0
100707,19850116,  -26,    0
100707,19850117,   80,    0
100707,19850118,   34,    0
100707,19850119,   24,    0
100707,19850120,   92,    0
100707,19850121,  110,    0
100707,19850122,  106,    0
100707,19850123,   60,    0
100707,19850124,   32,    0
100707,19850125,   54,    0
100707,19850126,   60,    0
100707,19850127,    6,    0
100707,19850128,   44,    0
100707,19850129,   64,    0
100707,19850130,   40,    0
100707,19850131,   30,    0
100707,19850201,   36,    0
100707,19850202,   30,    0
100707,19850203,   48,    0
100707,19850204,   30,    0
100707,19850205,   86,    0
100707,19850206,   94,    0
100707,19850207,   98,    0
100707,19850208,   92,    0
100707,19850209,  114,    0
100707,19850210,  106,    0
100707,19850211,  122,    0
100707,19850212,  102,    0
100707,19850213,   86,    0
100707,19850214,  118,    0
100707,19850215,  112,    0
100707,19850216,   80,    0
100707,19850217,   78,    0
100707,19850218,   84,    0
100707,19850219,   82,    0
100707,19850220,   84,    0
100707,19850221,   62,    0
100707,19850222,   28,    0
100707,19850223,   64,    0
100707,19850224,   68,    0
100707,19850225,   66,    0
100707,19850226,   80,    0
100707,19850227,   76,    0
100707,19850228,   76,    0
100707,19850301,   72,    0
100707,19850302,   42,    0
100707,19850303,   36,    0
100707,19850304,   46,    0
100707,19850305,   22,    0
100707,19850306,   40,    0
100707,19850307,   28,    0
100707,19850308,   66,    0
100707,19850309,   38,    0
100707,19850310,   34,    0
100707,19850311,   28,    0
100707,19850312,   36,    0
100707,19850313,   28,    0
100707,19850314,   -6,    0
100707,19850315,   10,    0
100707,19850316,   52,    0
100707,19850317,   48,    0
100707,19850318,   52,    0
100707,19850319,   70,    0
100707,19850320,   66,    0
100707,19850321,  114,    0
100707,19850322,   96,    0
100707,19850323,   42,    0
100707,19850324,   40,    0
100707,19850325,   84,    0
100707,19850326,   22,    0
100707,19850327,   58,    0
100707,19850328,   50,    0
100707,19850329,   -2,    0
100707,19850330,   24,    0
100707,19850331,   76,    0
100707,19850401,   60,    0
100707,19850402,   78,    0
100707,19850403,   76,    0
100707,19850404,  102,    0
100707,19850405,   92,    0
100707,19850406,  100,    0
100707,19850407,  130,    0
100707,19850408,   90,    0
100707,19850409,   44,    0
100707,19850410,   56,    0
100707,19850411,   58,    0
100707,19850412,   84,    0
100707,19850413,   92,    0
100707,19850414,   72,    0
100707,19850415,   34,    0
100707,19850416,   58,    0
100707,19850417,   66,    0
100707,19850418,   92,    0
100707,19850419,  122,    0
100707,19850420,  114,    0
100707,19850421,   98,    0
100707,19850422,   78,    0
100707,19850423,   38,    0
100707,19850424,   66,    0
100707,19850425,   90,    0
100707,19850426,   60,    0
100707,19850427,  102,    0
100707,19850428,   78,    0
100707,19850429,  102,    0
100707,19850430,  104,    0
100707,19850501,  124,    0
100707,19850502,  128,    0
100707,19850503,  132,    0
100707,19850504,  126,    0
100707,19850505,   84,    0
100707,19850506,   60,    0
100707,19850507,   52,    0
100707,19850508,   72,    0
100707,19850509,   88,    0
100707,19850510,  112,    0
100707,19850511,   64,    0
100707,19850512,   64,    0
100707,19850513,   84,    0
100707,19850514,   84,    0
100707,19850515,   78,    0
100707,19850516,   72,    0
100707,19850517,   74,    0
100707,19850518,   90,    0
100707,19850519,  104,    0
100707,19850520,  120,    0
100707,19850521,   84,    0
100707,19850522,   90,    0
100707,19850523,  110,    0
100707,19850524,   90,    0
100707,19850525,   80,    0
100707,19850526,  104,    0
100707,19850527,  102,    0
100707,19850528,   98,    0
100707,19850529,  124,    0
100707,19850530,  142,    0
100707,19850531,  156,    0
100707,19850601,  106,    0
100707,19850602,  106,    0
100707,19850603,  142,    0
100707,19850604,  132,    0
100707,19850605,  146,    0
100707,19850606,  134,    0
100707,19850607,  124,    0
100707,19850608,  128,    0
100707,19850609,  124,    0
100707,19850610,  152,    0
100707,19850611,  164,    0
100707,19850612,  172,    0
100707,19850613,  138,    0
100707,19850614,  116,    0
100707,19850615,  156,    0
100707,19850616,  170,    0
100707,19850617,  162,    0
100707,19850618,  188,    0
100707,19850619,  150,    0
100707,19850620,  132,    0
100707,19850621,  142,    0
100707,19850622,  124,    0
100707,19850623,  126,    0
100707,19850624,  150,    0
100707,19850625,  170,    0
100707,19850626,  186,    0
100707,19850627,  174,    0
100707,19850628,  166,    0
100707,19850629,  154,    0
100707,19850630,  174,    0
100707,19850701,  164,    0
100707,19850702,  160,    0
100707,19850703,  142,    0
100707,19850704,  140,    0
100707,19850705,  182,    0
100707,19850706,  194,    0
100707,19850707,  216,    0
100707,19850708,  200,    0
100707,19850709,  158,    0
100707,19850710,  156,    0
100707,19850711,  164,    0
100707,19850712,  170,    0
100707,19850713,  176,    0
100707,19850714,  166,    0
100707,19850715,  150,    0
100707,19850716,  152,    0
100707,19850717,  174,    0
100707,19850718,  152,    0
100707,19850719,  164,    0
100707,19850720,  164,    0
100707,19850721,  186,    0
100707,19850722,  186,    0
100707,19850723,  194,    0
100707,19850724,  196,    0
100707,19850725,  178,    0
100707,19850726,  138,    0
100707,19850727,  128,    0
100707,19850728,  140,    0
100707,19850729,  156,    0
100707,19850730,  136,    0
100707,19850731,  136,    0
100707,19850801,  150,    0
100707,19850802,  156,    0
100707,19850803,  180,    0
100707,19850804,  200,    0
100707,19850805,  186,    0
100707,19850806,  130,    0
100707,19850807,  108,    0
100707,19850808,  136,    0
100707,19850809,  140,    0
100707,19850810,  156,    0
100707,19850811,  116,    0
100707,19850812,  172,    0
100707,19850813,  156,    0
100707,19850814,  156,    0
100707,19850815,  154,    0
100707,19850816,  120,    0
100707,19850817,  142,    0
100707,19850818,  154,    0
100707,19850819,  170,    0
100707,19850820,  182,    0
100707,19850821,  178,    0
100707,19850822,  166,    0
100707,19850823,  176,    0
100707,19850824,  138,    0
100707,19850825,  128,    0
100707,19850826,  130,    0
100707,19850827,  124,    0
100707,19850828,  178,    0
100707,19850829,  162,    0
100707,19850830,  134,    0
100707,19850831,  146,    0
100707,19850901,  176,    0
100707,19850902,  162,    0
100707,19850903,  174,    0
100707,19850904,  134,    0
100707,19850905,  152,    0
100707,19850906,  156,    0
100707,19850907,  192,    0
100707,19850908,  180,    0
100707,19850909,  156,    0
100707,19850910,  154,    0
100707,19850911,  180,    0
100707,19850912,  182,    0
100707,19850913,  192,    0
100707,19850914,  146,    0
100707,19850915,  146,    0
100707,19850916,  154,    0
100707,19850917,  156,    0
100707,19850918,  158,    0
100707,19850919,  162,    0
100707,19850920,  160,    0
100707,19850921,  144,    0
100707,19850922,  148,    0
100707,19850923,  144,    0
100707,19850924,  144,    0
100707,19850925,  150,    0
100707,19850926,  140,    0
100707,19850927,  138,    0
100707,19850928,  144,    0
100707,19850929,  138,    0
100707,19850930,  138,    0
100707,19851001,  192,    0
100707,19851002,  164,    0
100707,19851003,  140,    0
100707,19851004,  138,    0
100707,19851005,  106,    0
100707,19851006,   86,    0
100707,19851007,   90,    0
100707,19851008,  144,    0
100707,19851009,  102,    0
100707,19851010,   90,    0
100707,19851011,  126,    0
100707,19851012,  136,    0
100707,19851013,  112,    0
100707,19851014,   86,    0
100707,19851015,  104,    0
100707,19851016,   86,    0
100707,19851017,   76,    0
100707,19851018,  110,    0
100707,19851019,   84,    0
100707,19851020,  100,    0
100707,19851021,   76,    0
100707,19851022,  106,    0
100707,19851023,   84,    0
100707,19851024,   80,    0
100707,19851025,   80,    0
100707,19851026,   50,    0
100707,19851027,   58,    0
100707,19851028,   52,    0
100707,19851029,   44,    0
100707,19851030,   48,    0
100707,19851031,   72,    0
100707,19851101,   50,    0
100707,19851102,  114,    0
100707,19851103,  108,    0
100707,19851104,  144,    0
100707,19851105,  172,    0
100707,19851106,  160,    0
100707,19851107,  142,    0
100707,19851108,  104,    0
100707,19851109,  120,    0
100707,19851110,  104,    0
100707,19851111,  130,    0
100707,19851112,   96,    0
100707,19851113,   42,    0
100707,19851114,   32,    0
100707,19851115,   68,    0
100707,19851116,   76,    0
100707,19851117,   42,    0
100707,19851118,   -6,    0
100707,19851119,   14,    0
100707,19851120,  -18,    0
100707,19851121,   14,    0
100707,19851122,   -6,    0
100707,19851123,  -32,    0
100707,19851124,    0,    0
100707,19851125,   72,    0
100707,19851126,   94,    0
100707,19851127,   54,    0
100707,19851128,   -2,    0
100707,19851129,   12,    0
100707,19851130,   54,    0
100707,19851201,   66,    0
100707,19851202,   96,    0
100707,19851203,   70,    0
100707,19851204,   66,    0
100707,19851205,   90,    0
100707,19851206,   66,    0
100707,19851207,   54,    0
100707,19851208,   48,    0
100707,19851209,   30,    0
100707,19851210,   42,    0
100707,19851211,   54,    0
100707,19851212,   36,    0
100707,19851213,   32,    0
100707,19851214,   24,    0
100707,19851215,    4,    0
100707,19851216,   -4,    0
100707,19851217,  -20,    0
100707,19851218,    6,    0
100707,19851219,   40,    0
100707,19851220,   34,    0
100707,19851221,   66,    0
100707,19851222,   60,    0
100707,19851223,   58,    0
100707,19851224,  110,    0
100707,19851225,  102,    0
100707,19851226,   84,    0
100707,19851227,   78,    0
100707,19851228,   92,    0
100707,19851229,   64,    0
100707,19851230,   22,    0
100707,19851231,    2,    0
100707,19860101,   90,    0
100707,19860102,   80,    0
100707,19860103,   44,    0
100707,19860104,   30,    0
100707,19860105,   50,    0
100707,19860106,   20,    0
100707,19860107,   62,    0
100707,19860108,   56,    0
100707,19860109,   36,    0
100707,19860110,   16,    0
100707,19860111,   28,    0
100707,19860112,   30,    0
100707,19860113,   30,    0
100707,19860114,   -4,    0
100707,19860115,   22,    0
100707,19860116,   44,    0
100707,19860117,   28,    0
100707,19860118,   26,    0
100707,19860119,    4,    0
100707,19860120,   18,    0
100707,19860121,   62,    0
100707,19860122,   46,    0
100707,19860123,   74,    0
100707,19860124,   70,    0
100707,19860125,    6,    0
100707,19860126,    0,    0
100707,19860127,  -18,    0
100707,19860128,   26,    0
100707,19860129,   54,    0
100707,19860130,   20,    0
100707,19860131,   10,    0
100707,19860201,   30,    0
100707,19860202,    4,    0
100707,19860203,   46,    0
100707,19860204,   32,    0
100707,19860205,   16,    0
100707,19860206,    4,    0
100707,19860207,   14,    0
100707,19860208,   34,    0
100707,19860209,  -16,    0
100707,19860210,  -14,    0
100707,19860211,   56,    0
100707,19860212,   32,    0
100707,19860213,   92,    0
100707,19860214,  116,    0
100707,19860215,   96,    0
100707,19860216,   80,    0
100707,19860217,   56,    0
100707,19860218,   80,    0
100707,19860219,   74,    0
100707,19860220,  100,    0
100707,19860221,  100,    0
100707,19860222,   96,    0
100707,19860223,   96,    0
100707,19860224,  100,    0
100707,19860225,   84,    0
100707,19860226,   68,    0
100707,19860227,   68,    0
100707,19860228,   76,    0
100707,19860301,   72,    0
100707,19860302,   58,    0
100707,19860303,   80,    0
100707,19860304,   80,    0
100707,19860305,   50,    0
100707,19860306,   92,    0
100707,19860307,   76,    0
100707,19860308,   64,    0
100707,19860309,   44,    0
100707,19860310,   50,    0
100707,19860311,   26,    0
100707,19860312,   36,    0
100707,19860313,   46,    0
100707,19860314,   40,    0
100707,19860315,   22,    0
100707,19860316,   36,    0
100707,19860317,   44,    0
100707,19860318,   94,    0
100707,19860319,  102,    0
100707,19860320,   70,    0
100707,19860321,   86,    0
100707,19860322,   50,    0
100707,19860323,   84,    0
100707,19860324,   86,    0
100707,19860325,   52,    0
100707,19860326,   20,    0
100707,19860327,   26,    0
100707,19860328,   76,    0
100707,19860329,   44,    0
100707,19860330,   64,    0
100707,19860331,   40,    0
100707,19860401,   20,    0
100707,19860402,   90,    0
100707,19860403,   74,    0
100707,19860404,   26,    0
100707,19860405,   90,    0
100707,19860406,   64,    0
100707,19860407,   24,    0
100707,19860408,   16,    0
100707,19860409,   16,    0
100707,19860410,   22,    0
100707,19860411,   56,    0
100707,19860412,   50,    0
100707,19860413,  -12,    0
100707,19860414,   36,    0
100707,19860415,   48,    0
100707,19860416,   64,    0
100707,19860417,   30,    0
100707,19860418,   32,    0
100707,19860419,   54,    0
100707,19860420,   54,    0
100707,19860421,   54,    0
100707,19860422,   68,    0
100707,19860423,   70,    0
100707,19860424,   70,    0
100707,19860425,   74,    0
100707,19860426,   60,    0
100707,19860427,   44,    0
100707,19860428,   70,    0
100707,19860429,   70,    0
100707,19860430,   80,    0
100707,19860501,   70,    0
100707,19860502,   82,    0
100707,19860503,   52,    0
100707,19860504,   86,    0
100707,19860505,  110,    0
100707,19860506,  106,    0
100707,19860507,   86,    0
100707,19860508,   74,    0
100707,19860509,  116,    0
100707,19860510,  116,    0
100707,19860511,  134,    0
100707,19860512,  158,    0
100707,19860513,  116,    0
100707,19860514,   98,    0
100707,19860515,  106,    0
100707,19860516,  162,    0
100707,19860517,  130,    0
100707,19860518,  172,    0
100707,19860519,  148,    0
100707,19860520,  108,    0
100707,19860521,   88,    0
100707,19860522,  129,    0
100707,19860523,  130,    0
100707,19860524,  116,    0
100707,19860525,  144,    0
100707,19860526,  118,    0
100707,19860527,  132,    0
100707,19860528,  162,    0
100707,19860529,  124,    0
100707,19860530,  160,    0
100707,19860531,  106,    0
100707,19860601,  110,    0
100707,19860602,  146,    0
100707,19860603,  144,    0
100707,19860604,  154,    0
100707,19860605,  166,    0
100707,19860606,  176,    0
100707,19860607,  146,    0
100707,19860608,  140,    0
100707,19860609,  152,    0
100707,19860610,  134,    0
100707,19860611,  116,    0
100707,19860612,  174,    0
100707,19860613,  186,    0
100707,19860614,  160,    0
100707,19860615,  192,    0
100707,19860616,  168,    0
100707,19860617,  132,    0
100707,19860618,  120,    0
100707,19860619,  120,    0
100707,19860620,  116,    0
100707,19860621,  100,    0
100707,19860622,  108,    0
100707,19860623,  130,    0
100707,19860624,  128,    0
100707,19860625,  132,    0
100707,19860626,  146,    0
100707,19860627,  150,    0
100707,19860628,  148,    0
100707,19860629,  134,    0
100707,19860630,  136,    0
100707,19860701,  144,    0
100707,19860702,  174,    0
100707,19860703,  150,    0
100707,19860704,  174,    0
100707,19860705,  192,    0
100707,19860706,  188,    0
100707,19860707,  164,    0
100707,19860708,  188,    0
100707,19860709,  174,    0
100707,19860710,  162,    0
100707,19860711,  144,    0
100707,19860712,  160,    0
100707,19860713,  194,    0
100707,19860714,  176,    0
100707,19860715,  176,    0
100707,19860716,  184,    0
100707,19860717,  198,    0
100707,19860718,  186,    0
100707,19860719,  194,    0
100707,19860720,  154,    0
100707,19860721,  176,    0
100707,19860722,  186,    0
100707,19860723,  156,    0
100707,19860724,  140,    0
100707,19860725,  140,    0
100707,19860726,  140,    0
100707,19860727,  162,    0
100707,19860728,  184,    0
100707,19860729,  182,    0
100707,19860730,  204,    0
100707,19860731,  156,    0
100707,19860801,  146,    0
100707,19860802,  168,    0
100707,19860803,  170,    0
100707,19860804,  122,    0
100707,19860805,  126,    0
100707,19860806,  142,    0
100707,19860807,  156,    0
100707,19860808,  156,    0
100707,19860809,  174,    0
100707,19860810,  188,    0
100707,19860811,  136,    0
100707,19860812,  140,    0
100707,19860813,  130,    0
100707,19860814,  150,    0
100707,19860815,  166,    0
100707,19860816,  166,    0
100707,19860817,  166,    0
100707,19860818,  182,    0
100707,19860819,  158,    0
100707,19860820,  152,    0
100707,19860821,  164,    0
100707,19860822,  158,    0
100707,19860823,  182,    0
100707,19860824,  124,    0
100707,19860825,  146,    0
100707,19860826,  188,    0
100707,19860827,  144,    0
100707,19860828,  130,    0
100707,19860829,  110,    0
100707,19860830,  126,    0
100707,19860831,  206,    0
100707,19860901,  194,    0
100707,19860902,  170,    0
100707,19860903,  180,    0
100707,19860904,  170,    0
100707,19860905,  160,    0
100707,19860906,  150,    0
100707,19860907,  152,    0
100707,19860908,  130,    0
100707,19860909,  188,    0
100707,19860910,  210,    0
100707,19860911,  180,    0
100707,19860912,  188,    0
100707,19860913,  178,    0
100707,19860914,  174,    0
100707,19860915,  182,    0
100707,19860916,  186,    0
100707,19860917,  166,    0
100707,19860918,  156,    0
100707,19860919,  150,    0
100707,19860920,  184,    0
100707,19860921,  184,    0
100707,19860922,  176,    0
100707,19860923,  170,    0
100707,19860924,  148,    0
100707,19860925,  136,    0
100707,19860926,  130,    0
100707,19860927,  120,    0
100707,19860928,  116,    0
100707,19860929,  118,    0
100707,19860930,  124,    0
100707,19861001,  148,    0
100707,19861002,  140,    0
100707,19861003,  140,    0
100707,19861004,  160,    0
100707,19861005,  172,    0
100707,19861006,  152,    0
100707,19861007,  162,    0
100707,19861008,  158,    0
100707,19861009,  132,    0
100707,19861010,  124,    0
100707,19861011,  130,    0
100707,19861012,  136,    0
100707,19861013,  128,    0
100707,19861014,  134,    0
100707,19861015,  140,    0
100707,19861016,  130,    0
100707,19861017,  138,    0
100707,19861018,  122,    0
100707,19861019,  108,    0
100707,19861020,  118,    0
100707,19861021,  114,    0
100707,19861022,  110,    0
100707,19861023,  134,    0
100707,19861024,  150,    0
100707,19861025,  124,    0
100707,19861026,   96,    0
100707,19861027,   70,    0
100707,19861028,   64,    0
100707,19861029,   78,    0
100707,19861030,  102,    0
100707,19861031,   74,    0
100707,19861101,   60,    0
100707,19861102,  108,    0
100707,19861103,   70,    0
100707,19861104,   28,    0
100707,19861105,   18,    0
100707,19861106,   24,    0
100707,19861107,   34,    0
100707,19861108,   80,    0
100707,19861109,   52,    0
100707,19861110,   62,    0
100707,19861111,   78,    0
100707,19861112,   72,    0
100707,19861113,  116,    0
100707,19861114,   80,    0
100707,19861115,   60,    0
100707,19861116,   28,    0
100707,19861117,   40,    0
100707,19861118,   60,    0
100707,19861119,   20,    0
100707,19861120,   50,    0
100707,19861121,   90,    0
100707,19861122,  104,    0
100707,19861123,   84,    0
100707,19861124,   58,    0
100707,19861125,   36,    0
100707,19861126,   50,    0
100707,19861127,   50,    0
100707,19861128,   30,    0
100707,19861129,   34,    0
100707,19861130,   28,    0
100707,19861201,   34,    0
100707,19861202,   54,    0
100707,19861203,   62,    0
100707,19861204,   34,    0
100707,19861205,   26,    0
100707,19861206,   40,    0
100707,19861207,   50,    0
100707,19861208,   76,    0
100707,19861209,   36,    0
100707,19861210,  -10,    0
100707,19861211,  -12,    0
100707,19861212,   32,    0
100707,19861213,   64,    0
100707,19861214,   74,    0
100707,19861215,  106,    0
100707,19861216,   64,    0
100707,19861217,   16,    0
100707,19861218,    0,    0
100707,19861219,   -4,    0
100707,19861220,   88,    0
100707,19861221,  108,    0
100707,19861222,   38,    0
100707,19861223,    4,    0
100707,19861224,    2,    0
100707,19861225,  -12,    0
100707,19861226,  -14,    0
100707,19861227,   62,    0
100707,19861228,   14,    0
100707,19861229,  -16,    0
100707,19861230,  -20,    0
100707,19861231,  -20,    0
100707,19870101,   14,    0
100707,19870102,   18,    0
100707,19870103,   10,    0
100707,19870104,    0,    0
100707,19870105,  -14,    0
100707,19870106,  -24,    0
100707,19870107,  -20,    0
100707,19870108,   34,    0
100707,19870109,   90,    0
100707,19870110,   56,    0
100707,19870111,   10,    0
100707,19870112,   60,    0
100707,19870113,   28,    0
100707,19870114,  -14,    0
100707,19870115,   20,    0
100707,19870116,   -8,    0
100707,19870117,  -10,    0
100707,19870118,  -18,    0
100707,19870119,  -14,    0
100707,19870120,  -24,    0
100707,19870121,   -2,    0
100707,19870122,   14,    0
100707,19870123,   54,    0
100707,19870124,   90,    0
100707,19870125,   92,    0
100707,19870126,  104,    0
100707,19870127,  124,    0
100707,19870128,  100,    0
100707,19870129,   90,    0
100707,19870130,   86,    0
100707,19870131,   84,    0
100707,19870201,   76,    0
100707,19870202,   78,    0
100707,19870203,   52,    0
100707,19870204,   52,    0
100707,19870205,   38,    0
100707,19870206,   20,    0
100707,19870207,   26,    0
100707,19870208,   30,    0
100707,19870209,   48,    0
100707,19870210,   52,    0
100707,19870211,   78,    0
100707,19870212,   52,    0
100707,19870213,   96,    0
100707,19870214,   80,    0
100707,19870215,   74,    0
100707,19870216,   94,    0
100707,19870217,  106,    0
100707,19870218,   36,    0
100707,19870219,    8,    0
100707,19870220,    6,    0
100707,19870221,    8,    0
100707,19870222,  -24,    0
100707,19870223,   14,    0
100707,19870224,   74,    0
100707,19870225,   96,    0
100707,19870226,   50,    0
100707,19870227,   56,    0
100707,19870228,   80,    0
100707,19870301,   70,    0
100707,19870302,   60,    0
100707,19870303,   68,    0
100707,19870304,   70,    0
100707,19870305,   86,    0
100707,19870306,   70,    0
100707,19870307,   76,    0
100707,19870308,  108,    0
100707,19870309,  118,    0
100707,19870310,  118,    0
100707,19870311,   86,    0
100707,19870312,  104,    0
100707,19870313,  100,    0
100707,19870314,   62,    0
100707,19870315,   42,    0
100707,19870316,   50,    0
100707,19870317,   26,    0
100707,19870318,   18,    0
100707,19870319,   54,    0
100707,19870320,   44,    0
100707,19870321,   34,    0
100707,19870322,   44,    0
100707,19870323,   42,    0
100707,19870324,   80,    0
100707,19870325,  114,    0
100707,19870326,   86,    0
100707,19870327,   66,    0
100707,19870328,   72,    0
100707,19870329,   36,    0
100707,19870330,   30,    0
100707,19870331,   24,    0
100707,19870401,   54,    0
100707,19870402,   96,    0
100707,19870403,   50,    0
100707,19870404,   50,    0
100707,19870405,   92,    0
100707,19870406,  102,    0
100707,19870407,  144,    0
100707,19870408,  128,    0
100707,19870409,   90,    0
100707,19870410,   64,    0
100707,19870411,   88,    0
100707,19870412,   78,    0
100707,19870413,  100,    0
100707,19870414,   90,    0
100707,19870415,   90,    0
100707,19870416,  102,    0
100707,19870417,  130,    0
100707,19870418,  120,    0
100707,19870419,  118,    0
100707,19870420,  126,    0
100707,19870421,  116,    0
100707,19870422,   98,    0
100707,19870423,  104,    0
100707,19870424,  104,    0
100707,19870425,  100,    0
100707,19870426,  100,    0
100707,19870427,  144,    0
100707,19870428,  114,    0
100707,19870429,   96,    0
100707,19870430,   86,    0
100707,19870501,  106,    0
100707,19870502,  134,    0
100707,19870503,  156,    0
100707,19870504,  124,    0
100707,19870505,   58,    0
100707,19870506,   76,    0
100707,19870507,   92,    0
100707,19870508,  100,    0
100707,19870509,  112,    0
100707,19870510,  134,    0
100707,19870511,  116,    0
100707,19870512,  106,    0
100707,19870513,   96,    0
100707,19870514,  102,    0
100707,19870515,  114,    0
100707,19870516,  114,    0
100707,19870517,   94,    0
100707,19870518,  124,    0
100707,19870519,   90,    0
100707,19870520,  100,    0
100707,19870521,  138,    0
100707,19870522,  128,    0
100707,19870523,  146,    0
100707,19870524,  122,    0
100707,19870525,   96,    0
100707,19870526,  116,    0
100707,19870527,  124,    0
100707,19870528,  104,    0
100707,19870529,  110,    0
100707,19870530,  148,    0
100707,19870531,  124,    0
100707,19870601,  138,    0
100707,19870602,  142,    0
100707,19870603,  160,    0
100707,19870604,  156,    0
100707,19870605,  148,    0
100707,19870606,  146,    0
100707,19870607,  136,    0
100707,19870608,   96,    0
100707,19870609,   88,    0
100707,19870610,  100,    0
100707,19870611,  114,    0
100707,19870612,  124,    0
100707,19870613,  156,    0
100707,19870614,  114,    0
100707,19870615,   92,    0
100707,19870616,  100,    0
100707,19870617,  124,    0
100707,19870618,  140,    0
100707,19870619,  112,    0
100707,19870620,  164,    0
100707,19870621,  166,    0
100707,19870622,  174,    0
100707,19870623,  180,    0
100707,19870624,  184,    0
100707,19870625,  196,    0
100707,19870626,  182,    0
100707,19870627,  196,    0
100707,19870628,  220,    0
100707,19870629,  214,    0
100707,19870630,  213,    0
100707,19870701,  192,    0
100707,19870702,  202,    0
100707,19870703,  196,    0
100707,19870704,  220,    0
100707,19870705,  218,    0
100707,19870706,  192,    0
100707,19870707,  200,    0
100707,19870708,  206,    0
100707,19870709,  206,    0
100707,19870710,  200,    0
100707,19870711,  214,    0
100707,19870712,  212,    0
100707,19870713,  190,    0
100707,19870714,  156,    0
100707,19870715,  164,    0
100707,19870716,  162,    0
100707,19870717,  186,    0
100707,19870718,  136,    0
100707,19870719,  134,    0
100707,19870720,  146,    0
100707,19870721,  150,    0
100707,19870722,  176,    0
100707,19870723,  150,    0
100707,19870724,  140,    0
100707,19870725,  144,    0
100707,19870726,  154,    0
100707,19870727,  156,    0
100707,19870728,  184,    0
100707,19870729,  172,    0
100707,19870730,  170,    0
100707,19870731,  184,    0
100707,19870801,  164,    0
100707,19870802,  188,    0
100707,19870803,  212,    0
100707,19870804,  216,    0
100707,19870805,  184,    0
100707,19870806,  154,    0
100707,19870807,  156,    0
100707,19870808,  160,    0
100707,19870809,  154,    0
100707,19870810,  150,    0
100707,19870811,  184,    0
100707,19870812,  224,    0
100707,19870813,  226,    0
100707,19870814,  196,    0
100707,19870815,  180,    0
100707,19870816,  194,    0
100707,19870817,  178,    0
100707,19870818,  196,    0
100707,19870819,  194,    0
100707,19870820,  180,    0
100707,19870821,  220,    0
100707,19870822,  160,    0
100707,19870823,  148,    0
100707,19870824,  134,    0
100707,19870825,  136,    0
100707,19870826,  132,    0
100707,19870827,  162,    0
100707,19870828,  174,    0
100707,19870829,  184,    0
100707,19870830,  180,    0
100707,19870831,  194,    0
100707,19870901,  180,    0
100707,19870902,  174,    0
100707,19870903,  164,    0
100707,19870904,  158,    0
100707,19870905,  154,    0
100707,19870906,  172,    0
100707,19870907,  156,    0
100707,19870908,  160,    0
100707,19870909,  200,    0
100707,19870910,  180,    0
100707,19870911,  174,    0
100707,19870912,  172,    0
100707,19870913,  174,    0
100707,19870914,  166,    0
100707,19870915,  186,    0
100707,19870916,  182,    0
100707,19870917,  170,    0
100707,19870918,  166,    0
100707,19870919,  224,    0
100707,19870920,  180,    0
100707,19870921,  150,    0
100707,19870922,  146,    0
100707,19870923,  166,    0
100707,19870924,  194,    0
100707,19870925,  194,    0
100707,19870926,  174,    0
100707,19870927,  140,    0
100707,19870928,  130,    0
100707,19870929,  140,    0
100707,19870930,  166,    0
100707,19871001,  162,    0
100707,19871002,  140,    0
100707,19871003,  138,    0
100707,19871004,  114,    0
100707,19871005,  136,    0
100707,19871006,  112,    0
100707,19871007,  132,    0
100707,19871008,  154,    0
100707,19871009,  100,    0
100707,19871010,  100,    0
100707,19871011,   88,    0
100707,19871012,   86,    0
100707,19871013,   84,    0
100707,19871014,  106,    0
100707,19871015,  168,    0
100707,19871016,  114,    0
100707,19871017,   68,    0
100707,19871018,   98,    0
100707,19871019,  154,    0
100707,19871020,  100,    0
100707,19871021,   58,    0
100707,19871022,  104,    0
100707,19871023,  100,    0
100707,19871024,  100,    0
100707,19871025,  144,    0
100707,19871026,  142,    0
100707,19871027,  116,    0
100707,19871028,   70,    0
100707,19871029,   54,    0
100707,19871030,   92,    0
100707,19871031,  138,    0
100707,19871101,  112,    0
100707,19871102,  114,    0
100707,19871103,  124,    0
100707,19871104,  126,    0
100707,19871105,  122,    0
100707,19871106,  140,    0
100707,19871107,  126,    0
100707,19871108,  120,    0
100707,19871109,   98,    0
100707,19871110,   94,    0
100707,19871111,   72,    0
100707,19871112,   54,    0
100707,19871113,   60,    0
100707,19871114,   86,    0
100707,19871115,   60,    0
100707,19871116,   60,    0
100707,19871117,   60,    0
100707,19871118,   52,    0
100707,19871119,   44,    0
100707,19871120,   34,    0
100707,19871121,   36,    0
100707,19871122,   20,    0
100707,19871123,   48,    0
100707,19871124,   36,    0
100707,19871125,   36,    0
100707,19871126,    0,    0
100707,19871127,   20,    0
100707,19871128,  -20,    0
100707,19871129,  -16,    0
100707,19871130,   -7,    0
100707,19871201,   52,    0
100707,19871202,   72,    0
100707,19871203,   94,    0
100707,19871204,   82,    0
100707,19871205,   80,    0
100707,19871206,   92,    0
100707,19871207,   80,    0
100707,19871208,   72,    0
100707,19871209,  102,    0
100707,19871210,  118,    0
100707,19871211,  132,    0
100707,19871212,  116,    0
100707,19871213,  122,    0
100707,19871214,  106,    0
100707,19871215,  136,    0
100707,19871216,  146,    0
100707,19871217,  130,    0
100707,19871218,  104,    0
100707,19871219,   92,    0
100707,19871220,   72,    0
100707,19871221,   68,    0
100707,19871222,   66,    0
100707,19871223,   90,    0
100707,19871224,   52,    0
100707,19871225,   54,    0
100707,19871226,   64,    0
100707,19871227,   44,    0
100707,19871228,   32,    0
100707,19871229,   24,    0
100707,19871230,   14,    0
100707,19871231,   62,    0
100707,19880101,   52,    0
100707,19880102,   62,    0
100707,19880103,   94,    0
100707,19880104,   74,    0
100707,19880105,  106,    0
100707,19880106,   68,    0
100707,19880107,   36,    0
100707,19880108,    8,    0
100707,19880109,   18,    0
100707,19880110,   26,    0
100707,19880111,   46,    0
100707,19880112,   50,    0
100707,19880113,   66,    0
100707,19880114,   34,    0
100707,19880115,   64,    0
100707,19880116,   66,    0
100707,19880117,   84,    0
100707,19880118,   62,    0
100707,19880119,   70,    0
100707,19880120,   52,    0
100707,19880121,   64,    0
100707,19880122,   62,    0
100707,19880123,   62,    0
100707,19880124,  100,    0
100707,19880125,  120,    0
100707,19880126,  124,    0
100707,19880127,  112,    0
100707,19880128,   88,    0
100707,19880129,   86,    0
100707,19880130,   90,    0
100707,19880131,   60,    0
100707,19880201,   78,    0
100707,19880202,   38,    0
100707,19880203,   10,    0
100707,19880204,   76,    0
100707,19880205,  102,    0
100707,19880206,   54,    0
100707,19880207,   36,    0
100707,19880208,   44,    0
100707,19880209,   90,    0
100707,19880210,   46,    0
100707,19880211,    8,    0
100707,19880212,   36,    0
100707,19880213,    4,    0
100707,19880214,   42,    0
100707,19880215,   68,    0
100707,19880216,   78,    0
100707,19880217,   74,    0
100707,19880218,   34,    0
100707,19880219,   30,    0
100707,19880220,   40,    0
100707,19880221,   86,    0
100707,19880222,  106,    0
100707,19880223,  104,    0
100707,19880224,   62,    0
100707,19880225,   36,    0
100707,19880226,    0,    0
100707,19880227,   -2,    0
100707,19880228,  -16,    0
100707,19880229,  -30,    0
100707,19880301,    4,    0
100707,19880302,   14,    0
100707,19880303,   76,    0
100707,19880304,   68,    0
100707,19880305,   24,    0
100707,19880306,   30,    0
100707,19880307,    6,    0
100707,19880308,   26,    0
100707,19880309,   24,    0
100707,19880310,   32,    0
100707,19880311,   26,    0
100707,19880312,   16,    0
100707,19880313,   30,    0
100707,19880314,   54,    0
100707,19880315,   54,    0
100707,19880316,   94,    0
100707,19880317,   62,    0
100707,19880318,   65,    0
100707,19880319,   50,    0
100707,19880320,   66,    0
100707,19880321,   92,    0
100707,19880322,   66,    0
100707,19880323,   82,    0
100707,19880324,   60,    0
100707,19880325,   66,    0
100707,19880326,   70,    0
100707,19880327,   68,    0
100707,19880328,   76,    0
100707,19880329,   86,    0
100707,19880330,   44,    0
100707,19880331,   82,    0
100707,19880401,   56,    0
100707,19880402,   58,    0
100707,19880403,   50,    0
100707,19880404,   66,    0
100707,19880405,   86,    0
100707,19880406,   70,    0
100707,19880407,   64,    0
100707,19880408,   86,    0
100707,19880409,   54,    0
100707,19880410,   62,    0
100707,19880411,  112,    0
100707,19880412,  130,    0
100707,19880413,  138,    0
100707,19880414,  115,    0
100707,19880415,  126,    0
100707,19880416,  118,    0
100707,19880417,  140,    0
100707,19880418,  150,    0
100707,19880419,  128,    0
100707,19880420,   66,    0
100707,19880421,   98,    0
100707,19880422,  120,    0
100707,19880423,   90,    0
100707,19880424,  102,    0
100707,19880425,   80,    0
100707,19880426,   66,    0
100707,19880427,   94,    0
100707,19880428,   76,    0
100707,19880429,  115,    0
100707,19880430,   70,    0
100707,19880501,  102,    0
100707,19880502,   98,    0
100707,19880503,   86,    0
100707,19880504,  112,    0
100707,19880505,  110,    0
100707,19880506,  126,    0
100707,19880507,  124,    0
100707,19880508,  118,    0
100707,19880509,  114,    0
100707,19880510,  130,    0
100707,19880511,  116,    0
100707,19880512,   94,    0
100707,19880513,   98,    0
100707,19880514,   88,    0
100707,19880515,   94,    0
100707,19880516,  114,    0
100707,19880517,  114,    0
100707,19880518,   98,    0
100707,19880519,  106,    0
100707,19880520,  116,    0
100707,19880521,  126,    0
100707,19880522,  144,    0
100707,19880523,  126,    0
100707,19880524,  130,    0
100707,19880525,  122,    0
100707,19880526,  116,    0
100707,19880527,  110,    0
100707,19880528,   82,    0
100707,19880529,  150,    0
100707,19880530,  124,    0
100707,19880531,  114,    0
100707,19880601,  138,    0
100707,19880602,  154,    0
100707,19880603,  174,    0
100707,19880604,  150,    0
100707,19880605,  120,    0
100707,19880606,  140,    0
100707,19880607,  150,    0
100707,19880608,  130,    0
100707,19880609,  126,    0
100707,19880610,  126,    0
100707,19880611,  124,    0
100707,19880612,  136,    0
100707,19880613,  138,    0
100707,19880614,  132,    0
100707,19880615,  120,    0
100707,19880616,  142,    0
100707,19880617,  146,    0
100707,19880618,  132,    0
100707,19880619,  154,    0
100707,19880620,  174,    0
100707,19880621,  154,    0
100707,19880622,  180,    0
100707,19880623,  160,    0
100707,19880624,  162,    0
100707,19880625,  165,    0
100707,19880626,  166,    0
100707,19880627,  164,    0
100707,19880628,  145,    0
100707,19880629,  146,    0
100707,19880630,  150,    0
100707,19880701,  146,    0
100707,19880702,  134,    0
100707,19880703,  168,    0
100707,19880704,  136,    0
100707,19880705,  122,    0
100707,19880706,  124,    0
100707,19880707,  130,    0
100707,19880708,  126,    0
100707,19880709,  140,    0
100707,19880710,  170,    0
100707,19880711,  212,    0
100707,19880712,  200,    0
100707,19880713,  176,    0
100707,19880714,  170,    0
100707,19880715,  176,    0
100707,19880716,  186,    0
100707,19880717,  196,    0
100707,19880718,  190,    0
100707,19880719,  170,    0
100707,19880720,  160,    0
100707,19880721,  194,    0
100707,19880722,  198,    0
100707,19880723,  176,    0
100707,19880724,  146,    0
100707,19880725,  166,    0
100707,19880726,  194,    0
100707,19880727,  168,    0
100707,19880728,  184,    0
100707,19880729,  150,    0
100707,19880730,  146,    0
100707,19880731,  160,    0
100707,19880801,  174,    0
100707,19880802,  198,    0
100707,19880803,  134,    0
100707,19880804,  150,    0
100707,19880805,  172,    0
100707,19880806,  178,    0
100707,19880807,  162,    0
100707,19880808,  156,    0
100707,19880809,  154,    0
100707,19880810,  160,    0
100707,19880811,  132,    0
100707,19880812,  140,    0
100707,19880813,  160,    0
100707,19880814,  162,    0
100707,19880815,  146,    0
100707,19880816,  168,    0
100707,19880817,  156,    0
100707,19880818,  172,    0
100707,19880819,  174,    0
100707,19880820,  150,    0
100707,19880821,  154,    0
100707,19880822,  154,    0
100707,19880823,  178,    0
100707,19880824,  150,    0
100707,19880825,  174,    0
100707,19880826,  166,    0
100707,19880827,  180,    0
100707,19880828,  158,    0
100707,19880829,  130,    0
100707,19880830,  114,    0
100707,19880831,  110,    0
100707,19880901,  150,    0
100707,19880902,  158,    0
100707,19880903,  124,    0
100707,19880904,  138,    0
100707,19880905,  140,    0
100707,19880906,  194,    0
100707,19880907,  180,    0
100707,19880908,  180,    0
100707,19880909,  200,    0
100707,19880910,  180,    0
100707,19880911,  174,    0
100707,19880912,  176,    0
100707,19880913,  184,    0
100707,19880914,  156,    0
100707,19880915,  104,    0
100707,19880916,  100,    0
100707,19880917,  106,    0
100707,19880918,  114,    0
100707,19880919,   98,    0
100707,19880920,   96,    0
100707,19880921,  116,    0
100707,19880922,  122,    0
100707,19880923,  122,    0
100707,19880924,   92,    0
100707,19880925,  102,    0
100707,19880926,   98,    0
100707,19880927,  106,    0
100707,19880928,  106,    0
100707,19880929,  140,    0
100707,19880930,  116,    0
100707,19881001,  136,    0
100707,19881002,  134,    0
100707,19881003,  148,    0
100707,19881004,  150,    0
100707,19881005,  150,    0
100707,19881006,   86,    0
100707,19881007,   96,    0
100707,19881008,  124,    0
100707,19881009,  158,    0
100707,19881010,  142,    0
100707,19881011,  116,    0
100707,19881012,   92,    0
100707,19881013,   76,    0
100707,19881014,  106,    0
100707,19881015,   96,    0
100707,19881016,  100,    0
100707,19881017,  130,    0
100707,19881018,  136,    0
100707,19881019,  106,    0
100707,19881020,   66,    0
100707,19881021,   86,    0
100707,19881022,   86,    0
100707,19881023,  150,    0
100707,19881024,  112,    0
100707,19881025,  112,    0
100707,19881026,  122,    0
100707,19881027,  146,    0
100707,19881028,  134,    0
100707,19881029,  120,    0
100707,19881030,  154,    0
100707,19881031,  108,    0
100707,19881101,  112,    0
100707,19881102,  154,    0
100707,19881103,  146,    0
100707,19881104,  126,    0
100707,19881105,  156,    0
100707,19881106,  150,    0
100707,19881107,  144,    0
100707,19881108,  146,    0
100707,19881109,  136,    0
100707,19881110,  120,    0
100707,19881111,  144,    0
100707,19881112,  124,    0
100707,19881113,  120,    0
100707,19881114,   94,    0
100707,19881115,   86,    0
100707,19881116,   68,    0
100707,19881117,   64,    0
100707,19881118,   66,    0
100707,19881119,   42,    0
100707,19881120,   24,    0
100707,19881121,   90,    0
100707,19881122,   18,    0
100707,19881123,  -16,    0
100707,19881124,   60,    0
100707,19881125,   78,    0
100707,19881126,   72,    0
100707,19881127,   44,    0
100707,19881128,   14,    0
100707,19881129,    2,    0
100707,19881130,   16,    0
100707,19881201,  100,    0
100707,19881202,   60,    0
100707,19881203,   88,    0
100707,19881204,   50,    0
100707,19881205,   24,    0
100707,19881206,   16,    0
100707,19881207,   14,    0
100707,19881208,   -4,    0
100707,19881209,  -20,    0
100707,19881210,  -18,    0
100707,19881211,   -4,    0
100707,19881212,  -14,    0
100707,19881213,  -22,    0
100707,19881214,  -20,    0
100707,19881215,  -36,    0
100707,19881216,  -46,    0
100707,19881217,  -16,    0
100707,19881218,  -26,    0
100707,19881219,  -40,    0
100707,19881220,  -40,    0
100707,19881221,    2,    0
100707,19881222,    6,    0
100707,19881223,   -4,    0
100707,19881224,   54,    0
100707,19881225,   48,    0
100707,19881226,   12,    0
100707,19881227,   -6,    0
100707,19881228,    2,    0
100707,19881229,  -14,    0
100707,19881230,   -6,    0
100707,19881231,  -16,    0
100707,19890101,  -24,    0
100707,19890102,  -30,    0
100707,19890103,  -36,    0
100707,19890104,  -48,    0
100707,19890105,  -22,    0
100707,19890106,    5,    0
100707,19890107,   38,    0
100707,19890108,    8,    0
100707,19890109,    2,    0
100707,19890110,   46,    0
100707,19890111,   44,    0
100707,19890112,   44,    0
100707,19890113,   20,    0
100707,19890114,   -6,    0
100707,19890115,   12,    0
100707,19890116,   10,    0
100707,19890117,    8,    0
100707,19890118,    6,    0
100707,19890119,   -4,    0
100707,19890120,   -4,    0
100707,19890121,   -8,    0
100707,19890122,  -16,    0
100707,19890123,  -16,    0
100707,19890124,   -8,    0
100707,19890125,   20,    0
100707,19890126,   48,    0
100707,19890127,   14,    0
100707,19890128,    2,    0
100707,19890129,    0,    0
100707,19890130,   24,    0
100707,19890131,   34,    0
100707,19890201,   50,    0
100707,19890202,   30,    0
100707,19890203,   24,    0
100707,19890204,   -2,    0
100707,19890205,   -6,    0
100707,19890206,    0,    0
100707,19890207,   24,    0
100707,19890208,   54,    0
100707,19890209,   20,    0
100707,19890210,   74,    0
100707,19890211,   86,    0
100707,19890212,   50,    0
100707,19890213,   30,    0
100707,19890214,    4,    0
100707,19890215,    4,    0
100707,19890216,   -4,    0
100707,19890217,   -4,    0
100707,19890218,    4,    0
100707,19890219,   22,    0
100707,19890220,   76,    0
100707,19890221,   92,    0
100707,19890222,   70,    0
100707,19890223,   48,    0
100707,19890224,   48,    0
100707,19890225,  104,    0
100707,19890226,   92,    0
100707,19890227,   74,    0
100707,19890228,  116,    0
100707,19890301,  100,    0
100707,19890302,   78,    0
100707,19890303,  104,    0
100707,19890304,   36,    0
100707,19890305,   58,    0
100707,19890306,   86,    0
100707,19890307,   90,    0
100707,19890308,   76,    0
100707,19890309,   26,    0
100707,19890310,   26,    0
100707,19890311,   52,    0
100707,19890312,   50,    0
100707,19890313,   96,    0
100707,19890314,   58,    0
100707,19890315,   22,    0
100707,19890316,   70,    0
100707,19890317,   72,    0
100707,19890318,   48,    0
100707,19890319,   32,    0
100707,19890320,   58,    0
100707,19890321,   74,    0
100707,19890322,   66,    0
100707,19890323,   42,    0
100707,19890324,   68,    0
100707,19890325,   42,    0
100707,19890326,   70,    0
100707,19890327,   74,    0
100707,19890328,   48,    0
100707,19890329,   36,    0
100707,19890330,   88,    0
100707,19890331,   96,    0
100707,19890401,   64,    0
100707,19890402,   86,    0
100707,19890403,   56,    0
100707,19890404,   52,    0
100707,19890405,   58,    0
100707,19890406,   98,    0
100707,19890407,   88,    0
100707,19890408,  100,    0
100707,19890409,   86,    0
100707,19890410,   78,    0
100707,19890411,   90,    0
100707,19890412,  104,    0
100707,19890413,   96,    0
100707,19890414,   74,    0
100707,19890415,   94,    0
100707,19890416,   64,    0
100707,19890417,   36,    0
100707,19890418,   34,    0
100707,19890419,   66,    0
100707,19890420,   96,    0
100707,19890421,   84,    0
100707,19890422,  100,    0
100707,19890423,   90,    0
100707,19890424,   84,    0
100707,19890425,  100,    0
100707,19890426,   70,    0
100707,19890427,   56,    0
100707,19890428,  124,    0
100707,19890429,   96,    0
100707,19890430,  110,    0
100707,19890501,   78,    0
100707,19890502,  104,    0
100707,19890503,  110,    0
100707,19890504,  120,    0
100707,19890505,  118,    0
100707,19890506,  106,    0
100707,19890507,  126,    0
100707,19890508,  136,    0
100707,19890509,  124,    0
100707,19890510,  116,    0
100707,19890511,  114,    0
100707,19890512,  126,    0
100707,19890513,  138,    0
100707,19890514,  104,    0
100707,19890515,  132,    0
100707,19890516,  130,    0
100707,19890517,  144,    0
100707,19890518,  148,    0
100707,19890519,  140,    0
100707,19890520,  140,    0
100707,19890521,  136,    0
100707,19890522,  120,    0
100707,19890523,  138,    0
100707,19890524,  118,    0
100707,19890525,  132,    0
100707,19890526,  140,    0
100707,19890527,  148,    0
100707,19890528,  140,    0
100707,19890529,  114,    0
100707,19890530,  152,    0
100707,19890531,  148,    0
100707,19890601,  126,    0
100707,19890602,  128,    0
100707,19890603,  110,    0
100707,19890604,  102,    0
100707,19890605,  118,    0
100707,19890606,  110,    0
100707,19890607,  122,    0
100707,19890608,  106,    0
100707,19890609,   92,    0
100707,19890610,  118,    0
100707,19890611,  162,    0
100707,19890612,  170,    0
100707,19890613,  158,    0
100707,19890614,  150,    0
100707,19890615,  192,    0
100707,19890616,  196,    0
100707,19890617,  190,    0
100707,19890618,  186,    0
100707,19890619,  164,    0
100707,19890620,  172,    0
100707,19890621,  170,    0
100707,19890622,  184,    0
100707,19890623,  204,    0
100707,19890624,  216,    0
100707,19890625,  164,    0
100707,19890626,  180,    0
100707,19890627,  150,    0
100707,19890628,  162,    0
100707,19890629,  160,    0
100707,19890630,  206,    0
100707,19890701,  178,    0
100707,19890702,  162,    0
100707,19890703,  180,    0
100707,19890704,  176,    0
100707,19890705,  154,    0
100707,19890706,  162,    0
100707,19890707,  166,    0
100707,19890708,  144,    0
100707,19890709,  150,    0
100707,19890710,  184,    0
100707,19890711,  222,    0
100707,19890712,  224,    0
100707,19890713,  214,    0
100707,19890714,  204,    0
100707,19890715,  206,    0
100707,19890716,  152,    0
100707,19890717,  170,    0
100707,19890718,  202,    0
100707,19890719,  214,    0
100707,19890720,  206,    0
100707,19890721,  252,    0
100707,19890722,  182,    0
100707,19890723,  176,    0
100707,19890724,  170,    0
100707,19890725,  198,    0
100707,19890726,  200,    0
100707,19890727,  222,    0
100707,19890728,  226,    0
100707,19890729,  232,    0
100707,19890730,  204,    0
100707,19890731,  214,    0
100707,19890801,  208,    0
100707,19890802,  224,    0
100707,19890803,  194,    0
100707,19890804,  184,    0
100707,19890805,  184,    0
100707,19890806,  174,    0
100707,19890807,  170,    0
100707,19890808,  182,    0
100707,19890809,  194,    0
100707,19890810,  182,    0
100707,19890811,  170,    0
100707,19890812,  154,    0
100707,19890813,  172,    0
100707,19890814,  170,    0
100707,19890815,  172,    0
100707,19890816,  190,    0
100707,19890817,  156,    0
100707,19890818,  150,    0
100707,19890819,  160,    0
100707,19890820,  154,    0
100707,19890821,  172,    0
100707,19890822,  194,    0
100707,19890823,  194,    0
100707,19890824,  214,    0
100707,19890825,  206,    0
100707,19890826,  170,    0
100707,19890827,  168,    0
100707,19890828,  110,    0
100707,19890829,  110,    0
100707,19890830,  174,    0
100707,19890831,  164,    0
100707,19890901,  144,    0
100707,19890902,  174,    0
100707,19890903,  214,    0
100707,19890904,  170,    0
100707,19890905,  156,    0
100707,19890906,  146,    0
100707,19890907,  170,    0
100707,19890908,  160,    0
100707,19890909,  158,    0
100707,19890910,  130,    0
100707,19890911,  128,    0
100707,19890912,  130,    0
100707,19890913,  128,    0
100707,19890914,  140,    0
100707,19890915,  154,    0
100707,19890916,  166,    0
100707,19890917,  144,    0
100707,19890918,  166,    0
100707,19890919,  160,    0
100707,19890920,  134,    0
100707,19890921,  150,    0
100707,19890922,  150,    0
100707,19890923,   92,    0
100707,19890924,  116,    0
100707,19890925,  144,    0
100707,19890926,  144,    0
100707,19890927,  136,    0
100707,19890928,  142,    0
100707,19890929,  160,    0
100707,19890930,  138,    0
100707,19891001,  166,    0
100707,19891002,  152,    0
100707,19891003,  154,    0
100707,19891004,  150,    0
100707,19891005,  144,    0
100707,19891006,  172,    0
100707,19891007,  148,    0
100707,19891008,  170,    0
100707,19891009,  116,    0
100707,19891010,   76,    0
100707,19891011,   76,    0
100707,19891012,  100,    0
100707,19891013,  140,    0
100707,19891014,  140,    0
100707,19891015,  134,    0
100707,19891016,  114,    0
100707,19891017,  152,    0
100707,19891018,  140,    0
100707,19891019,  136,    0
100707,19891020,  100,    0
100707,19891021,   86,    0
100707,19891022,  130,    0
100707,19891023,  150,    0
100707,19891024,  136,    0
100707,19891025,  126,    0
100707,19891026,  144,    0
100707,19891027,  156,    0
100707,19891028,  122,    0
100707,19891029,   96,    0
100707,19891030,   92,    0
100707,19891031,  100,    0
100707,19891101,  104,    0
100707,19891102,  114,    0
100707,19891103,   88,    0
100707,19891104,   30,    0
100707,19891105,  104,    0
100707,19891106,   90,    0
100707,19891107,  106,    0
100707,19891108,   88,    0
100707,19891109,   94,    0
100707,19891110,   58,    0
100707,19891111,  104,    0
100707,19891112,  120,    0
100707,19891113,  120,    0
100707,19891114,   90,    0
100707,19891115,   88,    0
100707,19891116,  126,    0
100707,19891117,   92,    0
100707,19891118,   88,    0
100707,19891119,  110,    0
100707,19891120,  100,    0
100707,19891121,  122,    0
100707,19891122,  110,    0
100707,19891123,  106,    0
100707,19891124,  106,    0
100707,19891125,   96,    0
100707,19891126,  124,    0
100707,19891127,  132,    0
100707,19891128,  108,    0
100707,19891129,  106,    0
100707,19891130,  104,    0
100707,19891201,   82,    0
100707,19891202,   96,    0
100707,19891203,   96,    0
100707,19891204,  102,    0
100707,19891205,  126,    0
100707,19891206,  116,    0
100707,19891207,  108,    0
100707,19891208,  120,    0
100707,19891209,  130,    0
100707,19891210,   84,    0
100707,19891211,   74,    0
100707,19891212,   94,    0
100707,19891213,  126,    0
100707,19891214,  154,    0
100707,19891215,  148,    0
100707,19891216,  138,    0
100707,19891217,  136,    0
100707,19891218,  102,    0
100707,19891219,   96,    0
100707,19891220,  122,    0
100707,19891221,  110,    0
100707,19891222,   78,    0
100707,19891223,   42,    0
100707,19891224,   46,    0
100707,19891225,   74,    0
100707,19891226,   78,    0
100707,19891227,   60,    0
100707,19891228,   60,    0
100707,19891229,   90,    0
100707,19891230,   96,    0
100707,19891231,   70,    0
100707,19900101,   74,    0
100707,19900102,   36,    0
100707,19900103,   60,    0
100707,19900104,   38,    0
100707,19900105,   70,    0
100707,19900106,   70,    0
100707,19900107,   70,    0
100707,19900108,   24,    0
100707,19900109,   38,    0
100707,19900110,    0,    0
100707,19900111,   10,    0
100707,19900112,    8,    0
100707,19900113,   10,    0
100707,19900114,   26,    0
100707,19900115,    6,    0
100707,19900116,    8,    0
100707,19900117,    6,    0
100707,19900118,   52,    0
100707,19900119,   10,    0
100707,19900120,   -8,    0
100707,19900121,   -6,    0
100707,19900122,  -12,    0
100707,19900123,    0,    0
100707,19900124,   98,    0
100707,19900125,  114,    0
100707,19900126,  100,    0
100707,19900127,   98,    0
100707,19900128,   54,    0
100707,19900129,   20,    0
100707,19900130,   60,    0
100707,19900131,   52,    0
100707,19900201,   18,    0
100707,19900202,  104,    0
100707,19900203,   94,    0
100707,19900204,   48,    0
100707,19900205,   40,    0
100707,19900206,  104,    0
100707,19900207,   88,    0
100707,19900208,   98,    0
100707,19900209,   82,    0
100707,19900210,   84,    0
100707,19900211,   84,    0
100707,19900212,   74,    0
100707,19900213,   82,    0
100707,19900214,   56,    0
100707,19900215,   28,    0
100707,19900216,   36,    0
100707,19900217,   42,    0
100707,19900218,   50,    0
100707,19900219,   70,    0
100707,19900220,   64,    0
100707,19900221,   74,    0
100707,19900222,   86,    0
100707,19900223,   76,    0
100707,19900224,   54,    0
100707,19900225,  100,    0
100707,19900226,   60,    0
100707,19900227,   72,    0
100707,19900228,   84,    0
100707,19900301,   36,    0
100707,19900302,   56,    0
100707,19900303,   22,    0
100707,19900304,   68,    0
100707,19900305,   76,    0
100707,19900306,   70,    0
100707,19900307,   70,    0
100707,19900308,  102,    0
100707,19900309,   70,    0
100707,19900310,   84,    0
100707,19900311,  112,    0
100707,19900312,  112,    0
100707,19900313,  106,    0
100707,19900314,   80,    0
100707,19900315,   58,    0
100707,19900316,   80,    0
100707,19900317,   78,    0
100707,19900318,   74,    0
100707,19900319,   86,    0
100707,19900320,   74,    0
100707,19900321,   70,    0
100707,19900322,   86,    0
100707,19900323,   94,    0
100707,19900324,   70,    0
100707,19900325,   64,    0
100707,19900326,   56,    0
100707,19900327,   26,    0
100707,19900328,    6,    0
100707,19900329,   32,    0
100707,19900330,   56,    0
100707,19900331,   98,    0
100707,19900401,  114,    0
100707,19900402,   88,    0
100707,19900403,   94,    0
100707,19900404,  100,    0
100707,19900405,  106,    0
100707,19900406,   78,    0
100707,19900407,   46,    0
100707,19900408,   92,    0
100707,19900409,   72,    0
100707,19900410,   48,    0
100707,19900411,   78,    0
100707,19900412,   84,    0
100707,19900413,   98,    0
100707,19900414,   78,    0
100707,19900415,   92,    0
100707,19900416,   88,    0
100707,19900417,   98,    0
100707,19900418,   86,    0
100707,19900419,   90,    0
100707,19900420,   82,    0
100707,19900421,   40,    0
100707,19900422,   64,    0
100707,19900423,   58,    0
100707,19900424,   80,    0
100707,19900425,   68,    0
100707,19900426,   86,    0
100707,19900427,   82,    0
100707,19900428,  100,    0
100707,19900429,   94,    0
100707,19900430,  106,    0
100707,19900501,  104,    0
100707,19900502,   98,    0
100707,19900503,   98,    0
100707,19900504,  102,    0
100707,19900505,  106,    0
100707,19900506,  110,    0
100707,19900507,  116,    0
100707,19900508,  128,    0
100707,19900509,  134,    0
100707,19900510,  112,    0
100707,19900511,  132,    0
100707,19900512,  148,    0
100707,19900513,  132,    0
100707,19900514,  122,    0
100707,19900515,  124,    0
100707,19900516,  140,    0
100707,19900517,  126,    0
100707,19900518,  136,    0
100707,19900519,  126,    0
100707,19900520,  120,    0
100707,19900521,  110,    0
100707,19900522,  110,    0
100707,19900523,  118,    0
100707,19900524,  114,    0
100707,19900525,  136,    0
100707,19900526,  130,    0
100707,19900527,  156,    0
100707,19900528,  154,    0
100707,19900529,  114,    0
100707,19900530,  142,    0
100707,19900531,  156,    0
100707,19900601,  170,    0
100707,19900602,  198,    0
100707,19900603,  162,    0
100707,19900604,  156,    0
100707,19900605,  150,    0
100707,19900606,  128,    0
100707,19900607,  130,    0
100707,19900608,  126,    0
100707,19900609,  148,    0
100707,19900610,  140,    0
100707,19900611,  148,    0
100707,19900612,  148,    0
100707,19900613,  150,    0
100707,19900614,  140,    0
100707,19900615,  134,    0
100707,19900616,  146,    0
100707,19900617,  138,    0
100707,19900618,  104,    0
100707,19900619,  158,    0
100707,19900620,  146,    0
100707,19900621,  130,    0
100707,19900622,  178,    0
100707,19900623,  144,    0
100707,19900624,  188,    0
100707,19900625,  196,    0
100707,19900626,  180,    0
100707,19900627,  172,    0
100707,19900628,  136,    0
100707,19900629,  138,    0
100707,19900630,  146,    0
100707,19900701,  126,    0
100707,19900702,  146,    0
100707,19900703,  172,    0
100707,19900704,  162,    0
100707,19900705,  188,    0
100707,19900706,  166,    0
100707,19900707,  188,    0
100707,19900708,  200,    0
100707,19900709,  220,    0
100707,19900710,  224,    0
100707,19900711,  206,    0
100707,19900712,  212,    0
100707,19900713,  196,    0
100707,19900714,  158,    0
100707,19900715,  158,    0
100707,19900716,  178,    0
100707,19900717,  194,    0
100707,19900718,  194,    0
100707,19900719,  204,    0
100707,19900720,  220,    0
100707,19900721,  214,    0
100707,19900722,  260,    0
100707,19900723,  210,    0
100707,19900724,  208,    0
100707,19900725,  200,    0
100707,19900726,  202,    0
100707,19900727,  170,    0
100707,19900728,  182,    0
100707,19900729,  146,    0
100707,19900730,  172,    0
100707,19900731,  180,    0
100707,19900801,  186,    0
100707,19900802,  170,    0
100707,19900803,  166,    0
100707,19900804,  196,    0
100707,19900805,  208,    0
100707,19900806,  210,    0
100707,19900807,  210,    0
100707,19900808,  206,    0
100707,19900809,  216,    0
100707,19900810,  200,    0
100707,19900811,  188,    0
100707,19900812,  182,    0
100707,19900813,  194,    0
100707,19900814,  160,    0
100707,19900815,  152,    0
100707,19900816,  166,    0
100707,19900817,  184,    0
100707,19900818,  198,    0
100707,19900819,  204,    0
100707,19900820,  178,    0
100707,19900821,  182,    0
100707,19900822,  166,    0
100707,19900823,  180,    0
100707,19900824,  176,    0
100707,19900825,  162,    0
100707,19900826,  166,    0
100707,19900827,  150,    0
100707,19900828,  210,    0
100707,19900829,  154,    0
100707,19900830,  176,    0
100707,19900831,  128,    0
100707,19900901,  156,    0
100707,19900902,  164,    0
100707,19900903,  162,    0
100707,19900904,  184,    0
100707,19900905,  180,    0
100707,19900906,  180,    0
100707,19900907,  176,    0
100707,19900908,  156,    0
100707,19900909,  190,    0
100707,19900910,  150,    0
100707,19900911,  190,    0
100707,19900912,  178,    0
100707,19900913,  174,    0
100707,19900914,  158,    0
100707,19900915,  182,    0
100707,19900916,  174,    0
100707,19900917,  182,    0
100707,19900918,  160,    0
100707,19900919,  166,    0
100707,19900920,  164,    0
100707,19900921,  156,    0
100707,19900922,  136,    0
100707,19900923,  138,    0
100707,19900924,  156,    0
100707,19900925,  148,    0
100707,19900926,  124,    0
100707,19900927,  156,    0
100707,19900928,  184,    0
100707,19900929,  180,    0
100707,19900930,  184,    0
100707,19901001,  158,    0
100707,19901002,  160,    0
100707,19901003,  142,    0
100707,19901004,  132,    0
100707,19901005,  124,    0
100707,19901006,  106,    0
100707,19901007,  124,    0
100707,19901008,  106,    0
100707,19901009,   74,    0
100707,19901010,   74,    0
100707,19901011,  104,    0
100707,19901012,  108,    0
100707,19901013,  178,    0
100707,19901014,  168,    0
100707,19901015,  126,    0
100707,19901016,  124,    0
100707,19901017,  130,    0
100707,19901018,  130,    0
100707,19901019,  114,    0
100707,19901020,  124,    0
100707,19901021,  102,    0
100707,19901022,  124,    0
100707,19901023,  126,    0
100707,19901024,  112,    0
100707,19901025,   98,    0
100707,19901026,  102,    0
100707,19901027,   70,    0
100707,19901028,  134,    0
100707,19901029,  150,    0
100707,19901030,  158,    0
100707,19901031,   90,    0
100707,19901101,   68,    0
100707,19901102,   74,    0
100707,19901103,   50,    0
100707,19901104,   14,    0
100707,19901105,   26,    0
100707,19901106,   80,    0
100707,19901107,  132,    0
100707,19901108,  132,    0
100707,19901109,  114,    0
100707,19901110,   94,    0
100707,19901111,   76,    0
100707,19901112,   68,    0
100707,19901113,   62,    0
100707,19901114,   78,    0
100707,19901115,   56,    0
100707,19901116,   46,    0
100707,19901117,   68,    0
100707,19901118,   54,    0
100707,19901119,   46,    0
100707,19901120,   82,    0
100707,19901121,   62,    0
100707,19901122,   30,    0
100707,19901123,   22,    0
100707,19901124,  100,    0
100707,19901125,   78,    0
100707,19901126,   58,    0
100707,19901127,   32,    0
100707,19901128,   32,    0
100707,19901129,   -4,    0
100707,19901130,    4,    0
100707,19901201,   -6,    0
100707,19901202,    4,    0
100707,19901203,   54,    0
100707,19901204,   70,    0
100707,19901205,   88,    0
100707,19901206,   68,    0
100707,19901207,   46,    0
100707,19901208,   46,    0
100707,19901209,   34,    0
100707,19901210,   24,    0
100707,19901211,   34,    0
100707,19901212,   30,    0
100707,19901213,   20,    0
100707,19901214,    4,    0
100707,19901215,   12,    0
100707,19901216,   -6,    0
100707,19901217,   12,    0
100707,19901218,   62,    0
100707,19901219,   74,    0
100707,19901220,   32,    0
100707,19901221,    4,    0
100707,19901222,  -14,    0
100707,19901223,  -28,    0
100707,19901224,    2,    0
100707,19901225,   36,    0
100707,19901226,   94,    0
100707,19901227,  100,    0
100707,19901228,  120,    0
100707,19901229,  110,    0
100707,19901230,  104,    0
100707,19901231,  104,    0
100707,19910101,   50,    0
100707,19910102,   14,    0
100707,19910103,   24,    0
100707,19910104,   12,    0
100707,19910105,   12,    0
100707,19910106,   34,    0
100707,19910107,   96,    0
100707,19910108,   76,    0
100707,19910109,  106,    0
100707,19910110,  104,    0
100707,19910111,   94,    0
100707,19910112,   58,    0
100707,19910113,    0,    0
100707,19910114,  -22,    0
100707,19910115,  -24,    0
100707,19910116,   -2,    0
100707,19910117,   70,    0
100707,19910118,   38,    0
100707,19910119,   30,    0
100707,19910120,   30,    0
100707,19910121,   38,    0
100707,19910122,    2,    0
100707,19910123,   32,    0
100707,19910124,   22,    0
100707,19910125,   14,    0
100707,19910126,    2,    0
100707,19910127,  -16,    0
100707,19910128,  -30,    0
100707,19910129,  -14,    0
100707,19910130,   24,    0
100707,19910131,  -16,    0
100707,19910201,   42,    0
100707,19910202,   16,    0
100707,19910203,    6,    0
100707,19910204,    4,    0
100707,19910205,    8,    0
100707,19910206,   96,    0
100707,19910207,   52,    0
100707,19910208,   32,    0
100707,19910209,   54,    0
100707,19910210,   44,    0
100707,19910211,    8,    0
100707,19910212,   34,    0
100707,19910213,   -8,    0
100707,19910214,    6,    0
100707,19910215,  -18,    0
100707,19910216,   48,    0
100707,19910217,   40,    0
100707,19910218,   34,    0
100707,19910219,   68,    0
100707,19910220,   46,    0
100707,19910221,   70,    0
100707,19910222,   54,    0
100707,19910223,   32,    0
100707,19910224,   34,    0
100707,19910225,   90,    0
100707,19910226,   40,    0
100707,19910227,   74,    0
100707,19910228,   74,    0
100707,19910301,   80,    0
100707,19910302,   68,    0
100707,19910303,   88,    0
100707,19910304,   90,    0
100707,19910305,  100,    0
100707,19910306,   74,    0
100707,19910307,   70,    0
100707,19910308,   80,    0
100707,19910309,  102,    0
100707,19910310,  120,    0
100707,19910311,  104,    0
100707,19910312,   50,    0
100707,19910313,   50,    0
100707,19910314,  110,    0
100707,19910315,  100,    0
100707,19910316,  102,    0
100707,19910317,   96,    0
100707,19910318,   88,    0
100707,19910319,   82,    0
100707,19910320,   80,    0
100707,19910321,   80,    0
100707,19910322,   62,    0
100707,19910323,   54,    0
100707,19910324,   48,    0
100707,19910325,   56,    0
100707,19910326,   52,    0
100707,19910327,   92,    0
100707,19910328,   52,    0
100707,19910329,   66,    0
100707,19910330,   78,    0
100707,19910331,   76,    0
100707,19910401,   62,    0
100707,19910402,   36,    0
100707,19910403,   82,    0
100707,19910404,   54,    0
100707,19910405,   76,    0
100707,19910406,   40,    0
100707,19910407,   56,    0
100707,19910408,   96,    0
100707,19910409,   64,    0
100707,19910410,   88,    0
100707,19910411,  110,    0
100707,19910412,   96,    0
100707,19910413,   54,    0
100707,19910414,   40,    0
100707,19910415,   54,    0
100707,19910416,   60,    0
100707,19910417,   90,    0
100707,19910418,   52,    0
100707,19910419,   54,    0
100707,19910420,   74,    0
100707,19910421,   52,    0
100707,19910422,   54,    0
100707,19910423,   74,    0
100707,19910424,   72,    0
100707,19910425,   56,    0
100707,19910426,   72,    0
100707,19910427,   58,    0
100707,19910428,   96,    0
100707,19910429,  104,    0
100707,19910430,  124,    0
100707,19910501,  102,    0
100707,19910502,   62,    0
100707,19910503,   54,    0
100707,19910504,   52,    0
100707,19910505,   86,    0
100707,19910506,   54,    0
100707,19910507,   54,    0
100707,19910508,   82,    0
100707,19910509,   64,    0
100707,19910510,   70,    0
100707,19910511,   76,    0
100707,19910512,   70,    0
100707,19910513,   84,    0
100707,19910514,   92,    0
100707,19910515,  118,    0
100707,19910516,  120,    0
100707,19910517,  120,    0
100707,19910518,  128,    0
100707,19910519,  126,    0
100707,19910520,  112,    0
100707,19910521,  134,    0
100707,19910522,  122,    0
100707,19910523,  106,    0
100707,19910524,  116,    0
100707,19910525,  136,    0
100707,19910526,  154,    0
100707,19910527,  136,    0
100707,19910528,  146,    0
100707,19910529,  154,    0
100707,19910530,  164,    0
100707,19910531,  150,    0
100707,19910601,  156,    0
100707,19910602,  138,    0
100707,19910603,  152,    0
100707,19910604,  110,    0
100707,19910605,  112,    0
100707,19910606,  170,    0
100707,19910607,  152,    0
100707,19910608,  124,    0
100707,19910609,  158,    0
100707,19910610,  148,    0
100707,19910611,  142,    0
100707,19910612,  164,    0
100707,19910613,  166,    0
100707,19910614,  174,    0
100707,19910615,  178,    0
100707,19910616,  142,    0
100707,19910617,  122,    0
100707,19910618,  148,    0
100707,19910619,  144,    0
100707,19910620,  134,    0
100707,19910621,  158,    0
100707,19910622,  164,    0
100707,19910623,  158,    0
100707,19910624,  184,    0
100707,19910625,  200,    0
100707,19910626,  186,    0
100707,19910627,  160,    0
100707,19910628,  182,    0
100707,19910629,  182,    0
100707,19910630,  194,    0
100707,19910701,  204,    0
100707,19910702,  184,    0
100707,19910703,  144,    0
100707,19910704,  124,    0
100707,19910705,  122,    0
100707,19910706,  126,    0
100707,19910707,  156,    0
100707,19910708,  186,    0
100707,19910709,  198,    0
100707,19910710,  200,    0
100707,19910711,  190,    0
100707,19910712,  200,    0
100707,19910713,  202,    0
100707,19910714,  234,    0
100707,19910715,  204,    0
100707,19910716,  226,    0
100707,19910717,  234,    0
100707,19910718,  232,    0
100707,19910719,  258,    0
100707,19910720,  194,    0
100707,19910721,  178,    0
100707,19910722,  186,    0
100707,19910723,  174,    0
100707,19910724,  178,    0
100707,19910725,  158,    0
100707,19910726,  194,    0
100707,19910727,  184,    0
100707,19910728,  208,    0
100707,19910729,  164,    0
100707,19910730,  130,    0
100707,19910731,  130,    0
100707,19910801,  168,    0
100707,19910802,  194,    0
100707,19910803,  214,    0
100707,19910804,  198,    0
100707,19910805,  190,    0
100707,19910806,  192,    0
100707,19910807,  176,    0
100707,19910808,  178,    0
100707,19910809,  174,    0
100707,19910810,  180,    0
100707,19910811,  182,    0
100707,19910812,  184,    0
100707,19910813,  184,    0
100707,19910814,  210,    0
100707,19910815,  202,    0
100707,19910816,  200,    0
100707,19910817,  220,    0
100707,19910818,  208,    0
100707,19910819,  190,    0
100707,19910820,  172,    0
100707,19910821,  202,    0
100707,19910822,  182,    0
100707,19910823,  160,    0
100707,19910824,  158,    0
100707,19910825,  170,    0
100707,19910826,  190,    0
100707,19910827,  204,    0
100707,19910828,  168,    0
100707,19910829,  162,    0
100707,19910830,  162,    0
100707,19910831,  166,    0
100707,19910901,  168,    0
100707,19910902,  178,    0
100707,19910903,  160,    0
100707,19910904,  164,    0
100707,19910905,  180,    0
100707,19910906,  182,    0
100707,19910907,  190,    0
100707,19910908,  182,    0
100707,19910909,  180,    0
100707,19910910,  186,    0
100707,19910911,  196,    0
100707,19910912,  176,    0
100707,19910913,  160,    0
100707,19910914,  156,    0
100707,19910915,  166,    0
100707,19910916,  172,    0
100707,19910917,  160,    0
100707,19910918,  178,    0
100707,19910919,  176,    0
100707,19910920,  178,    0
100707,19910921,  186,    0
100707,19910922,  180,    0
100707,19910923,  174,    0
100707,19910924,  172,    0
100707,19910925,  160,    0
100707,19910926,  122,    0
100707,19910927,  108,    0
100707,19910928,  136,    0
100707,19910929,  106,    0
100707,19910930,  104,    0
100707,19911001,  126,    0
100707,19911002,  122,    0
100707,19911003,  116,    0
100707,19911004,  114,    0
100707,19911005,  128,    0
100707,19911006,  124,    0
100707,19911007,  102,    0
100707,19911008,  116,    0
100707,19911009,   88,    0
100707,19911010,   74,    0
100707,19911011,  116,    0
100707,19911012,  114,    0
100707,19911013,  106,    0
100707,19911014,  116,    0
100707,19911015,   90,    0
100707,19911016,   70,    0
100707,19911017,   70,    0
100707,19911018,   80,    0
100707,19911019,  122,    0
100707,19911020,   58,    0
100707,19911021,   16,    0
100707,19911022,   42,    0
100707,19911023,   40,    0
100707,19911024,   64,    0
100707,19911025,  114,    0
100707,19911026,  108,    0
100707,19911027,   86,    0
100707,19911028,   90,    0
100707,19911029,  116,    0
100707,19911030,   88,    0
100707,19911031,   86,    0
100707,19911101,   84,    0
100707,19911102,   84,    0
100707,19911103,  110,    0
100707,19911104,   98,    0
100707,19911105,   60,    0
100707,19911106,   30,    0
100707,19911107,   16,    0
100707,19911108,   16,    0
100707,19911109,   26,    0
100707,19911110,   24,    0
100707,19911111,   28,    0
100707,19911112,   12,    0
100707,19911113,  104,    0
100707,19911114,   92,    0
100707,19911115,  128,    0
100707,19911116,  104,    0
100707,19911117,   74,    0
100707,19911118,   96,    0
100707,19911119,   68,    0
100707,19911120,   58,    0
100707,19911121,   36,    0
100707,19911122,    4,    0
100707,19911123,  -32,    0
100707,19911124,  -10,    0
100707,19911125,  104,    0
100707,19911126,   60,    0
100707,19911127,   60,    0
100707,19911128,   36,    0
100707,19911129,   64,    0
100707,19911130,   98,    0
100707,19911201,   98,    0
100707,19911202,   70,    0
100707,19911203,   60,    0
100707,19911204,   54,    0
100707,19911205,   92,    0
100707,19911206,  104,    0
100707,19911207,  110,    0
100707,19911208,  100,    0
100707,19911209,   74,    0
100707,19911210,   54,    0
100707,19911211,   64,    0
100707,19911212,   32,    0
100707,19911213,   20,    0
100707,19911214,   74,    0
100707,19911215,   96,    0
100707,19911216,   80,    0
100707,19911217,   86,    0
100707,19911218,   44,    0
100707,19911219,   46,    0
100707,19911220,   52,    0
100707,19911221,    0,    0
100707,19911222,  -14,    0
100707,19911223,  -10,    0
100707,19911224,  -16,    0
100707,19911225,   -4,    0
100707,19911226,   24,    0
100707,19911227,  -20,    0
100707,19911228,  -26,    0
100707,19911229,  -14,    0
100707,19911230,   -2,    0
100707,19911231,  -14,    0
100707,19920101,  -24,    0
100707,19920102,   -6,    0
100707,19920103,  -10,    0
100707,19920104,  -24,    0
100707,19920105,  -26,    0
100707,19920106,   -4,    0
100707,19920107,   50,    0
100707,19920108,   88,    0
100707,19920109,   44,    0
100707,19920110,   20,    0
100707,19920111,   18,    0
100707,19920112,   18,    0
100707,19920113,   22,    0
100707,19920114,   74,    0
100707,19920115,   34,    0
100707,19920116,    2,    0
100707,19920117,  -20,    0
100707,19920118,  -16,    0
100707,19920119,  -16,    0
100707,19920120,  -20,    0
100707,19920121,  -12,    0
100707,19920122,  -14,    0
100707,19920123,  -18,    0
100707,19920124,  -38,    0
100707,19920125,  -36,    0
100707,19920126,  -18,    0
100707,19920127,    2,    0
100707,19920128,   10,    0
100707,19920129,   48,    0
100707,19920130,   34,    0
100707,19920131,   -2,    0
100707,19920201,  -12,    0
100707,19920202,   10,    0
100707,19920203,    4,    0
100707,19920204,  -20,    0
100707,19920205,  -24,    0
100707,19920206,   -4,    0
100707,19920207,  -14,    0
100707,19920208,  -10,    0
100707,19920209,   20,    0
100707,19920210,   16,    0
100707,19920211,   28,    0
100707,19920212,   74,    0
100707,19920213,   40,    0
100707,19920214,   -5,    0
100707,19920215,    2,    0
100707,19920216,   72,    0
100707,19920217,   50,    0
100707,19920218,   50,    0
100707,19920219,   -2,    0
100707,19920220,   48,    0
100707,19920221,    0,    0
100707,19920222,    0,    0
100707,19920223,   24,    0
100707,19920224,   64,    0
100707,19920225,   64,    0
100707,19920226,   26,    0
100707,19920227,   -4,    0
100707,19920228,   40,    0
100707,19920229,   45,    0
100707,19920301,   52,    0
100707,19920302,  102,    0
100707,19920303,   80,    0
100707,19920304,   68,    0
100707,19920305,   60,    0
100707,19920306,   30,    0
100707,19920307,   52,    0
100707,19920308,   76,    0
100707,19920309,   24,    0
100707,19920310,   24,    0
100707,19920311,   34,    0
100707,19920312,   54,    0
100707,19920313,   30,    0
100707,19920314,   42,    0
100707,19920315,   44,    0
100707,19920316,   38,    0
100707,19920317,   84,    0
100707,19920318,   90,    0
100707,19920319,   56,    0
100707,19920320,   65,    0
100707,19920321,   64,    0
100707,19920322,   75,    0
100707,19920323,  114,    0
100707,19920324,   70,    0
100707,19920325,   40,    0
100707,19920326,   36,    0
100707,19920327,   74,    0
100707,19920328,   34,    0
100707,19920329,   42,    0
100707,19920330,   54,    0
100707,19920331,   46,    0
100707,19920401,   64,    0
100707,19920402,  110,    0
100707,19920403,   96,    0
100707,19920404,   90,    0
100707,19920405,   80,    0
100707,19920406,   72,    0
100707,19920407,   96,    0
100707,19920408,   94,    0
100707,19920409,   62,    0
100707,19920410,   62,    0
100707,19920411,   76,    0
100707,19920412,   74,    0
100707,19920413,   72,    0
100707,19920414,   80,    0
100707,19920415,  100,    0
100707,19920416,   76,    0
100707,19920417,   44,    0
100707,19920418,   74,    0
100707,19920419,   82,    0
100707,19920420,   82,    0
100707,19920421,   96,    0
100707,19920422,  100,    0
100707,19920423,   80,    0
100707,19920424,   85,    0
100707,19920425,   88,    0
100707,19920426,  108,    0
100707,19920427,  112,    0
100707,19920428,  120,    0
100707,19920429,   96,    0
100707,19920430,   78,    0
100707,19920501,  112,    0
100707,19920502,  116,    0
100707,19920503,   80,    0
100707,19920504,   58,    0
100707,19920505,   96,    0
100707,19920506,  142,    0
100707,19920507,  106,    0
100707,19920508,  124,    0
100707,19920509,  122,    0
100707,19920510,  104,    0
100707,19920511,   96,    0
100707,19920512,  110,    0
100707,19920513,  166,    0
100707,19920514,  146,    0
100707,19920515,  130,    0
100707,19920516,  180,    0
100707,19920517,  144,    0
100707,19920518,  196,    0
100707,19920519,  120,    0
100707,19920520,  106,    0
100707,19920521,  154,    0
100707,19920522,  126,    0
100707,19920523,  144,    0
100707,19920524,  120,    0
100707,19920525,  102,    0
100707,19920526,  144,    0
100707,19920527,  136,    0
100707,19920528,  150,    0
100707,19920529,  156,    0
100707,19920530,  144,    0
100707,19920531,  120,    0
100707,19920601,  132,    0
100707,19920602,  114,    0
100707,19920603,   98,    0
100707,19920604,   96,    0
100707,19920605,  106,    0
100707,19920606,  110,    0
100707,19920607,  110,    0
100707,19920608,   96,    0
100707,19920609,  108,    0
100707,19920610,  118,    0
100707,19920611,  124,    0
100707,19920612,  146,    0
100707,19920613,  154,    0
100707,19920614,  136,    0
100707,19920615,  144,    0
100707,19920616,  134,    0
100707,19920617,  160,    0
100707,19920618,  170,    0
100707,19920619,  170,    0
100707,19920620,  170,    0
100707,19920621,  138,    0
100707,19920622,  160,    0
100707,19920623,  144,    0
100707,19920624,  132,    0
100707,19920625,  130,    0
100707,19920626,  136,    0
100707,19920627,  154,    0
100707,19920628,  174,    0
100707,19920629,  160,    0
100707,19920630,  162,    0
100707,19920701,  146,    0
100707,19920702,  152,    0
100707,19920703,  176,    0
100707,19920704,  160,    0
100707,19920705,  174,    0
100707,19920706,  152,    0
100707,19920707,  186,    0
100707,19920708,  174,    0
100707,19920709,  170,    0
100707,19920710,  154,    0
100707,19920711,  152,    0
100707,19920712,  174,    0
100707,19920713,  184,    0
100707,19920714,  198,    0
100707,19920715,  234,    0
100707,19920716,  160,    0
100707,19920717,  188,    0
100707,19920718,  208,    0
100707,19920719,  206,    0
100707,19920720,  180,    0
100707,19920721,  180,    0
100707,19920722,  152,    0
100707,19920723,  168,    0
100707,19920724,  136,    0
100707,19920725,  170,    0
100707,19920726,  190,    0
100707,19920727,  214,    0
100707,19920728,  216,    0
100707,19920729,  204,    0
100707,19920730,  212,    0
100707,19920731,  190,    0
100707,19920801,  202,    0
100707,19920802,  242,    0
100707,19920803,  204,    0
100707,19920804,  216,    0
100707,19920805,  226,    0
100707,19920806,  218,    0
100707,19920807,  200,    0
100707,19920808,  168,    0
100707,19920809,  144,    0
100707,19920810,  152,    0
100707,19920811,  144,    0
100707,19920812,  142,    0
100707,19920813,  144,    0
100707,19920814,  132,    0
100707,19920815,  156,    0
100707,19920816,  176,    0
100707,19920817,  174,    0
100707,19920818,  208,    0
100707,19920819,  206,    0
100707,19920820,  186,    0
100707,19920821,  150,    0
100707,19920822,  180,    0
100707,19920823,  166,    0
100707,19920824,  160,    0
100707,19920825,  204,    0
100707,19920826,  172,    0
100707,19920827,  150,    0
100707,19920828,  154,    0
100707,19920829,  124,    0
100707,19920830,  130,    0
100707,19920831,  140,    0
100707,19920901,   96,    0
100707,19920902,  132,    0
100707,19920903,  154,    0
100707,19920904,  170,    0
100707,19920905,  172,    0
100707,19920906,  184,    0
100707,19920907,  154,    0
100707,19920908,  150,    0
100707,19920909,  124,    0
100707,19920910,  108,    0
100707,19920911,  126,    0
100707,19920912,  152,    0
100707,19920913,  126,    0
100707,19920914,  124,    0
100707,19920915,  130,    0
100707,19920916,  166,    0
100707,19920917,  176,    0
100707,19920918,  122,    0
100707,19920919,  122,    0
100707,19920920,  116,    0
100707,19920921,  122,    0
100707,19920922,  124,    0
100707,19920923,  120,    0
100707,19920924,   86,    0
100707,19920925,  118,    0
100707,19920926,  128,    0
100707,19920927,  108,    0
100707,19920928,   90,    0
100707,19920929,  120,    0
100707,19920930,  154,    0
100707,19921001,  128,    0
100707,19921002,  140,    0
100707,19921003,  144,    0
100707,19921004,  114,    0
100707,19921005,  100,    0
100707,19921006,  116,    0
100707,19921007,  100,    0
100707,19921008,  114,    0
100707,19921009,  114,    0
100707,19921010,  120,    0
100707,19921011,  100,    0
100707,19921012,   86,    0
100707,19921013,   60,    0
100707,19921014,   66,    0
100707,19921015,   90,    0
100707,19921016,  132,    0
100707,19921017,   90,    0
100707,19921018,   68,    0
100707,19921019,  108,    0
100707,19921020,   90,    0
100707,19921021,   60,    0
100707,19921022,   50,    0
100707,19921023,   96,    0
100707,19921024,   90,    0
100707,19921025,   76,    0
100707,19921026,   78,    0
100707,19921027,  132,    0
100707,19921028,  148,    0
100707,19921029,  150,    0
100707,19921030,   84,    0
100707,19921031,   56,    0
100707,19921101,   54,    0
100707,19921102,   42,    0
100707,19921103,   98,    0
100707,19921104,   88,    0
100707,19921105,   96,    0
100707,19921106,   78,    0
100707,19921107,   66,    0
100707,19921108,   92,    0
100707,19921109,   64,    0
100707,19921110,   74,    0
100707,19921111,   98,    0
100707,19921112,  120,    0
100707,19921113,   86,    0
100707,19921114,  104,    0
100707,19921115,  100,    0
100707,19921116,   66,    0
100707,19921117,   96,    0
100707,19921118,  102,    0
100707,19921119,   74,    0
100707,19921120,   32,    0
100707,19921121,   24,    0
100707,19921122,   32,    0
100707,19921123,   16,    0
100707,19921124,   22,    0
100707,19921125,   84,    0
100707,19921126,   56,    0
100707,19921127,   40,    0
100707,19921128,   56,    0
100707,19921129,   36,    0
100707,19921130,   14,    0
100707,19921201,  100,    0
100707,19921202,  120,    0
100707,19921203,  114,    0
100707,19921204,  114,    0
100707,19921205,  100,    0
100707,19921206,  108,    0
100707,19921207,   94,    0
100707,19921208,   56,    0
100707,19921209,   46,    0
100707,19921210,   52,    0
100707,19921211,   18,    0
100707,19921212,   10,    0
100707,19921213,   -4,    0
100707,19921214,    0,    0
100707,19921215,   10,    0
100707,19921216,   66,    0
100707,19921217,   26,    0
100707,19921218,   38,    0
100707,19921219,   80,    0
100707,19921220,   70,    0
100707,19921221,   78,    0
100707,19921222,   84,    0
100707,19921223,   92,    0
100707,19921224,   80,    0
100707,19921225,   62,    0
100707,19921226,   35,    0
100707,19921227,   36,    0
100707,19921228,   16,    0
100707,19921229,   -6,    0
100707,19921230,    6,    0
100707,19921231,    4,    0
100707,19930101,  -30,    0
100707,19930102,   -4,    0
100707,19930103,  -30,    0
100707,19930104,  -34,    0
100707,19930105,   22,    0
100707,19930106,    6,    0
100707,19930107,  -14,    0
100707,19930108,  -16,    0
100707,19930109,  -22,    0
100707,19930110,  -24,    0
100707,19930111,   12,    0
100707,19930112,   48,    0
100707,19930113,   62,    0
100707,19930114,   38,    0
100707,19930115,   10,    0
100707,19930116,   -6,    0
100707,19930117,   -2,    0
100707,19930118,   -8,    0
100707,19930119,  -26,    0
100707,19930120,  -20,    0
100707,19930121,  -18,    0
100707,19930122,  -24,    0
100707,19930123,  -34,    0
100707,19930124,  -38,    0
100707,19930125,  -42,    0
100707,19930126,  -38,    0
100707,19930127,  -30,    0
100707,19930128,   -8,    0
100707,19930129,   72,    0
100707,19930130,   44,    0
100707,19930131,   62,    0
100707,19930201,   34,    0
100707,19930202,   50,    0
100707,19930203,   48,    0
100707,19930204,   26,    0
100707,19930205,    8,    0
100707,19930206,   10,    0
100707,19930207,   15,    0
100707,19930208,    2,    0
100707,19930209,   42,    0
100707,19930210,   94,    0
100707,19930211,   96,    0
100707,19930212,   60,    0
100707,19930213,   44,    0
100707,19930214,   52,    0
100707,19930215,   26,    0
100707,19930216,   18,    0
100707,19930217,   -4,    0
100707,19930218,   -4,    0
100707,19930219,    5,    0
100707,19930220,   10,    0
100707,19930221,    5,    0
100707,19930222,   24,    0
100707,19930223,    8,    0
100707,19930224,   10,    0
100707,19930225,  -14,    0
100707,19930226,   34,    0
100707,19930227,   50,    0
100707,19930228,   20,    0
100707,19930301,  -24,    0
100707,19930302,   -8,    0
100707,19930303,  -18,    0
100707,19930304,   60,    0
100707,19930305,   60,    0
100707,19930306,   68,    0
100707,19930307,   46,    0
100707,19930308,   68,    0
100707,19930309,   58,    0
100707,19930310,   26,    0
100707,19930311,   96,    0
100707,19930312,   62,    0
100707,19930313,  100,    0
100707,19930314,   96,    0
100707,19930315,   68,    0
100707,19930316,   74,    0
100707,19930317,   94,    0
100707,19930318,   86,    0
100707,19930319,  132,    0
100707,19930320,   88,    0
100707,19930321,   94,    0
100707,19930322,  110,    0
100707,19930323,  128,    0
100707,19930324,   98,    0
100707,19930325,   70,    0
100707,19930326,   16,    0
100707,19930327,   -5,    0
100707,19930328,   38,    0
100707,19930329,   46,    0
100707,19930330,   66,    0
100707,19930331,   80,    0
100707,19930401,   86,    0
100707,19930402,   54,    0
100707,19930403,   48,    0
100707,19930404,  120,    0
100707,19930405,   70,    0
100707,19930406,   86,    0
100707,19930407,   80,    0
100707,19930408,  106,    0
100707,19930409,  128,    0
100707,19930410,  110,    0
100707,19930411,  104,    0
100707,19930412,   84,    0
100707,19930413,   70,    0
100707,19930414,   66,    0
100707,19930415,   58,    0
100707,19930416,   54,    0
100707,19930417,   34,    0
100707,19930418,   48,    0
100707,19930419,   54,    0
100707,19930420,   94,    0
100707,19930421,  106,    0
100707,19930422,   86,    0
100707,19930423,   72,    0
100707,19930424,   60,    0
100707,19930425,   70,    0
100707,19930426,   78,    0
100707,19930427,   64,    0
100707,19930428,   80,    0
100707,19930429,   88,    0
100707,19930430,   94,    0
100707,19930501,   74,    0
100707,19930502,   90,    0
100707,19930503,  104,    0
100707,19930504,  130,    0
100707,19930505,  106,    0
100707,19930506,  132,    0
100707,19930507,  118,    0
100707,19930508,  110,    0
100707,19930509,  106,    0
100707,19930510,  120,    0
100707,19930511,  112,    0
100707,19930512,  120,    0
100707,19930513,  110,    0
100707,19930514,   94,    0
100707,19930515,  112,    0
100707,19930516,   94,    0
100707,19930517,  108,    0
100707,19930518,  110,    0
100707,19930519,   76,    0
100707,19930520,   74,    0
100707,19930521,   74,    0
100707,19930522,  116,    0
100707,19930523,  110,    0
100707,19930524,  122,    0
100707,19930525,  122,    0
100707,19930526,  106,    0
100707,19930527,  128,    0
100707,19930528,  106,    0
100707,19930529,  104,    0
100707,19930530,  110,    0
100707,19930531,  114,    0
100707,19930601,  114,    0
100707,19930602,  112,    0
100707,19930603,  108,    0
100707,19930604,  136,    0
100707,19930605,  146,    0
100707,19930606,  136,    0
100707,19930607,  138,    0
100707,19930608,  146,    0
100707,19930609,  154,    0
100707,19930610,  114,    0
100707,19930611,  108,    0
100707,19930612,  120,    0
100707,19930613,  140,    0
100707,19930614,  150,    0
100707,19930615,  160,    0
100707,19930616,  186,    0
100707,19930617,  200,    0
100707,19930618,  184,    0
100707,19930619,  166,    0
100707,19930620,  182,    0
100707,19930621,  160,    0
100707,19930622,  150,    0
100707,19930623,  138,    0
100707,19930624,  146,    0
100707,19930625,  176,    0
100707,19930626,  192,    0
100707,19930627,  186,    0
100707,19930628,  154,    0
100707,19930629,  156,    0
100707,19930630,  148,    0
100707,19930701,  136,    0
100707,19930702,  164,    0
100707,19930703,  166,    0
100707,19930704,  188,    0
100707,19930705,  200,    0
100707,19930706,  184,    0
100707,19930707,  200,    0
100707,19930708,  178,    0
100707,19930709,  186,    0
100707,19930710,  168,    0
100707,19930711,  130,    0
100707,19930712,  140,    0
100707,19930713,  164,    0
100707,19930714,  188,    0
100707,19930715,  188,    0
100707,19930716,  170,    0
100707,19930717,  160,    0
100707,19930718,  156,    0
100707,19930719,  162,    0
100707,19930720,  164,    0
100707,19930721,  172,    0
100707,19930722,  170,    0
100707,19930723,  188,    0
100707,19930724,  194,    0
100707,19930725,  166,    0
100707,19930726,  144,    0
100707,19930727,  186,    0
100707,19930728,  206,    0
100707,19930729,  192,    0
100707,19930730,  166,    0
100707,19930731,  156,    0
100707,19930801,  170,    0
100707,19930802,  164,    0
100707,19930803,  162,    0
100707,19930804,  196,    0
100707,19930805,  214,    0
100707,19930806,  206,    0
100707,19930807,  170,    0
100707,19930808,  138,    0
100707,19930809,  176,    0
100707,19930810,  198,    0
100707,19930811,  194,    0
100707,19930812,  176,    0
100707,19930813,  142,    0
100707,19930814,  164,    0
100707,19930815,  138,    0
100707,19930816,  134,    0
100707,19930817,  174,    0
100707,19930818,  204,    0
100707,19930819,  200,    0
100707,19930820,  208,    0
100707,19930821,  182,    0
100707,19930822,  190,    0
100707,19930823,  178,    0
100707,19930824,  164,    0
100707,19930825,  128,    0
100707,19930826,  132,    0
100707,19930827,  134,    0
100707,19930828,  124,    0
100707,19930829,  124,    0
100707,19930830,  120,    0
100707,19930831,  176,    0
100707,19930901,  176,    0
100707,19930902,  200,    0
100707,19930903,  204,    0
100707,19930904,  164,    0
100707,19930905,  160,    0
100707,19930906,  166,    0
100707,19930907,  162,    0
100707,19930908,  170,    0
100707,19930909,  144,    0
100707,19930910,  134,    0
100707,19930911,  134,    0
100707,19930912,  144,    0
100707,19930913,  138,    0
100707,19930914,  104,    0
100707,19930915,  158,    0
100707,19930916,  124,    0
100707,19930917,  166,    0
100707,19930918,  154,    0
100707,19930919,  130,    0
100707,19930920,  132,    0
100707,19930921,  150,    0
100707,19930922,  112,    0
100707,19930923,   98,    0
100707,19930924,  100,    0
100707,19930925,  118,    0
100707,19930926,  100,    0
100707,19930927,   94,    0
100707,19930928,   80,    0
100707,19930929,  122,    0
100707,19930930,   94,    0
100707,19931001,  144,    0
100707,19931002,  132,    0
100707,19931003,  114,    0
100707,19931004,  110,    0
100707,19931005,  138,    0
100707,19931006,  118,    0
100707,19931007,  106,    0
100707,19931008,   70,    0
100707,19931009,  144,    0
100707,19931010,  168,    0
100707,19931011,  126,    0
100707,19931012,  124,    0
100707,19931013,  124,    0
100707,19931014,  106,    0
100707,19931015,   84,    0
100707,19931016,  126,    0
100707,19931017,  118,    0
100707,19931018,   88,    0
100707,19931019,   80,    0
100707,19931020,   78,    0
100707,19931021,   70,    0
100707,19931022,   56,    0
100707,19931023,   36,    0
100707,19931024,   34,    0
100707,19931025,   36,    0
100707,19931026,   46,    0
100707,19931027,   98,    0
100707,19931028,   92,    0
100707,19931029,   67,    0
100707,19931030,   81,    0
100707,19931031,  128,    0
100707,19931101,  114,    0
100707,19931102,  140,    0
100707,19931103,   74,    0
100707,19931104,   70,    0
100707,19931105,   88,    0
100707,19931106,   88,    0
100707,19931107,   74,    0
100707,19931108,   82,    0
100707,19931109,   88,    0
100707,19931110,   60,    0
100707,19931111,   80,    0
100707,19931112,   54,    0
100707,19931113,   60,    0
100707,19931114,   60,    0
100707,19931115,   90,    0
100707,19931116,   38,    0
100707,19931117,   28,    0
100707,19931118,   24,    0
100707,19931119,   26,    0
100707,19931120,   52,    0
100707,19931121,   25,    0
100707,19931122,   65,    0
100707,19931123,   50,    0
100707,19931124,   66,    0
100707,19931125,   36,    0
100707,19931126,   28,    0
100707,19931127,   14,    0
100707,19931128,   90,    0
100707,19931129,  116,    0
100707,19931130,  106,    0
100707,19931201,   86,    0
100707,19931202,   46,    0
100707,19931203,   24,    0
100707,19931204,   20,    0
100707,19931205,   30,    0
100707,19931206,   86,    0
100707,19931207,   25,    0
100707,19931208,   11,    0
100707,19931209,    8,    0
100707,19931210,   30,    0
100707,19931211,   22,    0
100707,19931212,   24,    0
100707,19931213,   20,    0
100707,19931214,   50,    0
100707,19931215,   14,    0
100707,19931216,   80,    0
100707,19931217,   64,    0
100707,19931218,   38,    0
100707,19931219,   54,    0
100707,19931220,   76,    0
100707,19931221,   80,    0
100707,19931222,   10,    0
100707,19931223,  -44,    0
100707,19931224,   16,    0
100707,19931225,   58,    0
100707,19931226,   86,    0
100707,19931227,   70,    0
100707,19931228,   64,    0
100707,19931229,  120,    0
100707,19931230,  108,    0
100707,19931231,  110,    0
100707,19940101,   98,    0
100707,19940102,  102,    0
100707,19940103,  104,    0
100707,19940104,   56,    0
100707,19940105,   30,    0
100707,19940106,   42,    0
100707,19940107,   30,    0
100707,19940108,   56,    0
100707,19940109,   96,    0
100707,19940110,   58,    0
100707,19940111,   54,    0
100707,19940112,  100,    0
100707,19940113,   66,    0
100707,19940114,   94,    0
100707,19940115,   54,    0
100707,19940116,   46,    0
100707,19940117,   10,    0
100707,19940118,   -4,    0
100707,19940119,  -30,    0
100707,19940120,  -20,    0
100707,19940121,  -30,    0
100707,19940122,  -30,    0
100707,19940123,  -30,    0
100707,19940124,  -26,    0
100707,19940125,   12,    0
100707,19940126,  -20,    0
100707,19940127,  -18,    0
100707,19940128,  -16,    0
100707,19940129,   -6,    0
100707,19940130,   16,    0
100707,19940131,   -6,    0
100707,19940201,   -6,    0
100707,19940202,    0,    0
100707,19940203,   44,    0
100707,19940204,   12,    0
100707,19940205,  -12,    0
100707,19940206,  -16,    0
100707,19940207,   40,    0
100707,19940208,   18,    0
100707,19940209,  -24,    0
100707,19940210,  -10,    0
100707,19940211,    2,    0
100707,19940212,  -10,    0
100707,19940213,  -12,    0
100707,19940214,   58,    0
100707,19940215,    4,    0
100707,19940216,   30,    0
100707,19940217,   20,    0
100707,19940218,   48,    0
100707,19940219,   20,    0
100707,19940220,   96,    0
100707,19940221,   52,    0
100707,19940222,  120,    0
100707,19940223,   80,    0
100707,19940224,   96,    0
100707,19940225,   44,    0
100707,19940226,   90,    0
100707,19940227,   84,    0
100707,19940228,   84,    0
100707,19940301,   72,    0
100707,19940302,   46,    0
100707,19940303,   52,    0
100707,19940304,   70,    0
100707,19940305,  104,    0
100707,19940306,   86,    0
100707,19940307,   54,    0
100707,19940308,   54,    0
100707,19940309,   56,    0
100707,19940310,   64,    0
100707,19940311,   94,    0
100707,19940312,   58,    0
100707,19940313,   86,    0
100707,19940314,   58,    0
100707,19940315,   50,    0
100707,19940316,   46,    0
100707,19940317,   52,    0
100707,19940318,   60,    0
100707,19940319,   46,    0
100707,19940320,   48,    0
100707,19940321,   74,    0
100707,19940322,   80,    0
100707,19940323,   60,    0
100707,19940324,   70,    0
100707,19940325,   76,    0
100707,19940326,   94,    0
100707,19940327,   72,    0
100707,19940328,  100,    0
100707,19940329,  100,    0
100707,19940330,  106,    0
100707,19940331,  104,    0
100707,19940401,   92,    0
100707,19940402,   50,    0
100707,19940403,   54,    0
100707,19940404,   80,    0
100707,19940405,   64,    0
100707,19940406,   60,    0
100707,19940407,   66,    0
100707,19940408,   58,    0
100707,19940409,   42,    0
100707,19940410,   92,    0
100707,19940411,   60,    0
100707,19940412,   20,    0
100707,19940413,   28,    0
100707,19940414,   64,    0
100707,19940415,   72,    0
100707,19940416,   50,    0
100707,19940417,   28,    0
100707,19940418,   30,    0
100707,19940419,   70,    0
100707,19940420,   88,    0
100707,19940421,   50,    0
100707,19940422,   86,    0
100707,19940423,   86,    0
100707,19940424,   80,    0
100707,19940425,   60,    0
100707,19940426,   66,    0
100707,19940427,   86,    0
100707,19940428,  108,    0
100707,19940429,  126,    0
100707,19940430,  140,    0
100707,19940501,  136,    0
100707,19940502,  134,    0
100707,19940503,  130,    0
100707,19940504,  122,    0
100707,19940505,  104,    0
100707,19940506,  110,    0
100707,19940507,  110,    0
100707,19940508,   80,    0
100707,19940509,  122,    0
100707,19940510,   76,    0
100707,19940511,   92,    0
100707,19940512,   64,    0
100707,19940513,  106,    0
100707,19940514,  112,    0
100707,19940515,  124,    0
100707,19940516,  110,    0
100707,19940517,  106,    0
100707,19940518,  106,    0
100707,19940519,  120,    0
100707,19940520,  110,    0
100707,19940521,  152,    0
100707,19940522,  152,    0
100707,19940523,  146,    0
100707,19940524,  118,    0
100707,19940525,  116,    0
100707,19940526,  120,    0
100707,19940527,  122,    0
100707,19940528,  114,    0
100707,19940529,  154,    0
100707,19940530,  144,    0
100707,19940531,  126,    0
100707,19940601,  142,    0
100707,19940602,  122,    0
100707,19940603,  106,    0
100707,19940604,  116,    0
100707,19940605,  166,    0
100707,19940606,  164,    0
100707,19940607,  180,    0
100707,19940608,  158,    0
100707,19940609,  182,    0
100707,19940610,  162,    0
100707,19940611,  150,    0
100707,19940612,  134,    0
100707,19940613,  104,    0
100707,19940614,  160,    0
100707,19940615,  158,    0
100707,19940616,  158,    0
100707,19940617,  162,    0
100707,19940618,  152,    0
100707,19940619,  136,    0
100707,19940620,  144,    0
100707,19940621,  144,    0
100707,19940622,  170,    0
100707,19940623,  176,    0
100707,19940624,  150,    0
100707,19940625,  118,    0
100707,19940626,  132,    0
100707,19940627,  144,    0
100707,19940628,  176,    0
100707,19940629,  174,    0
100707,19940630,  186,    0
100707,19940701,  148,    0
100707,19940702,  139,    0
100707,19940703,  146,    0
100707,19940704,  180,    0
100707,19940705,  176,    0
100707,19940706,  140,    0
100707,19940707,  140,    0
100707,19940708,  162,    0
100707,19940709,  166,    0
100707,19940710,  162,    0
100707,19940711,  160,    0
100707,19940712,  144,    0
100707,19940713,  152,    0
100707,19940714,  152,    0
100707,19940715,  206,    0
100707,19940716,  194,    0
100707,19940717,  162,    0
100707,19940718,  182,    0
100707,19940719,  182,    0
100707,19940720,  150,    0
100707,19940721,  134,    0
100707,19940722,  148,    0
100707,19940723,  146,    0
100707,19940724,  152,    0
100707,19940725,  134,    0
100707,19940726,  156,    0
100707,19940727,  182,    0
100707,19940728,  178,    0
100707,19940729,  173,    0
100707,19940730,  174,    0
100707,19940731,  160,    0
100707,19940801,  136,    0
100707,19940802,  162,    0
100707,19940803,  180,    0
100707,19940804,  190,    0
100707,19940805,  174,    0
100707,19940806,  162,    0
100707,19940807,  146,    0
100707,19940808,  172,    0
100707,19940809,  182,    0
100707,19940810,  176,    0
100707,19940811,  154,    0
100707,19940812,  164,    0
100707,19940813,  144,    0
100707,19940814,  142,    0
100707,19940815,  168,    0
100707,19940816,  176,    0
100707,19940817,  156,    0
100707,19940818,  170,    0
100707,19940819,  166,    0
100707,19940820,  204,    0
100707,19940821,  160,    0
100707,19940822,  172,    0
100707,19940823,  168,    0
100707,19940824,  144,    0
100707,19940825,  164,    0
100707,19940826,  174,    0
100707,19940827,  188,    0
100707,19940828,  172,    0
100707,19940829,  158,    0
100707,19940830,  168,    0
100707,19940831,  184,    0
100707,19940901,  134,    0
100707,19940902,  140,    0
100707,19940903,  174,    0
100707,19940904,  172,    0
100707,19940905,  144,    0
100707,19940906,  160,    0
100707,19940907,  160,    0
100707,19940908,  140,    0
100707,19940909,  118,    0
100707,19940910,  164,    0
100707,19940911,  156,    0
100707,19940912,  166,    0
100707,19940913,  126,    0
100707,19940914,  122,    0
100707,19940915,   94,    0
100707,19940916,  140,    0
100707,19940917,  122,    0
100707,19940918,  106,    0
100707,19940919,   70,    0
100707,19940920,  120,    0
100707,19940921,  122,    0
100707,19940922,   90,    0
100707,19940923,   92,    0
100707,19940924,  124,    0
100707,19940925,  110,    0
100707,19940926,  150,    0
100707,19940927,  146,    0
100707,19940928,  116,    0
100707,19940929,  106,    0
100707,19940930,  122,    0
100707,19941001,  134,    0
100707,19941002,  134,    0
100707,19941003,  116,    0
100707,19941004,  156,    0
100707,19941005,  158,    0
100707,19941006,  154,    0
100707,19941007,  146,    0
100707,19941008,  124,    0
100707,19941009,  150,    0
100707,19941010,  154,    0
100707,19941011,  130,    0
100707,19941012,  136,    0
100707,19941013,  136,    0
100707,19941014,  168,    0
100707,19941015,  162,    0
100707,19941016,  138,    0
100707,19941017,  128,    0
100707,19941018,  156,    0
100707,19941019,  120,    0
100707,19941020,  116,    0
100707,19941021,  124,    0
100707,19941022,  150,    0
100707,19941023,  104,    0
100707,19941024,   74,    0
100707,19941025,  108,    0
100707,19941026,  142,    0
100707,19941027,  116,    0
100707,19941028,  100,    0
100707,19941029,   58,    0
100707,19941030,   72,    0
100707,19941031,   94,    0
100707,19941101,   78,    0
100707,19941102,  120,    0
100707,19941103,   92,    0
100707,19941104,   80,    0
100707,19941105,   54,    0
100707,19941106,   86,    0
100707,19941107,  128,    0
100707,19941108,  132,    0
100707,19941109,  124,    0
100707,19941110,  120,    0
100707,19941111,  164,    0
100707,19941112,  112,    0
100707,19941113,   74,    0
100707,19941114,   48,    0
100707,19941115,   56,    0
100707,19941116,   60,    0
100707,19941117,   60,    0
100707,19941118,   56,    0
100707,19941119,   56,    0
100707,19941120,   54,    0
100707,19941121,   52,    0
100707,19941122,   56,    0
100707,19941123,   52,    0
100707,19941124,   44,    0
100707,19941125,   50,    0
100707,19941126,   40,    0
100707,19941127,   30,    0
100707,19941128,   24,    0
100707,19941129,   54,    0
100707,19941130,   96,    0
100707,19941201,   90,    0
100707,19941202,   90,    0
100707,19941203,  102,    0
100707,19941204,   62,    0
100707,19941205,   82,    0
100707,19941206,  108,    0
100707,19941207,   86,    0
100707,19941208,   30,    0
100707,19941209,   46,    0
100707,19941210,   80,    0
100707,19941211,   62,    0
100707,19941212,   46,    0
100707,19941213,   34,    0
100707,19941214,   26,    0
100707,19941215,   80,    0
100707,19941216,   74,    0
100707,19941217,   64,    0
100707,19941218,   20,    0
100707,19941219,   54,    0
100707,19941220,   14,    0
100707,19941221,   14,    0
100707,19941222,   26,    0
100707,19941223,    2,    0
100707,19941224,  -56,    0
100707,19941225,  -60,    0
100707,19941226,  -56,    0
100707,19941227,  -46,    0
100707,19941228,  -10,    0
100707,19941229,   -6,    0
100707,19941230,  124,    0
100707,19941231,  146,    0
100707,19950101,   44,    0
100707,19950102,   -8,    0
100707,19950103,  -10,    0
100707,19950104,  -10,    0
100707,19950105,   80,    0
100707,19950106,   66,    0
100707,19950107,   28,    0
100707,19950108,   -8,    0
100707,19950109,  -10,    0
100707,19950110,  -14,    0
100707,19950111,  -28,    0
100707,19950112,   44,    0
100707,19950113,   -6,    0
100707,19950114,  -30,    0
100707,19950115,  -34,    0
100707,19950116,  -24,    0
100707,19950117,   72,    0
100707,19950118,   54,    0
100707,19950119,    0,    0
100707,19950120,   44,    0
100707,19950121,   -8,    0
100707,19950122,   -4,    0
100707,19950123,  100,    0
100707,19950124,  122,    0
100707,19950125,  106,    0
100707,19950126,   94,    0
100707,19950127,   64,    0
100707,19950128,  104,    0
100707,19950129,   84,    0
100707,19950130,  110,    0
100707,19950131,   82,    0
100707,19950201,   56,    0
100707,19950202,   36,    0
100707,19950203,   44,    0
100707,19950204,    6,    0
100707,19950205,    6,    0
100707,19950206,   10,    0
100707,19950207,   70,    0
100707,19950208,   62,    0
100707,19950209,   92,    0
100707,19950210,   60,    0
100707,19950211,   28,    0
100707,19950212,  100,    0
100707,19950213,  128,    0
100707,19950214,  126,    0
100707,19950215,  122,    0
100707,19950216,  124,    0
100707,19950217,   92,    0
100707,19950218,   44,    0
100707,19950219,    0,    0
100707,19950220,   22,    0
100707,19950221,   72,    0
100707,19950222,   40,    0
100707,19950223,   14,    0
100707,19950224,   72,    0
100707,19950225,  104,    0
100707,19950226,   44,    0
100707,19950227,   18,    0
100707,19950228,   -8,    0
100707,19950301,   32,    0
100707,19950302,   50,    0
100707,19950303,   64,    0
100707,19950304,   24,    0
100707,19950305,  122,    0
100707,19950306,   68,    0
100707,19950307,   14,    0
100707,19950308,   26,    0
100707,19950309,   -4,    0
100707,19950310,   54,    0
100707,19950311,  102,    0
100707,19950312,   78,    0
100707,19950313,   60,    0
100707,19950314,   56,    0
100707,19950315,   34,    0
100707,19950316,   60,    0
100707,19950317,   54,    0
100707,19950318,   70,    0
100707,19950319,   36,    0
100707,19950320,   44,    0
100707,19950321,   50,    0
100707,19950322,   78,    0
100707,19950323,   74,    0
100707,19950324,   46,    0
100707,19950325,   54,    0
100707,19950326,   36,    0
100707,19950327,   64,    0
100707,19950328,  112,    0
100707,19950329,  102,    0
100707,19950330,   90,    0
100707,19950331,   84,    0
100707,19950401,   62,    0
100707,19950402,   64,    0
100707,19950403,   58,    0
100707,19950404,  110,    0
100707,19950405,  110,    0
100707,19950406,   74,    0
100707,19950407,   94,    0
100707,19950408,  100,    0
100707,19950409,   94,    0
100707,19950410,  110,    0
100707,19950411,  116,    0
100707,19950412,  134,    0
100707,19950413,  130,    0
100707,19950414,  126,    0
100707,19950415,   94,    0
100707,19950416,   88,    0
100707,19950417,   78,    0
100707,19950418,   78,    0
100707,19950419,   90,    0
100707,19950420,   62,    0
100707,19950421,   42,    0
100707,19950422,   20,    0
100707,19950423,   64,    0
100707,19950424,   40,    0
100707,19950425,   46,    0
100707,19950426,   90,    0
100707,19950427,  108,    0
100707,19950428,  126,    0
100707,19950429,  118,    0
100707,19950430,  114,    0
100707,19950501,  132,    0
100707,19950502,  152,    0
100707,19950503,  144,    0
100707,19950504,  158,    0
100707,19950505,  162,    0
100707,19950506,  144,    0
100707,19950507,  136,    0
100707,19950508,  140,    0
100707,19950509,  136,    0
100707,19950510,  134,    0
100707,19950511,  124,    0
100707,19950512,  122,    0
100707,19950513,   84,    0
100707,19950514,  116,    0
100707,19950515,  146,    0
100707,19950516,  138,    0
100707,19950517,  134,    0
100707,19950518,  136,    0
100707,19950519,  120,    0
100707,19950520,  140,    0
100707,19950521,  144,    0
100707,19950522,  170,    0
100707,19950523,  130,    0
100707,19950524,  144,    0
100707,19950525,  108,    0
100707,19950526,  108,    0
100707,19950527,  128,    0
100707,19950528,  154,    0
100707,19950529,  130,    0
100707,19950530,  134,    0
100707,19950531,  136,    0
100707,19950601,  134,    0
100707,19950602,  166,    0
100707,19950603,  148,    0
100707,19950604,  182,    0
100707,19950605,  172,    0
100707,19950606,  206,    0
100707,19950607,  180,    0
100707,19950608,  168,    0
100707,19950609,  166,    0
100707,19950610,  150,    0
100707,19950611,  138,    0
100707,19950612,  142,    0
100707,19950613,  124,    0
100707,19950614,  126,    0
100707,19950615,  126,    0
100707,19950616,  154,    0
100707,19950617,  152,    0
100707,19950618,  164,    0
100707,19950619,  170,    0
100707,19950620,  162,    0
100707,19950621,  152,    0
100707,19950622,  200,    0
100707,19950623,  174,    0
100707,19950624,  158,    0
100707,19950625,  160,    0
100707,19950626,  180,    0
100707,19950627,  168,    0
100707,19950628,  172,    0
100707,19950629,  154,    0
100707,19950630,  168,    0
100707,19950701,  164,    0
100707,19950702,  160,    0
100707,19950703,  174,    0
100707,19950704,  150,    0
100707,19950705,  140,    0
100707,19950706,  180,    0
100707,19950707,  188,    0
100707,19950708,  206,    0
100707,19950709,  198,    0
100707,19950710,  188,    0
100707,19950711,  154,    0
100707,19950712,  178,    0
100707,19950713,  174,    0
100707,19950714,  164,    0
100707,19950715,  176,    0
100707,19950716,  194,    0
100707,19950717,  196,    0
100707,19950718,  204,    0
100707,19950719,  236,    0
100707,19950720,  228,    0
100707,19950721,  192,    0
100707,19950722,  170,    0
100707,19950723,  214,    0
100707,19950724,  232,    0
100707,19950725,  186,    0
100707,19950726,  162,    0
100707,19950727,  166,    0
100707,19950728,  192,    0
100707,19950729,  190,    0
100707,19950730,  162,    0
100707,19950731,  162,    0
100707,19950801,  168,    0
100707,19950802,  156,    0
100707,19950803,  128,    0
100707,19950804,  162,    0
100707,19950805,  168,    0
100707,19950806,  176,    0
100707,19950807,  170,    0
100707,19950808,  174,    0
100707,19950809,  178,    0
100707,19950810,  194,    0
100707,19950811,  190,    0
100707,19950812,  206,    0
100707,19950813,  224,    0
100707,19950814,  236,    0
100707,19950815,  238,    0
100707,19950816,  226,    0
100707,19950817,  176,    0
100707,19950818,  172,    0
100707,19950819,  164,    0
100707,19950820,  164,    0
100707,19950821,  158,    0
100707,19950822,  186,    0
100707,19950823,  194,    0
100707,19950824,  184,    0
100707,19950825,  206,    0
100707,19950826,  166,    0
100707,19950827,  186,    0
100707,19950828,  186,    0
100707,19950829,  192,    0
100707,19950830,  194,    0
100707,19950831,  178,    0
100707,19950901,  172,    0
100707,19950902,  204,    0
100707,19950903,  176,    0
100707,19950904,  172,    0
100707,19950905,  154,    0
100707,19950906,  172,    0
100707,19950907,  168,    0
100707,19950908,  140,    0
100707,19950909,  138,    0
100707,19950910,  174,    0
100707,19950911,  150,    0
100707,19950912,  130,    0
100707,19950913,  118,    0
100707,19950914,  138,    0
100707,19950915,  138,    0
100707,19950916,  134,    0
100707,19950917,  128,    0
100707,19950918,  120,    0
100707,19950919,  120,    0
100707,19950920,  126,    0
100707,19950921,  110,    0
100707,19950922,  134,    0
100707,19950923,  112,    0
100707,19950924,  108,    0
100707,19950925,  138,    0
100707,19950926,  114,    0
100707,19950927,   64,    0
100707,19950928,   92,    0
100707,19950929,  148,    0
100707,19950930,  152,    0
100707,19951001,  144,    0
100707,19951002,  176,    0
100707,19951003,  144,    0
100707,19951004,  150,    0
100707,19951005,  136,    0
100707,19951006,  104,    0
100707,19951007,  104,    0
100707,19951008,  162,    0
100707,19951009,  148,    0
100707,19951010,  168,    0
100707,19951011,  134,    0
100707,19951012,  132,    0
100707,19951013,  124,    0
100707,19951014,  168,    0
100707,19951015,  108,    0
100707,19951016,   86,    0
100707,19951017,  104,    0
100707,19951018,   98,    0
100707,19951019,  118,    0
100707,19951020,  134,    0
100707,19951021,  108,    0
100707,19951022,   78,    0
100707,19951023,   88,    0
100707,19951024,  162,    0
100707,19951025,  160,    0
100707,19951026,  140,    0
100707,19951027,  134,    0
100707,19951028,  142,    0
100707,19951029,  116,    0
100707,19951030,   72,    0
100707,19951031,  154,    0
100707,19951101,  168,    0
100707,19951102,  150,    0
100707,19951103,  142,    0
100707,19951104,  154,    0
100707,19951105,   94,    0
100707,19951106,  120,    0
100707,19951107,  114,    0
100707,19951108,  104,    0
100707,19951109,   74,    0
100707,19951110,  118,    0
100707,19951111,  104,    0
100707,19951112,   90,    0
100707,19951113,   50,    0
100707,19951114,  110,    0
100707,19951115,  148,    0
100707,19951116,  154,    0
100707,19951117,  148,    0
100707,19951118,  164,    0
100707,19951119,  144,    0
100707,19951120,  154,    0
100707,19951121,  134,    0
100707,19951122,  100,    0
100707,19951123,   62,    0
100707,19951124,   40,    0
100707,19951125,   90,    0
100707,19951126,   58,    0
100707,19951127,   74,    0
100707,19951128,   66,    0
100707,19951129,   76,    0
100707,19951130,   90,    0
100707,19951201,   52,    0
100707,19951202,   46,    0
100707,19951203,   44,    0
100707,19951204,   74,    0
100707,19951205,   58,    0
100707,19951206,   62,    0
100707,19951207,   84,    0
100707,19951208,   48,    0
100707,19951209,   66,    0
100707,19951210,   64,    0
100707,19951211,   84,    0
100707,19951212,   82,    0
100707,19951213,   56,    0
100707,19951214,   22,    0
100707,19951215,   44,    0
100707,19951216,   32,    0
100707,19951217,   36,    0
100707,19951218,   60,    0
100707,19951219,  102,    0
100707,19951220,  118,    0
100707,19951221,   92,    0
100707,19951222,  136,    0
100707,19951223,  140,    0
100707,19951224,  148,    0
100707,19951225,  154,    0
100707,19951226,  118,    0
100707,19951227,  112,    0
100707,19951228,  112,    0
100707,19951229,  116,    0
100707,19951230,  138,    0
100707,19951231,  120,    0
100707,19960101,  124,    0
100707,19960102,   74,    0
100707,19960103,  108,    0
100707,19960104,  130,    0
100707,19960105,  110,    0
100707,19960106,  122,    0
100707,19960107,  102,    0
100707,19960108,  108,    0
100707,19960109,   82,    0
100707,19960110,   66,    0
100707,19960111,   88,    0
100707,19960112,   70,    0
100707,19960113,   32,    0
100707,19960114,   96,    0
100707,19960115,   66,    0
100707,19960116,   48,    0
100707,19960117,   70,    0
100707,19960118,   74,    0
100707,19960119,   72,    0
100707,19960120,   50,    0
100707,19960121,   84,    0
100707,19960122,   56,    0
100707,19960123,   70,    0
100707,19960124,   50,    0
100707,19960125,   34,    0
100707,19960126,   64,    0
100707,19960127,   66,    0
100707,19960128,   86,    0
100707,19960129,   68,    0
100707,19960130,   50,    0
100707,19960131,   80,    0
100707,19960201,   92,    0
100707,19960202,   78,    0
100707,19960203,   48,    0
100707,19960204,   46,    0
100707,19960205,   54,    0
100707,19960206,   98,    0
100707,19960207,   90,    0
100707,19960208,   50,    0
100707,19960209,   36,    0
100707,19960210,   48,    0
100707,19960211,   38,    0
100707,19960212,   38,    0
100707,19960213,  102,    0
100707,19960214,   56,    0
100707,19960215,   44,    0
100707,19960216,   24,    0
100707,19960217,    2,    0
100707,19960218,   20,    0
100707,19960219,   60,    0
100707,19960220,   20,    0
100707,19960221,   -2,    0
100707,19960222,   -2,    0
100707,19960223,  -28,    0
100707,19960224,  -20,    0
100707,19960225,   -2,    0
100707,19960226,   38,    0
100707,19960227,   32,    0
100707,19960228,   66,    0
100707,19960229,   60,    0
100707,19960301,   52,    0
100707,19960302,   54,    0
100707,19960303,   24,    0
100707,19960304,   26,    0
100707,19960305,   22,    0
100707,19960306,   78,    0
100707,19960307,   80,    0
100707,19960308,  108,    0
100707,19960309,   88,    0
100707,19960310,   80,    0
100707,19960311,   44,    0
100707,19960312,   20,    0
100707,19960313,   74,    0
100707,19960314,   56,    0
100707,19960315,   28,    0
100707,19960316,   20,    0
100707,19960317,    0,    0
100707,19960318,    8,    0
100707,19960319,   96,    0
100707,19960320,  102,    0
100707,19960321,   74,    0
100707,19960322,   68,    0
100707,19960323,   94,    0
100707,19960324,  132,    0
100707,19960325,   76,    0
100707,19960326,  100,    0
100707,19960327,  118,    0
100707,19960328,   82,    0
100707,19960329,   76,    0
100707,19960330,  118,    0
100707,19960331,  124,    0
100707,19960401,  112,    0
100707,19960402,   96,    0
100707,19960403,   58,    0
100707,19960404,   56,    0
100707,19960405,   90,    0
100707,19960406,  102,    0
100707,19960407,  108,    0
100707,19960408,   84,    0
100707,19960409,   80,    0
100707,19960410,  110,    0
100707,19960411,  114,    0
100707,19960412,  116,    0
100707,19960413,  104,    0
100707,19960414,  104,    0
100707,19960415,  106,    0
100707,19960416,  112,    0
100707,19960417,   68,    0
100707,19960418,   48,    0
100707,19960419,   90,    0
100707,19960420,  118,    0
100707,19960421,  104,    0
100707,19960422,   88,    0
100707,19960423,   64,    0
100707,19960424,   76,    0
100707,19960425,  104,    0
100707,19960426,   94,    0
100707,19960427,   94,    0
100707,19960428,  104,    0
100707,19960429,  116,    0
100707,19960430,  108,    0
100707,19960501,  104,    0
100707,19960502,  104,    0
100707,19960503,   98,    0
100707,19960504,   84,    0
100707,19960505,  118,    0
100707,19960506,  108,    0
100707,19960507,  118,    0
100707,19960508,  114,    0
100707,19960509,  106,    0
100707,19960510,  114,    0
100707,19960511,   90,    0
100707,19960512,   66,    0
100707,19960513,   74,    0
100707,19960514,  130,    0
100707,19960515,  132,    0
100707,19960516,  118,    0
100707,19960517,  136,    0
100707,19960518,   98,    0
100707,19960519,   64,    0
100707,19960520,  118,    0
100707,19960521,   82,    0
100707,19960522,   98,    0
100707,19960523,  114,    0
100707,19960524,  140,    0
100707,19960525,  124,    0
100707,19960526,  144,    0
100707,19960527,  164,    0
100707,19960528,  164,    0
100707,19960529,  176,    0
100707,19960530,  196,    0
100707,19960531,  154,    0
100707,19960601,  122,    0
100707,19960602,  114,    0
100707,19960603,  132,    0
100707,19960604,  124,    0
100707,19960605,  140,    0
100707,19960606,  160,    0
100707,19960607,  152,    0
100707,19960608,  146,    0
100707,19960609,  134,    0
100707,19960610,  142,    0
100707,19960611,  156,    0
100707,19960612,  190,    0
100707,19960613,  174,    0
100707,19960614,  174,    0
100707,19960615,  188,    0
100707,19960616,  194,    0
100707,19960617,  202,    0
100707,19960618,  194,    0
100707,19960619,  162,    0
100707,19960620,  138,    0
100707,19960621,  140,    0
100707,19960622,  134,    0
100707,19960623,  154,    0
100707,19960624,  148,    0
100707,19960625,  134,    0
100707,19960626,  148,    0
100707,19960627,  146,    0
100707,19960628,  178,    0
100707,19960629,  206,    0
100707,19960630,  180,    0
100707,19960701,  182,    0
100707,19960702,  150,    0
100707,19960703,  166,    0
100707,19960704,  164,    0
100707,19960705,  182,    0
100707,19960706,  150,    0
100707,19960707,  156,    0
100707,19960708,  132,    0
100707,19960709,  140,    0
100707,19960710,  156,    0
100707,19960711,  172,    0
100707,19960712,  168,    0
100707,19960713,  176,    0
100707,19960714,  206,    0
100707,19960715,  180,    0
100707,19960716,  166,    0
100707,19960717,  222,    0
100707,19960718,  208,    0
100707,19960719,  202,    0
100707,19960720,  174,    0
100707,19960721,  166,    0
100707,19960722,  174,    0
100707,19960723,  204,    0
100707,19960724,  158,    0
100707,19960725,  166,    0
100707,19960726,  180,    0
100707,19960727,  188,    0
100707,19960728,  166,    0
100707,19960729,  212,    0
100707,19960730,  162,    0
100707,19960731,  150,    0
100707,19960801,  150,    0
100707,19960802,  164,    0
100707,19960803,  172,    0
100707,19960804,  156,    0
100707,19960805,  166,    0
100707,19960806,  194,    0
100707,19960807,  194,    0
100707,19960808,  162,    0
100707,19960809,  154,    0
100707,19960810,  174,    0
100707,19960811,  158,    0
100707,19960812,  158,    0
100707,19960813,  164,    0
100707,19960814,  152,    0
100707,19960815,  194,    0
100707,19960816,  188,    0
100707,19960817,  190,    0
100707,19960818,  174,    0
100707,19960819,  164,    0
100707,19960820,  164,    0
100707,19960821,  128,    0
100707,19960822,  132,    0
100707,19960823,  180,    0
100707,19960824,  132,    0
100707,19960825,  132,    0
100707,19960826,  166,    0
100707,19960827,  152,    0
100707,19960828,  154,    0
100707,19960829,  140,    0
100707,19960830,  156,    0
100707,19960831,  178,    0
100707,19960901,  144,    0
100707,19960902,  144,    0
100707,19960903,  160,    0
100707,19960904,  176,    0
100707,19960905,  154,    0
100707,19960906,  150,    0
100707,19960907,  156,    0
100707,19960908,  168,    0
100707,19960909,  136,    0
100707,19960910,  162,    0
100707,19960911,  156,    0
100707,19960912,  150,    0
100707,19960913,  142,    0
100707,19960914,  122,    0
100707,19960915,  128,    0
100707,19960916,  132,    0
100707,19960917,  138,    0
100707,19960918,  148,    0
100707,19960919,  134,    0
100707,19960920,  166,    0
100707,19960921,  138,    0
100707,19960922,  118,    0
100707,19960923,  112,    0
100707,19960924,  124,    0
100707,19960925,  116,    0
100707,19960926,  124,    0
100707,19960927,  140,    0
100707,19960928,  144,    0
100707,19960929,  148,    0
100707,19960930,  142,    0
100707,19961001,  130,    0
100707,19961002,   96,    0
100707,19961003,   86,    0
100707,19961004,   78,    0
100707,19961005,  122,    0
100707,19961006,   94,    0
100707,19961007,   74,    0
100707,19961008,   60,    0
100707,19961009,   66,    0
100707,19961010,   70,    0
100707,19961011,   74,    0
100707,19961012,   86,    0
100707,19961013,  120,    0
100707,19961014,  122,    0
100707,19961015,  110,    0
100707,19961016,  126,    0
100707,19961017,  140,    0
100707,19961018,  172,    0
100707,19961019,  146,    0
100707,19961020,  138,    0
100707,19961021,  124,    0
100707,19961022,  122,    0
100707,19961023,  108,    0
100707,19961024,  124,    0
100707,19961025,  124,    0
100707,19961026,   86,    0
100707,19961027,   94,    0
100707,19961028,  100,    0
100707,19961029,  124,    0
100707,19961030,   80,    0
100707,19961031,   76,    0
100707,19961101,   52,    0
100707,19961102,   48,    0
100707,19961103,   42,    0
100707,19961104,   40,    0
100707,19961105,  102,    0
100707,19961106,   42,    0
100707,19961107,   28,    0
100707,19961108,   36,    0
100707,19961109,   64,    0
100707,19961110,   70,    0
100707,19961111,  104,    0
100707,19961112,   70,    0
100707,19961113,   96,    0
100707,19961114,   90,    0
100707,19961115,   62,    0
100707,19961116,   44,    0
100707,19961117,   34,    0
100707,19961118,   62,    0
100707,19961119,   42,    0
100707,19961120,  118,    0
100707,19961121,  124,    0
100707,19961122,  106,    0
100707,19961123,  106,    0
100707,19961124,  130,    0
100707,19961125,  126,    0
100707,19961126,  124,    0
100707,19961127,  106,    0
100707,19961128,   84,    0
100707,19961129,   28,    0
100707,19961130,   48,    0
100707,19961201,   76,    0
100707,19961202,   32,    0
100707,19961203,   30,    0
100707,19961204,   50,    0
100707,19961205,   48,    0
100707,19961206,   36,    0
100707,19961207,   10,    0
100707,19961208,   24,    0
100707,19961209,   44,    0
100707,19961210,   30,    0
100707,19961211,  110,    0
100707,19961212,  114,    0
100707,19961213,  130,    0
100707,19961214,   76,    0
100707,19961215,   74,    0
100707,19961216,   92,    0
100707,19961217,  122,    0
100707,19961218,  126,    0
100707,19961219,   98,    0
100707,19961220,   96,    0
100707,19961221,   98,    0
100707,19961222,   90,    0
100707,19961223,   86,    0
100707,19961224,   82,    0
100707,19961225,   66,    0
100707,19961226,   18,    0
100707,19961227,    6,    0
100707,19961228,   42,    0
100707,19961229,   66,    0
100707,19961230,   54,    0
100707,19961231,   70,    0
100707,19970101,   24,    0
100707,19970102,   26,    0
100707,19970103,   26,    0
100707,19970104,    4,    0
100707,19970105,   24,    0
100707,19970106,  -18,    0
100707,19970107,   22,    0
100707,19970108,   78,    0
100707,19970109,  108,    0
100707,19970110,  104,    0
100707,19970111,   72,    0
100707,19970112,   60,    0
100707,19970113,   66,    0
100707,19970114,   46,    0
100707,19970115,   48,    0
100707,19970116,   90,    0
100707,19970117,   72,    0
100707,19970118,   86,    0
100707,19970119,   70,    0
100707,19970120,   42,    0
100707,19970121,   20,    0
100707,19970122,   58,    0
100707,19970123,   36,    0
100707,19970124,   56,    0
100707,19970125,   44,    0
100707,19970126,   30,    0
100707,19970127,   44,    0
100707,19970128,   32,    0
100707,19970129,   66,    0
100707,19970130,   98,    0
100707,19970131,   72,    0
100707,19970201,   90,    0
100707,19970202,   72,    0
100707,19970203,   70,    0
100707,19970204,   40,    0
100707,19970205,   28,    0
100707,19970206,   30,    0
100707,19970207,   44,    0
100707,19970208,   80,    0
100707,19970209,   36,    0
100707,19970210,   32,    0
100707,19970211,   58,    0
100707,19970212,   70,    0
100707,19970213,   90,    0
100707,19970214,  120,    0
100707,19970215,   60,    0
100707,19970216,   30,    0
100707,19970217,   50,    0
100707,19970218,   46,    0
100707,19970219,   38,    0
100707,19970220,   42,    0
100707,19970221,   62,    0
100707,19970222,  104,    0
100707,19970223,   86,    0
100707,19970224,   48,    0
100707,19970225,   94,    0
100707,19970226,   74,    0
100707,19970227,   66,    0
100707,19970228,   66,    0
100707,19970301,   62,    0
100707,19970302,   52,    0
100707,19970303,   60,    0
100707,19970304,   62,    0
100707,19970305,   60,    0
100707,19970306,   64,    0
100707,19970307,   62,    0
100707,19970308,   72,    0
100707,19970309,   82,    0
100707,19970310,   66,    0
100707,19970311,   50,    0
100707,19970312,   34,    0
100707,19970313,   50,    0
100707,19970314,   88,    0
100707,19970315,   58,    0
100707,19970316,   60,    0
100707,19970317,   56,    0
100707,19970318,   64,    0
100707,19970319,   64,    0
100707,19970320,   72,    0
100707,19970321,   66,    0
100707,19970322,   78,    0
100707,19970323,   68,    0
100707,19970324,   64,    0
100707,19970325,   94,    0
100707,19970326,   56,    0
100707,19970327,   82,    0
100707,19970328,   54,    0
100707,19970329,   42,    0
100707,19970330,  102,    0
100707,19970331,   78,    0
100707,19970401,  106,    0
100707,19970402,   96,    0
100707,19970403,   92,    0
100707,19970404,   86,    0
100707,19970405,   94,    0
100707,19970406,  130,    0
100707,19970407,   76,    0
100707,19970408,  138,    0
100707,19970409,   94,    0
100707,19970410,  104,    0
100707,19970411,  112,    0
100707,19970412,   72,    0
100707,19970413,   72,    0
100707,19970414,   94,    0
100707,19970415,  108,    0
100707,19970416,  124,    0
100707,19970417,  124,    0
100707,19970418,  128,    0
100707,19970419,  128,    0
100707,19970420,  106,    0
100707,19970421,  108,    0
100707,19970422,  122,    0
100707,19970423,   90,    0
100707,19970424,   96,    0
100707,19970425,  136,    0
100707,19970426,  114,    0
100707,19970427,  134,    0
100707,19970428,  142,    0
100707,19970429,  150,    0
100707,19970430,  148,    0
100707,19970501,  160,    0
100707,19970502,  158,    0
100707,19970503,  140,    0
100707,19970504,  136,    0
100707,19970505,  130,    0
100707,19970506,  106,    0
100707,19970507,   86,    0
100707,19970508,   60,    0
100707,19970509,   78,    0
100707,19970510,  104,    0
100707,19970511,  104,    0
100707,19970512,  104,    0
100707,19970513,  130,    0
100707,19970514,   98,    0
100707,19970515,  114,    0
100707,19970516,  130,    0
100707,19970517,  106,    0
100707,19970518,  120,    0
100707,19970519,  136,    0
100707,19970520,  124,    0
100707,19970521,  116,    0
100707,19970522,  116,    0
100707,19970523,  128,    0
100707,19970524,  120,    0
100707,19970525,  130,    0
100707,19970526,  138,    0
100707,19970527,  122,    0
100707,19970528,  144,    0
100707,19970529,  154,    0
100707,19970530,  170,    0
100707,19970531,  144,    0
100707,19970601,  144,    0
100707,19970602,  152,    0
100707,19970603,  126,    0
100707,19970604,  146,    0
100707,19970605,  140,    0
100707,19970606,  176,    0
100707,19970607,  156,    0
100707,19970608,  136,    0
100707,19970609,  154,    0
100707,19970610,  168,    0
100707,19970611,  148,    0
100707,19970612,  148,    0
100707,19970613,  156,    0
100707,19970614,  164,    0
100707,19970615,  158,    0
100707,19970616,  132,    0
100707,19970617,  134,    0
100707,19970618,  136,    0
100707,19970619,  134,    0
100707,19970620,  126,    0
100707,19970621,  146,    0
100707,19970622,  134,    0
100707,19970623,  132,    0
100707,19970624,  140,    0
100707,19970625,  152,    0
100707,19970626,  146,    0
100707,19970627,  140,    0
100707,19970628,  118,    0
100707,19970629,  112,    0
100707,19970630,  104,    0
100707,19970701,  146,    0
100707,19970702,  144,    0
100707,19970703,  108,    0
100707,19970704,  128,    0
100707,19970705,  144,    0
100707,19970706,  152,    0
100707,19970707,  164,    0
100707,19970708,  194,    0
100707,19970709,  148,    0
100707,19970710,  154,    0
100707,19970711,  152,    0
100707,19970712,  166,    0
100707,19970713,  174,    0
100707,19970714,  188,    0
100707,19970715,  174,    0
100707,19970716,  176,    0
100707,19970717,  166,    0
100707,19970718,  180,    0
100707,19970719,  210,    0
100707,19970720,  218,    0
100707,19970721,  172,    0
100707,19970722,  164,    0
100707,19970723,  176,    0
100707,19970724,  182,    0
100707,19970725,  204,    0
100707,19970726,  200,    0
100707,19970727,  194,    0
100707,19970728,  210,    0
100707,19970729,  216,    0
100707,19970730,  222,    0
100707,19970731,  206,    0
100707,19970801,  224,    0
100707,19970802,  220,    0
100707,19970803,  216,    0
100707,19970804,  190,    0
100707,19970805,  164,    0
100707,19970806,  148,    0
100707,19970807,  156,    0
100707,19970808,  156,    0
100707,19970809,  182,    0
100707,19970810,  184,    0
100707,19970811,  162,    0
100707,19970812,  182,    0
100707,19970813,  186,    0
100707,19970814,  192,    0
100707,19970815,  184,    0
100707,19970816,  160,    0
100707,19970817,  148,    0
100707,19970818,  170,    0
100707,19970819,  188,    0
100707,19970820,  184,    0
100707,19970821,  180,    0
100707,19970822,  220,    0
100707,19970823,  200,    0
100707,19970824,  202,    0
100707,19970825,  194,    0
100707,19970826,  150,    0
100707,19970827,  148,    0
100707,19970828,  146,    0
100707,19970829,  128,    0
100707,19970830,  120,    0
100707,19970831,  152,    0
100707,19970901,  150,    0
100707,19970902,  142,    0
100707,19970903,  132,    0
100707,19970904,  160,    0
100707,19970905,  174,    0
100707,19970906,  158,    0
100707,19970907,  170,    0
100707,19970908,  172,    0
100707,19970909,  172,    0
100707,19970910,  176,    0
100707,19970911,  182,    0
100707,19970912,  174,    0
100707,19970913,  166,    0
100707,19970914,  170,    0
100707,19970915,  176,    0
100707,19970916,  164,    0
100707,19970917,  174,    0
100707,19970918,  180,    0
100707,19970919,  194,    0
100707,19970920,  172,    0
100707,19970921,  138,    0
100707,19970922,  132,    0
100707,19970923,  160,    0
100707,19970924,  184,    0
100707,19970925,  166,    0
100707,19970926,  178,    0
100707,19970927,  152,    0
100707,19970928,  138,    0
100707,19970929,  166,    0
100707,19970930,  154,    0
100707,19971001,  156,    0
100707,19971002,  146,    0
100707,19971003,  150,    0
100707,19971004,  154,    0
100707,19971005,  154,    0
100707,19971006,  166,    0
100707,19971007,  158,    0
100707,19971008,  162,    0
100707,19971009,  138,    0
100707,19971010,  174,    0
100707,19971011,  178,    0
100707,19971012,  174,    0
100707,19971013,  120,    0
100707,19971014,   80,    0
100707,19971015,   82,    0
100707,19971016,   60,    0
100707,19971017,   74,    0
100707,19971018,  130,    0
100707,19971019,  192,    0
100707,19971020,  176,    0
100707,19971021,  174,    0
100707,19971022,  166,    0
100707,19971023,  142,    0
100707,19971024,  122,    0
100707,19971025,  140,    0
100707,19971026,  148,    0
100707,19971027,  166,    0
100707,19971028,  134,    0
100707,19971029,   84,    0
100707,19971030,   44,    0
100707,19971031,   30,    0
100707,19971101,   96,    0
100707,19971102,  128,    0
100707,19971103,  158,    0
100707,19971104,  144,    0
100707,19971105,  102,    0
100707,19971106,   90,    0
100707,19971107,  112,    0
100707,19971108,  120,    0
100707,19971109,  112,    0
100707,19971110,  110,    0
100707,19971111,   86,    0
100707,19971112,   78,    0
100707,19971113,  114,    0
100707,19971114,  114,    0
100707,19971115,   82,    0
100707,19971116,   84,    0
100707,19971117,   90,    0
100707,19971118,  118,    0
100707,19971119,  112,    0
100707,19971120,  114,    0
100707,19971121,   80,    0
100707,19971122,   64,    0
100707,19971123,   38,    0
100707,19971124,   92,    0
100707,19971125,  102,    0
100707,19971126,  100,    0
100707,19971127,   74,    0
100707,19971128,  116,    0
100707,19971129,   96,    0
100707,19971130,   90,    0
100707,19971201,   76,    0
100707,19971202,   78,    0
100707,19971203,  110,    0
100707,19971204,   48,    0
100707,19971205,   28,    0
100707,19971206,    2,    0
100707,19971207,    4,    0
100707,19971208,  104,    0
100707,19971209,   60,    0
100707,19971210,   62,    0
100707,19971211,  120,    0
100707,19971212,   92,    0
100707,19971213,   52,    0
100707,19971214,   22,    0
100707,19971215,   48,    0
100707,19971216,  104,    0
100707,19971217,  120,    0
100707,19971218,   90,    0
100707,19971219,   86,    0
100707,19971220,   78,    0
100707,19971221,   92,    0
100707,19971222,  100,    0
100707,19971223,   68,    0
100707,19971224,   62,    0
100707,19971225,   78,    0
100707,19971226,   76,    0
100707,19971227,   54,    0
100707,19971228,   44,    0
100707,19971229,  104,    0
100707,19971230,  104,    0
100707,19971231,   66,    0
100707,19980101,   50,    0
100707,19980102,   92,    0
100707,19980103,  134,    0
100707,19980104,  106,    0
100707,19980105,   82,    0
100707,19980106,   60,    0
100707,19980107,   40,    0
100707,19980108,   26,    0
100707,19980109,   54,    0
100707,19980110,   78,    0
100707,19980111,   92,    0
100707,19980112,   84,    0
100707,19980113,   62,    0
100707,19980114,   26,    0
100707,19980115,   26,    0
100707,19980116,   62,    0
100707,19980117,   62,    0
100707,19980118,   34,    0
100707,19980119,  100,    0
100707,19980120,   92,    0
100707,19980121,   52,    0
100707,19980122,   24,    0
100707,19980123,   72,    0
100707,19980124,   66,    0
100707,19980125,   30,    0
100707,19980126,   34,    0
100707,19980127,   42,    0
100707,19980128,   54,    0
100707,19980129,   26,    0
100707,19980130,   30,    0
100707,19980131,   80,    0
100707,19980201,   64,    0
100707,19980202,  112,    0
100707,19980203,   98,    0
100707,19980204,  104,    0
100707,19980205,   88,    0
100707,19980206,   68,    0
100707,19980207,   46,    0
100707,19980208,   80,    0
100707,19980209,  106,    0
100707,19980210,  112,    0
100707,19980211,   84,    0
100707,19980212,   84,    0
100707,19980213,   96,    0
100707,19980214,   78,    0
100707,19980215,   72,    0
100707,19980216,   74,    0
100707,19980217,   92,    0
100707,19980218,   98,    0
100707,19980219,   96,    0
100707,19980220,   64,    0
100707,19980221,   94,    0
100707,19980222,   50,    0
100707,19980223,   18,    0
100707,19980224,   20,    0
100707,19980225,   28,    0
100707,19980226,   26,    0
100707,19980227,   28,    0
100707,19980228,   36,    0
100707,19980301,   34,    0
100707,19980302,   24,    0
100707,19980303,   46,    0
100707,19980304,   66,    0
100707,19980305,   60,    0
100707,19980306,   56,    0
100707,19980307,   76,    0
100707,19980308,   82,    0
100707,19980309,   86,    0
100707,19980310,   84,    0
100707,19980311,   92,    0
100707,19980312,   60,    0
100707,19980313,   34,    0
100707,19980314,   10,    0
100707,19980315,   18,    0
100707,19980316,   32,    0
100707,19980317,   36,    0
100707,19980318,   88,    0
100707,19980319,   60,    0
100707,19980320,   58,    0
100707,19980321,   72,    0
100707,19980322,   78,    0
100707,19980323,   86,    0
100707,19980324,   84,    0
100707,19980325,   44,    0
100707,19980326,   60,    0
100707,19980327,   78,    0
100707,19980328,  154,    0
100707,19980329,  116,    0
100707,19980330,   68,    0
100707,19980331,   94,    0
100707,19980401,   98,    0
100707,19980402,  108,    0
100707,19980403,  108,    0
100707,19980404,  100,    0
100707,19980405,   86,    0
100707,19980406,   86,    0
100707,19980407,   96,    0
100707,19980408,   60,    0
100707,19980409,   72,    0
100707,19980410,   60,    0
100707,19980411,   50,    0
100707,19980412,   34,    0
100707,19980413,   30,    0
100707,19980414,   50,    0
100707,19980415,   74,    0
100707,19980416,   68,    0
100707,19980417,   86,    0
100707,19980418,   48,    0
100707,19980419,   84,    0
100707,19980420,  128,    0
100707,19980421,   84,    0
100707,19980422,  106,    0
100707,19980423,   80,    0
100707,19980424,  110,    0
100707,19980425,  120,    0
100707,19980426,  120,    0
100707,19980427,  102,    0
100707,19980428,  120,    0
100707,19980429,  104,    0
100707,19980430,   88,    0
100707,19980501,   70,    0
100707,19980502,   54,    0
100707,19980503,   78,    0
100707,19980504,   82,    0
100707,19980505,  102,    0
100707,19980506,   82,    0
100707,19980507,  104,    0
100707,19980508,  136,    0
100707,19980509,  126,    0
100707,19980510,  124,    0
100707,19980511,  104,    0
100707,19980512,  114,    0
100707,19980513,  126,    0
100707,19980514,  114,    0
100707,19980515,  132,    0
100707,19980516,  152,    0
100707,19980517,  152,    0
100707,19980518,  164,    0
100707,19980519,  162,    0
100707,19980520,  164,    0
100707,19980521,  158,    0
100707,19980522,  150,    0
100707,19980523,  138,    0
100707,19980524,  144,    0
100707,19980525,  148,    0
100707,19980526,  150,    0
100707,19980527,  126,    0
100707,19980528,  118,    0
100707,19980529,  136,    0
100707,19980530,   94,    0
100707,19980531,  112,    0
100707,19980601,  126,    0
100707,19980602,  114,    0
100707,19980603,  122,    0
100707,19980604,  138,    0
100707,19980605,  158,    0
100707,19980606,  152,    0
100707,19980607,  162,    0
100707,19980608,  142,    0
100707,19980609,  166,    0
100707,19980610,  156,    0
100707,19980611,  120,    0
100707,19980612,  120,    0
100707,19980613,  144,    0
100707,19980614,  152,    0
100707,19980615,  126,    0
100707,19980616,  140,    0
100707,19980617,  144,    0
100707,19980618,  158,    0
100707,19980619,  176,    0
100707,19980620,  180,    0
100707,19980621,  204,    0
100707,19980622,  170,    0
100707,19980623,  140,    0
100707,19980624,  136,    0
100707,19980625,  158,    0
100707,19980626,  130,    0
100707,19980627,  142,    0
100707,19980628,  148,    0
100707,19980629,  184,    0
100707,19980630,  200,    0
100707,19980701,  172,    0
100707,19980702,  134,    0
100707,19980703,  140,    0
100707,19980704,  158,    0
100707,19980705,  174,    0
100707,19980706,  168,    0
100707,19980707,  168,    0
100707,19980708,  158,    0
100707,19980709,  192,    0
100707,19980710,  194,    0
100707,19980711,  200,    0
100707,19980712,  214,    0
100707,19980713,  200,    0
100707,19980714,  188,    0
100707,19980715,  188,    0
100707,19980716,  186,    0
100707,19980717,  216,    0
100707,19980718,  214,    0
100707,19980719,  212,    0
100707,19980720,  200,    0
100707,19980721,  178,    0
100707,19980722,  158,    0
100707,19980723,  180,    0
100707,19980724,  158,    0
100707,19980725,  168,    0
100707,19980726,  170,    0
100707,19980727,  160,    0
100707,19980728,  178,    0
100707,19980729,  198,    0
100707,19980730,  200,    0
100707,19980731,  162,    0
100707,19980801,  150,    0
100707,19980802,  164,    0
100707,19980803,  154,    0
100707,19980804,  154,    0
100707,19980805,  174,    0
100707,19980806,  202,    0
100707,19980807,  196,    0
100707,19980808,  186,    0
100707,19980809,  204,    0
100707,19980810,  206,    0
100707,19980811,  216,    0
100707,19980812,  206,    0
100707,19980813,  194,    0
100707,19980814,  196,    0
100707,19980815,  186,    0
100707,19980816,  170,    0
100707,19980817,  174,    0
100707,19980818,  170,    0
100707,19980819,  174,    0
100707,19980820,  156,    0
100707,19980821,  190,    0
100707,19980822,  196,    0
100707,19980823,  222,    0
100707,19980824,  206,    0
100707,19980825,  196,    0
100707,19980826,  212,    0
100707,19980827,  186,    0
100707,19980828,  170,    0
100707,19980829,  176,    0
100707,19980830,  184,    0
100707,19980831,  212,    0
100707,19980901,  194,    0
100707,19980902,  194,    0
100707,19980903,  202,    0
100707,19980904,  186,    0
100707,19980905,  154,    0
100707,19980906,  138,    0
100707,19980907,  180,    0
100707,19980908,  150,    0
100707,19980909,  160,    0
100707,19980910,  168,    0
100707,19980911,  146,    0
100707,19980912,  176,    0
100707,19980913,  152,    0
100707,19980914,  168,    0
100707,19980915,  164,    0
100707,19980916,  128,    0
100707,19980917,  148,    0
100707,19980918,  174,    0
100707,19980919,  184,    0
100707,19980920,  186,    0
100707,19980921,  168,    0
100707,19980922,  174,    0
100707,19980923,  172,    0
100707,19980924,  174,    0
100707,19980925,  158,    0
100707,19980926,  154,    0
100707,19980927,  142,    0
100707,19980928,  182,    0
100707,19980929,  178,    0
100707,19980930,  140,    0
100707,19981001,  120,    0
100707,19981002,  114,    0
100707,19981003,  104,    0
100707,19981004,  142,    0
100707,19981005,  126,    0
100707,19981006,  114,    0
100707,19981007,  102,    0
100707,19981008,  104,    0
100707,19981009,   94,    0
100707,19981010,   80,    0
100707,19981011,  114,    0
100707,19981012,   96,    0
100707,19981013,  120,    0
100707,19981014,  120,    0
100707,19981015,  110,    0
100707,19981016,  110,    0
100707,19981017,  134,    0
100707,19981018,  110,    0
100707,19981019,   82,    0
100707,19981020,   44,    0
100707,19981021,   48,    0
100707,19981022,   48,    0
100707,19981023,   46,    0
100707,19981024,  112,    0
100707,19981025,  140,    0
100707,19981026,  128,    0
100707,19981027,   58,    0
100707,19981028,   64,    0
100707,19981029,   60,    0
100707,19981030,   48,    0
100707,19981031,   64,    0
100707,19981101,   72,    0
100707,19981102,  154,    0
100707,19981103,  158,    0
100707,19981104,  100,    0
100707,19981105,   60,    0
100707,19981106,   50,    0
100707,19981107,  130,    0
100707,19981108,  110,    0
100707,19981109,   92,    0
100707,19981110,  116,    0
100707,19981111,  156,    0
100707,19981112,  114,    0
100707,19981113,   88,    0
100707,19981114,  106,    0
100707,19981115,   58,    0
100707,19981116,   46,    0
100707,19981117,   48,    0
100707,19981118,   78,    0
100707,19981119,   26,    0
100707,19981120,   26,    0
100707,19981121,   12,    0
100707,19981122,  -22,    0
100707,19981123,   20,    0
100707,19981124,    6,    0
100707,19981125,   -4,    0
100707,19981126,   44,    0
100707,19981127,   10,    0
100707,19981128,    4,    0
100707,19981129,   74,    0
100707,19981130,   42,    0
100707,19981201,  -30,    0
100707,19981202,    0,    0
100707,19981203,   30,    0
100707,19981204,  -36,    0
100707,19981205,  -46,    0
100707,19981206,  -42,    0
100707,19981207,  -44,    0
100707,19981208,  -42,    0
100707,19981209,  -40,    0
100707,19981210,  -10,    0
100707,19981211,   84,    0
100707,19981212,  102,    0
100707,19981213,   42,    0
100707,19981214,   20,    0
100707,19981215,   28,    0
100707,19981216,    2,    0
100707,19981217,    0,    0
100707,19981218,  -16,    0
100707,19981219,  -16,    0
100707,19981220,   54,    0
100707,19981221,   20,    0
100707,19981222,  -32,    0
100707,19981223,  -20,    0
100707,19981224,  -36,    0
100707,19981225,  -36,    0
100707,19981226,  -26,    0
100707,19981227,  -26,    0
100707,19981228,   16,    0
100707,19981229,    6,    0
100707,19981230,   54,    0
100707,19981231,   36,    0
100707,19990101,   36,    0
100707,19990102,    0,    0
100707,19990103,   74,    0
100707,19990104,   34,    0
100707,19990105,    0,    0
100707,19990106,   12,    0
100707,19990107,    8,    0
100707,19990108,   12,    0
100707,19990109,   52,    0
100707,19990110,   32,    0
100707,19990111,   12,    0
100707,19990112,  -16,    0
100707,19990113,  -28,    0
100707,19990114,  -12,    0
100707,19990115,    4,    0
100707,19990116,   -6,    0
100707,19990117,   36,    0
100707,19990118,   16,    0
100707,19990119,    0,    0
100707,19990120,   10,    0
100707,19990121,   52,    0
100707,19990122,   24,    0
100707,19990123,   34,    0
100707,19990124,    6,    0
100707,19990125,    6,    0
100707,19990126,    2,    0
100707,19990127,   80,    0
100707,19990128,   14,    0
100707,19990129,    0,    0
100707,19990130,   18,    0
100707,19990131,   20,    0
100707,19990201,   -8,    0
100707,19990202,  -28,    0
100707,19990203,  -20,    0
100707,19990204,  -16,    0
100707,19990205,   -4,    0
100707,19990206,   14,    0
100707,19990207,   44,    0
100707,19990208,    8,    0
100707,19990209,   48,    0
100707,19990210,   20,    0
100707,19990211,   -6,    0
100707,19990212,    4,    0
100707,19990213,   -6,    0
100707,19990214,  -22,    0
100707,19990215,  -30,    0
100707,19990216,  -22,    0
100707,19990217,   10,    0
100707,19990218,    2,    0
100707,19990219,   -6,    0
100707,19990220,   18,    0
100707,19990221,   42,    0
100707,19990222,   88,    0
100707,19990223,   80,    0
100707,19990224,   80,    0
100707,19990225,   44,    0
100707,19990226,   56,    0
100707,19990227,   46,    0
100707,19990228,   72,    0
100707,19990301,   42,    0
100707,19990302,    6,    0
100707,19990303,   78,    0
100707,19990304,   70,    0
100707,19990305,   44,    0
100707,19990306,   24,    0
100707,19990307,    0,    0
100707,19990308,   70,    0
100707,19990309,   64,    0
100707,19990310,  116,    0
100707,19990311,   86,    0
100707,19990312,   58,    0
100707,19990313,  100,    0
100707,19990314,  100,    0
100707,19990315,   72,    0
100707,19990316,   78,    0
100707,19990317,   68,    0
100707,19990318,   76,    0
100707,19990319,   50,    0
100707,19990320,   74,    0
100707,19990321,   50,    0
100707,19990322,   68,    0
100707,19990323,   66,    0
100707,19990324,  104,    0
100707,19990325,   78,    0
100707,19990326,   54,    0
100707,19990327,   86,    0
100707,19990328,   74,    0
100707,19990329,   76,    0
100707,19990330,   60,    0
100707,19990331,   78,    0
100707,19990401,  102,    0
100707,19990402,   60,    0
100707,19990403,   78,    0
100707,19990404,   88,    0
100707,19990405,  102,    0
100707,19990406,  128,    0
100707,19990407,  138,    0
100707,19990408,   98,    0
100707,19990409,  108,    0
100707,19990410,   78,    0
100707,19990411,  120,    0
100707,19990412,   92,    0
100707,19990413,   96,    0
100707,19990414,   84,    0
100707,19990415,   64,    0
100707,19990416,   54,    0
100707,19990417,   92,    0
100707,19990418,   64,    0
100707,19990419,   60,    0
100707,19990420,  126,    0
100707,19990421,  124,    0
100707,19990422,  102,    0
100707,19990423,  122,    0
100707,19990424,   84,    0
100707,19990425,  106,    0
100707,19990426,   92,    0
100707,19990427,   92,    0
100707,19990428,   84,    0
100707,19990429,   92,    0
100707,19990430,  118,    0
100707,19990501,  114,    0
100707,19990502,  110,    0
100707,19990503,  116,    0
100707,19990504,  114,    0
100707,19990505,  152,    0
100707,19990506,  148,    0
100707,19990507,  132,    0
100707,19990508,  102,    0
100707,19990509,  120,    0
100707,19990510,  122,    0
100707,19990511,  156,    0
100707,19990512,  158,    0
100707,19990513,  136,    0
100707,19990514,  152,    0
100707,19990515,  104,    0
100707,19990516,  102,    0
100707,19990517,  108,    0
100707,19990518,   92,    0
100707,19990519,   92,    0
100707,19990520,   88,    0
100707,19990521,  126,    0
100707,19990522,  122,    0
100707,19990523,  138,    0
100707,19990524,  162,    0
100707,19990525,  160,    0
100707,19990526,  172,    0
100707,19990527,  150,    0
100707,19990528,  148,    0
100707,19990529,  150,    0
100707,19990530,  106,    0
100707,19990531,  138,    0
100707,19990601,  174,    0
100707,19990602,  134,    0
100707,19990603,  126,    0
100707,19990604,  116,    0
100707,19990605,  138,    0
100707,19990606,   98,    0
100707,19990607,  108,    0
100707,19990608,  108,    0
100707,19990609,  152,    0
100707,19990610,  156,    0
100707,19990611,  174,    0
100707,19990612,  172,    0
100707,19990613,  170,    0
100707,19990614,  174,    0
100707,19990615,  184,    0
100707,19990616,  202,    0
100707,19990617,  134,    0
100707,19990618,  174,    0
100707,19990619,  174,    0
100707,19990620,  210,    0
100707,19990621,  196,    0
100707,19990622,  184,    0
100707,19990623,  188,    0
100707,19990624,  164,    0
100707,19990625,  150,    0
100707,19990626,  134,    0
100707,19990627,  142,    0
100707,19990628,  142,    0
100707,19990629,  154,    0
100707,19990630,  188,    0
100707,19990701,  198,    0
100707,19990702,  202,    0
100707,19990703,  172,    0
100707,19990704,  184,    0
100707,19990705,  146,    0
100707,19990706,  146,    0
100707,19990707,  164,    0
100707,19990708,  198,    0
100707,19990709,  236,    0
100707,19990710,  188,    0
100707,19990711,  170,    0
100707,19990712,  180,    0
100707,19990713,  172,    0
100707,19990714,  206,    0
100707,19990715,  214,    0
100707,19990716,  214,    0
100707,19990717,  170,    0
100707,19990718,  146,    0
100707,19990719,  166,    0
100707,19990720,  164,    0
100707,19990721,  186,    0
100707,19990722,  212,    0
100707,19990723,  224,    0
100707,19990724,  186,    0
100707,19990725,  164,    0
100707,19990726,  176,    0
100707,19990727,  180,    0
100707,19990728,  162,    0
100707,19990729,  174,    0
100707,19990730,  164,    0
100707,19990731,  164,    0
100707,19990801,  170,    0
100707,19990802,  180,    0
100707,19990803,  186,    0
100707,19990804,  206,    0
100707,19990805,  176,    0
100707,19990806,  206,    0
100707,19990807,  168,    0
100707,19990808,  164,    0
100707,19990809,  166,    0
100707,19990810,  156,    0
100707,19990811,  158,    0
100707,19990812,  158,    0
100707,19990813,  166,    0
100707,19990814,  204,    0
100707,19990815,  210,    0
100707,19990816,  178,    0
100707,19990817,  170,    0
100707,19990818,  138,    0
100707,19990819,  158,    0
100707,19990820,  146,    0
100707,19990821,  152,    0
100707,19990822,  168,    0
100707,19990823,  178,    0
100707,19990824,  182,    0
100707,19990825,  190,    0
100707,19990826,  182,    0
100707,19990827,  176,    0
100707,19990828,  166,    0
100707,19990829,  164,    0
100707,19990830,  168,    0
100707,19990831,  172,    0
100707,19990901,  190,    0
100707,19990902,  168,    0
100707,19990903,  170,    0
100707,19990904,  168,    0
100707,19990905,  178,    0
100707,19990906,  172,    0
100707,19990907,  156,    0
100707,19990908,  170,    0
100707,19990909,  160,    0
100707,19990910,  172,    0
100707,19990911,  172,    0
100707,19990912,  172,    0
100707,19990913,  136,    0
100707,19990914,  134,    0
100707,19990915,  112,    0
100707,19990916,  130,    0
100707,19990917,  158,    0
100707,19990918,  134,    0
100707,19990919,  144,    0
100707,19990920,  126,    0
100707,19990921,  164,    0
100707,19990922,  170,    0
100707,19990923,  164,    0
100707,19990924,  164,    0
100707,19990925,  158,    0
100707,19990926,  124,    0
100707,19990927,  134,    0
100707,19990928,  144,    0
100707,19990929,  130,    0
100707,19990930,  158,    0
100707,19991001,  110,    0
100707,19991002,  108,    0
100707,19991003,  138,    0
100707,19991004,   92,    0
100707,19991005,  106,    0
100707,19991006,  144,    0
100707,19991007,  138,    0
100707,19991008,  146,    0
100707,19991009,  148,    0
100707,19991010,  138,    0
100707,19991011,  168,    0
100707,19991012,  164,    0
100707,19991013,  128,    0
100707,19991014,  112,    0
100707,19991015,  114,    0
100707,19991016,  128,    0
100707,19991017,   96,    0
100707,19991018,  122,    0
100707,19991019,  130,    0
100707,19991020,  122,    0
100707,19991021,  130,    0
100707,19991022,  144,    0
100707,19991023,  146,    0
100707,19991024,  126,    0
100707,19991025,  118,    0
100707,19991026,  116,    0
100707,19991027,  116,    0
100707,19991028,  164,    0
100707,19991029,  148,    0
100707,19991030,  138,    0
100707,19991031,  128,    0
100707,19991101,  116,    0
100707,19991102,  108,    0
100707,19991103,   70,    0
100707,19991104,   70,    0
100707,19991105,   80,    0
100707,19991106,   98,    0
100707,19991107,  102,    0
100707,19991108,   96,    0
100707,19991109,   68,    0
100707,19991110,   56,    0
100707,19991111,   48,    0
100707,19991112,   62,    0
100707,19991113,   50,    0
100707,19991114,   14,    0
100707,19991115,   46,    0
100707,19991116,   32,    0
100707,19991117,    8,    0
100707,19991118,    6,    0
100707,19991119,   64,    0
100707,19991120,   30,    0
100707,19991121,   -2,    0
100707,19991122,   16,    0
100707,19991123,  -12,    0
100707,19991124,   -6,    0
100707,19991125,  -16,    0
100707,19991126,    0,    0
100707,19991127,  -16,    0
100707,19991128,   14,    0
100707,19991129,   74,    0
100707,19991130,   82,    0
100707,19991201,   50,    0
100707,19991202,   44,    0
100707,19991203,   50,    0
100707,19991204,   80,    0
100707,19991205,   62,    0
100707,19991206,   28,    0
100707,19991207,   18,    0
100707,19991208,   34,    0
100707,19991209,   60,    0
100707,19991210,   44,    0
100707,19991211,   74,    0
100707,19991212,  118,    0
100707,19991213,   74,    0
100707,19991214,  134,    0
100707,19991215,   42,    0
100707,19991216,   14,    0
100707,19991217,   18,    0
100707,19991218,    4,    0
100707,19991219,   28,    0
100707,19991220,   66,    0
100707,19991221,   36,    0
100707,19991222,   42,    0
100707,19991223,   70,    0
100707,19991224,   56,    0
100707,19991225,  110,    0
100707,19991226,  126,    0
100707,19991227,  136,    0
100707,19991228,  106,    0
100707,19991229,   56,    0
100707,19991230,    8,    0
100707,19991231,   -2,    0
100707,20000101,  -14,    0
100707,20000102,  -12,    0
100707,20000103,  -18,    0
100707,20000104,   -6,    0
100707,20000105,    4,    0
100707,20000106,   44,    0
100707,20000107,  -10,    0
100707,20000108,  -28,    0
100707,20000109,   14,    0
100707,20000110,   20,    0
100707,20000111,   -4,    0
100707,20000112,   -6,    0
100707,20000113,  -22,    0
100707,20000114,   48,    0
100707,20000115,   38,    0
100707,20000116,   18,    0
100707,20000117,   44,    0
100707,20000118,   -2,    0
100707,20000119,  -10,    0
100707,20000120,  -26,    0
100707,20000121,  -16,    0
100707,20000122,  -34,    0
100707,20000123,  -24,    0
100707,20000124,  -50,    0
100707,20000125,  -38,    0
100707,20000126,   20,    0
100707,20000127,   12,    0
100707,20000128,   -6,    0
100707,20000129,   -2,    0
100707,20000130,   -4,    0
100707,20000131,    2,    0
100707,20000201,   86,    0
100707,20000202,   92,    0
100707,20000203,   58,    0
100707,20000204,   40,    0
100707,20000205,   38,    0
100707,20000206,   14,    0
100707,20000207,   42,    0
100707,20000208,   44,    0
100707,20000209,   66,    0
100707,20000210,   68,    0
100707,20000211,   90,    0
100707,20000212,   28,    0
100707,20000213,   12,    0
100707,20000214,   20,    0
100707,20000215,    6,    0
100707,20000216,   46,    0
100707,20000217,   54,    0
100707,20000218,   24,    0
100707,20000219,   28,    0
100707,20000220,   24,    0
100707,20000221,   30,    0
100707,20000222,   74,    0
100707,20000223,   80,    0
100707,20000224,   40,    0
100707,20000225,   42,    0
100707,20000226,   48,    0
100707,20000227,   34,    0
100707,20000228,   64,    0
100707,20000229,   64,    0
100707,20000301,   48,    0
100707,20000302,   20,    0
100707,20000303,   16,    0
100707,20000304,   34,    0
100707,20000305,   26,    0
100707,20000306,   48,    0
100707,20000307,   54,    0
100707,20000308,   72,    0
100707,20000309,   90,    0
100707,20000310,   70,    0
100707,20000311,  104,    0
100707,20000312,   82,    0
100707,20000313,   86,    0
100707,20000314,   76,    0
100707,20000315,   42,    0
100707,20000316,   50,    0
100707,20000317,   48,    0
100707,20000318,   60,    0
100707,20000319,   70,    0
100707,20000320,   72,    0
100707,20000321,   72,    0
100707,20000322,   94,    0
100707,20000323,   88,    0
100707,20000324,   56,    0
100707,20000325,   92,    0
100707,20000326,   56,    0
100707,20000327,   54,    0
100707,20000328,   74,    0
100707,20000329,   22,    0
100707,20000330,   88,    0
100707,20000331,   78,    0
100707,20000401,   52,    0
100707,20000402,   78,    0
100707,20000403,   64,    0
100707,20000404,   68,    0
100707,20000405,   36,    0
100707,20000406,   36,    0
100707,20000407,   78,    0
100707,20000408,  112,    0
100707,20000409,  110,    0
100707,20000410,   90,    0
100707,20000411,   82,    0
100707,20000412,  100,    0
100707,20000413,   88,    0
100707,20000414,   84,    0
100707,20000415,   68,    0
100707,20000416,   90,    0
100707,20000417,   90,    0
100707,20000418,  102,    0
100707,20000419,  126,    0
100707,20000420,  120,    0
100707,20000421,  136,    0
100707,20000422,   88,    0
100707,20000423,   68,    0
100707,20000424,   90,    0
100707,20000425,   98,    0
100707,20000426,   78,    0
100707,20000427,   76,    0
100707,20000428,   62,    0
100707,20000429,  106,    0
100707,20000430,  102,    0
100707,20000501,  100,    0
100707,20000502,   76,    0
100707,20000503,  118,    0
100707,20000504,  110,    0
100707,20000505,  116,    0
100707,20000506,  114,    0
100707,20000507,  118,    0
100707,20000508,  120,    0
100707,20000509,  120,    0
100707,20000510,  130,    0
100707,20000511,  114,    0
100707,20000512,  130,    0
100707,20000513,  128,    0
100707,20000514,  140,    0
100707,20000515,  154,    0
100707,20000516,  176,    0
100707,20000517,  128,    0
100707,20000518,  124,    0
100707,20000519,  130,    0
100707,20000520,  156,    0
100707,20000521,  134,    0
100707,20000522,  112,    0
100707,20000523,  152,    0
100707,20000524,  148,    0
100707,20000525,  126,    0
100707,20000526,  156,    0
100707,20000527,  118,    0
100707,20000528,  118,    0
100707,20000529,  152,    0
100707,20000530,  170,    0
100707,20000531,  160,    0
100707,20000601,  196,    0
100707,20000602,  178,    0
100707,20000603,  164,    0
100707,20000604,  142,    0
100707,20000605,  110,    0
100707,20000606,  114,    0
100707,20000607,  134,    0
100707,20000608,  146,    0
100707,20000609,  116,    0
100707,20000610,   94,    0
100707,20000611,  124,    0
100707,20000612,  126,    0
100707,20000613,  154,    0
100707,20000614,  170,    0
100707,20000615,  190,    0
100707,20000616,  196,    0
100707,20000617,  188,    0
100707,20000618,  174,    0
100707,20000619,  156,    0
100707,20000620,  160,    0
100707,20000621,  162,    0
100707,20000622,  134,    0
100707,20000623,  142,    0
100707,20000624,  182,    0
100707,20000625,  218,    0
100707,20000626,  200,    0
100707,20000627,  156,    0
100707,20000628,  160,    0
100707,20000629,  166,    0
100707,20000630,  146,    0
100707,20000701,  168,    0
100707,20000702,  152,    0
100707,20000703,  156,    0
100707,20000704,  130,    0
100707,20000705,  146,    0
100707,20000706,  160,    0
100707,20000707,  146,    0
100707,20000708,  164,    0
100707,20000709,  186,    0
100707,20000710,  158,    0
100707,20000711,  128,    0
100707,20000712,  148,    0
100707,20000713,  148,    0
100707,20000714,  164,    0
100707,20000715,  222,    0
100707,20000716,  198,    0
100707,20000717,  208,    0
100707,20000718,  214,    0
100707,20000719,  154,    0
100707,20000720,  152,    0
100707,20000721,  174,    0
100707,20000722,  148,    0
100707,20000723,  172,    0
100707,20000724,  168,    0
100707,20000725,  182,    0
100707,20000726,  138,    0
100707,20000727,  160,    0
100707,20000728,  166,    0
100707,20000729,  180,    0
100707,20000730,  196,    0
100707,20000731,  210,    0
100707,20000801,  222,    0
100707,20000802,  186,    0
100707,20000803,  140,    0
100707,20000804,  178,    0
100707,20000805,  154,    0
100707,20000806,  156,    0
100707,20000807,  160,    0
100707,20000808,  184,    0
100707,20000809,  178,    0
100707,20000810,  198,    0
100707,20000811,  176,    0
100707,20000812,  158,    0
100707,20000813,  188,    0
100707,20000814,  180,    0
100707,20000815,  200,    0
100707,20000816,  214,    0
100707,20000817,  180,    0
100707,20000818,  162,    0
100707,20000819,  170,    0
100707,20000820,  190,    0
100707,20000821,  154,    0
100707,20000822,  138,    0
100707,20000823,  160,    0
100707,20000824,  154,    0
100707,20000825,  136,    0
100707,20000826,  158,    0
100707,20000827,  160,    0
100707,20000828,  154,    0
100707,20000829,  170,    0
100707,20000830,  140,    0
100707,20000831,  136,    0
100707,20000901,  158,    0
100707,20000902,  160,    0
100707,20000903,  170,    0
100707,20000904,  176,    0
100707,20000905,  156,    0
100707,20000906,  148,    0
100707,20000907,  142,    0
100707,20000908,  162,    0
100707,20000909,  156,    0
100707,20000910,  180,    0
100707,20000911,  186,    0
100707,20000912,  160,    0
100707,20000913,  144,    0
100707,20000914,  130,    0
100707,20000915,  150,    0
100707,20000916,  176,    0
100707,20000917,  162,    0
100707,20000918,  150,    0
100707,20000919,  142,    0
100707,20000920,  106,    0
100707,20000921,   78,    0
100707,20000922,   84,    0
100707,20000923,  134,    0
100707,20000924,  144,    0
100707,20000925,  130,    0
100707,20000926,  132,    0
100707,20000927,  130,    0
100707,20000928,  134,    0
100707,20000929,  126,    0
100707,20000930,  112,    0
100707,20001001,  114,    0
100707,20001002,  144,    0
100707,20001003,   84,    0
100707,20001004,   74,    0
100707,20001005,  118,    0
100707,20001006,  112,    0
100707,20001007,  112,    0
100707,20001008,   84,    0
100707,20001009,   74,    0
100707,20001010,  148,    0
100707,20001011,  146,    0
100707,20001012,  104,    0
100707,20001013,   76,    0
100707,20001014,   76,    0
100707,20001015,  110,    0
100707,20001016,  118,    0
100707,20001017,   66,    0
100707,20001018,   66,    0
100707,20001019,  140,    0
100707,20001020,  116,    0
100707,20001021,   76,    0
100707,20001022,   74,    0
100707,20001023,  104,    0
100707,20001024,  120,    0
100707,20001025,  110,    0
100707,20001026,  118,    0
100707,20001027,   78,    0
100707,20001028,   82,    0
100707,20001029,  108,    0
100707,20001030,   70,    0
100707,20001031,   76,    0
100707,20001101,   62,    0
100707,20001102,  102,    0
100707,20001103,   80,    0
100707,20001104,   34,    0
100707,20001105,  114,    0
100707,20001106,   78,    0
100707,20001107,   74,    0
100707,20001108,   70,    0
100707,20001109,   12,    0
100707,20001110,   20,    0
100707,20001111,   68,    0
100707,20001112,   60,    0
100707,20001113,   72,    0
100707,20001114,   36,    0
100707,20001115,   60,    0
100707,20001116,   50,    0
100707,20001117,   56,    0
100707,20001118,   40,    0
100707,20001119,   30,    0
100707,20001120,   94,    0
100707,20001121,  100,    0
100707,20001122,  128,    0
100707,20001123,   82,    0
100707,20001124,   52,    0
100707,20001125,  138,    0
100707,20001126,  146,    0
100707,20001127,  116,    0
100707,20001128,   98,    0
100707,20001129,   90,    0
100707,20001130,   70,    0
100707,20001201,  135,    0
100707,20001202,   78,    0
100707,20001203,   50,    0
100707,20001204,   90,    0
100707,20001205,  106,    0
100707,20001206,  128,    0
100707,20001207,  106,    0
100707,20001208,   88,    0
100707,20001209,   54,    0
100707,20001210,   76,    0
100707,20001211,   60,    0
100707,20001212,   40,    0
100707,20001213,   58,    0
100707,20001214,   56,    0
100707,20001215,   54,    0
100707,20001216,    8,    0
100707,20001217,   -6,    0
100707,20001218,   80,    0
100707,20001219,   70,    0
100707,20001220,   95,    0
100707,20001221,   64,    0
100707,20001222,   74,    0
100707,20001223,   54,    0
100707,20001224,   82,    0
100707,20001225,   74,    0
100707,20001226,   76,    0
100707,20001227,   72,    0
100707,20001228,   70,    0
100707,20001229,  112,    0
100707,20001230,   83,    0
100707,20001231,   72,    0
100707,20010101,  116,    0
100707,20010102,   95,    0
100707,20010103,   88,    0
100707,20010104,  112,    0
100707,20010105,  104,    0
100707,20010106,   64,    0
100707,20010107,   34,    0
100707,20010108,    6,    0
100707,20010109,   32,    0
100707,20010110,  124,    0
100707,20010111,   86,    0
100707,20010112,   80,    0
100707,20010113,   66,    0
100707,20010114,   42,    0
100707,20010115,   50,    0
100707,20010116,   76,    0
100707,20010117,   54,    0
100707,20010118,   92,    0
100707,20010119,   58,    0
100707,20010120,   28,    0
100707,20010121,   30,    0
100707,20010122,   34,    0
100707,20010123,  128,    0
100707,20010124,  102,    0
100707,20010125,   74,    0
100707,20010126,   78,    0
100707,20010127,  124,    0
100707,20010128,   82,    0
100707,20010129,   48,    0
100707,20010130,   40,    0
100707,20010131,   58,    0
100707,20010201,   74,    0
100707,20010202,   42,    0
100707,20010203,   34,    0
100707,20010204,   84,    0
100707,20010205,  108,    0
100707,20010206,  114,    0
100707,20010207,  100,    0
100707,20010208,   70,    0
100707,20010209,   42,    0
100707,20010210,  106,    0
100707,20010211,   70,    0
100707,20010212,   76,    0
100707,20010213,   66,    0
100707,20010214,   82,    0
100707,20010215,   44,    0
100707,20010216,   46,    0
100707,20010217,   28,    0
100707,20010218,   24,    0
100707,20010219,   44,    0
100707,20010220,   46,    0
100707,20010221,   30,    0
100707,20010222,   34,    0
100707,20010223,   86,    0
100707,20010224,   76,    0
100707,20010225,   44,    0
100707,20010226,   32,    0
100707,20010227,   64,    0
100707,20010228,   44,    0
100707,20010301,   78,    0
100707,20010302,  124,    0
100707,20010303,  118,    0
100707,20010304,  132,    0
100707,20010305,  130,    0
100707,20010306,  122,    0
100707,20010307,  116,    0
100707,20010308,  116,    0
100707,20010309,  108,    0
100707,20010310,  146,    0
100707,20010311,  128,    0
100707,20010312,   80,    0
100707,20010313,   54,    0
100707,20010314,   50,    0
100707,20010315,   50,    0
100707,20010316,  100,    0
100707,20010317,   68,    0
100707,20010318,   94,    0
100707,20010319,   92,    0
100707,20010320,  110,    0
100707,20010321,  112,    0
100707,20010322,  129,    0
100707,20010323,   96,    0
100707,20010324,  100,    0
100707,20010325,   76,    0
100707,20010326,   92,    0
100707,20010327,   48,    0
100707,20010328,   68,    0
100707,20010329,   98,    0
100707,20010330,   98,    0
100707,20010331,   88,    0
100707,20010401,  104,    0
100707,20010402,  100,    0
100707,20010403,   66,    0
100707,20010404,   94,    0
100707,20010405,  130,    0
100707,20010406,  124,    0
100707,20010407,   96,    0
100707,20010408,   72,    0
100707,20010409,   48,    0
100707,20010410,   88,    0
100707,20010411,  106,    0
100707,20010412,   82,    0
100707,20010413,   50,    0
100707,20010414,   76,    0
100707,20010415,   58,    0
100707,20010416,   94,    0
100707,20010417,   98,    0
100707,20010418,   86,    0
100707,20010419,   78,    0
100707,20010420,   84,    0
100707,20010421,   72,    0
100707,20010422,   84,    0
100707,20010423,  124,    0
100707,20010424,  110,    0
100707,20010425,   76,    0
100707,20010426,   76,    0
100707,20010427,   82,    0
100707,20010428,   88,    0
100707,20010429,   78,    0
100707,20010430,   54,    0
100707,20010501,   50,    0
100707,20010502,   68,    0
100707,20010503,   92,    0
100707,20010504,   76,    0
100707,20010505,   76,    0
100707,20010506,  100,    0
100707,20010507,   86,    0
100707,20010508,  100,    0
100707,20010509,   88,    0
100707,20010510,  106,    0
100707,20010511,   86,    0
100707,20010512,  104,    0
100707,20010513,   90,    0
100707,20010514,  116,    0
100707,20010515,  136,    0
100707,20010516,  142,    0
100707,20010517,  136,    0
100707,20010518,  140,    0
100707,20010519,  150,    0
100707,20010520,  146,    0
100707,20010521,  146,    0
100707,20010522,  122,    0
100707,20010523,  114,    0
100707,20010524,  138,    0
100707,20010525,  148,    0
100707,20010526,  164,    0
100707,20010527,  174,    0
100707,20010528,  180,    0
100707,20010529,  170,    0
100707,20010530,  168,    0
100707,20010531,  184,    0
100707,20010601,  202,    0
100707,20010602,  170,    0
100707,20010603,  166,    0
100707,20010604,  124,    0
100707,20010605,  130,    0
100707,20010606,  144,    0
100707,20010607,  150,    0
100707,20010608,  136,    0
100707,20010609,  164,    0
100707,20010610,  136,    0
100707,20010611,  150,    0
100707,20010612,  144,    0
100707,20010613,  146,    0
100707,20010614,  142,    0
100707,20010615,  148,    0
100707,20010616,  134,    0
100707,20010617,  120,    0
100707,20010618,  144,    0
100707,20010619,  154,    0
100707,20010620,  180,    0
100707,20010621,  186,    0
100707,20010622,  196,    0
100707,20010623,  162,    0
100707,20010624,  174,    0
100707,20010625,  188,    0
100707,20010626,  142,    0
100707,20010627,  164,    0
100707,20010628,  154,    0
100707,20010629,  178,    0
100707,20010630,  184,    0
100707,20010701,  200,    0
100707,20010702,  200,    0
100707,20010703,  172,    0
100707,20010704,  162,    0
100707,20010705,  138,    0
100707,20010706,  166,    0
100707,20010707,  146,    0
100707,20010708,  140,    0
100707,20010709,  170,    0
100707,20010710,  172,    0
100707,20010711,  194,    0
100707,20010712,  228,    0
100707,20010713,  174,    0
100707,20010714,  174,    0
100707,20010715,  156,    0
100707,20010716,  134,    0
100707,20010717,  152,    0
100707,20010718,  138,    0
100707,20010719,  126,    0
100707,20010720,  160,    0
100707,20010721,  154,    0
100707,20010722,  184,    0
100707,20010723,  164,    0
100707,20010724,  156,    0
100707,20010725,  172,    0
100707,20010726,  146,    0
100707,20010727,  144,    0
100707,20010728,  146,    0
100707,20010729,  180,    0
100707,20010730,  182,    0
100707,20010731,  216,    0
100707,20010801,  184,    0
100707,20010802,  200,    0
100707,20010803,  166,    0
100707,20010804,  178,    0
100707,20010805,  166,    0
100707,20010806,  206,    0
100707,20010807,  214,    0
100707,20010808,  178,    0
100707,20010809,  180,    0
100707,20010810,  174,    0
100707,20010811,  186,    0
100707,20010812,  202,    0
100707,20010813,  194,    0
100707,20010814,  176,    0
100707,20010815,  166,    0
100707,20010816,  168,    0
100707,20010817,  128,    0
100707,20010818,  186,    0
100707,20010819,  140,    0
100707,20010820,  186,    0
100707,20010821,  200,    0
100707,20010822,  164,    0
100707,20010823,  174,    0
100707,20010824,  154,    0
100707,20010825,  226,    0
100707,20010826,  184,    0
100707,20010827,  180,    0
100707,20010828,  176,    0
100707,20010829,  192,    0
100707,20010830,  170,    0
100707,20010831,  170,    0
100707,20010901,  162,    0
100707,20010902,  178,    0
100707,20010903,  186,    0
100707,20010904,  210,    0
100707,20010905,  198,    0
100707,20010906,  170,    0
100707,20010907,  168,    0
100707,20010908,  156,    0
100707,20010909,  162,    0
100707,20010910,  184,    0
100707,20010911,  160,    0
100707,20010912,  150,    0
100707,20010913,  146,    0
100707,20010914,  134,    0
100707,20010915,  140,    0
100707,20010916,  148,    0
100707,20010917,  162,    0
100707,20010918,  128,    0
100707,20010919,  148,    0
100707,20010920,  160,    0
100707,20010921,  176,    0
100707,20010922,  140,    0
100707,20010923,  160,    0
100707,20010924,  142,    0
100707,20010925,  116,    0
100707,20010926,  100,    0
100707,20010927,  116,    0
100707,20010928,  176,    0
100707,20010929,  158,    0
100707,20010930,  171,    0
100707,20011001,  132,    0
100707,20011002,  180,    0
100707,20011003,  164,    0
100707,20011004,  120,    0
100707,20011005,  158,    0
100707,20011006,  154,    0
100707,20011007,  116,    0
100707,20011008,  130,    0
100707,20011009,  100,    0
100707,20011010,   94,    0
100707,20011011,  174,    0
100707,20011012,  130,    0
100707,20011013,  136,    0
100707,20011014,  124,    0
100707,20011015,  150,    0
100707,20011016,  126,    0
100707,20011017,  142,    0
100707,20011018,  160,    0
100707,20011019,  141,    0
100707,20011020,  122,    0
100707,20011021,  138,    0
100707,20011022,  138,    0
100707,20011023,  110,    0
100707,20011024,   84,    0
100707,20011025,   98,    0
100707,20011026,  130,    0
100707,20011027,  112,    0
100707,20011028,  160,    0
100707,20011029,  166,    0
100707,20011030,  146,    0
100707,20011031,  128,    0
100707,20011101,  112,    0
100707,20011102,   84,    0
100707,20011103,   80,    0
100707,20011104,   88,    0
100707,20011105,  138,    0
100707,20011106,  126,    0
100707,20011107,  100,    0
100707,20011108,   80,    0
100707,20011109,   62,    0
100707,20011110,   22,    0
100707,20011111,   -4,    0
100707,20011112,   16,    0
100707,20011113,   38,    0
100707,20011114,   66,    0
100707,20011115,   44,    0
100707,20011116,   42,    0
100707,20011117,   72,    0
100707,20011118,   56,    0
100707,20011119,   28,    0
100707,20011120,   10,    0
100707,20011121,    8,    0
100707,20011122,   34,    0
100707,20011123,   32,    0
100707,20011124,   16,    0
100707,20011125,   10,    0
100707,20011126,   16,    0
100707,20011127,   70,    0
100707,20011128,    8,    0
100707,20011129,    2,    0
100707,20011130,   12,    0
100707,20011201,   12,    0
100707,20011202,   30,    0
100707,20011203,   36,    0
100707,20011204,   10,    0
100707,20011205,   14,    0
100707,20011206,    8,    0
100707,20011207,   26,    0
100707,20011208,   40,    0
100707,20011209,   26,    0
100707,20011210,   42,    0
100707,20011211,   76,    0
100707,20011212,   90,    0
100707,20011213,   78,    0
100707,20011214,   98,    0
100707,20011215,  -12,    0
100707,20011216,  -22,    0
100707,20011217,    4,    0
100707,20011218,   40,    0
100707,20011219,   -2,    0
100707,20011220,   -2,    0
100707,20011221,   24,    0
100707,20011222,   64,    0
100707,20011223,   20,    0
100707,20011224,  -10,    0
100707,20011225,   24,    0
100707,20011226,  -20,    0
100707,20011227,  -24,    0
100707,20011228,  -22,    0
100707,20011229,  -22,    0
100707,20011230,   56,    0
100707,20011231,   94,    0
100707,20020101,  115,    0
100707,20020102,  110,    0
100707,20020103,   80,    0
100707,20020104,   28,    0
100707,20020105,   50,    0
100707,20020106,   48,    0
100707,20020107,   22,    0
100707,20020108,   -4,    0
100707,20020109,   43,    0
100707,20020110,   12,    0
100707,20020111,   30,    0
100707,20020112,   66,    0
100707,20020113,   96,    0
100707,20020114,   60,    0
100707,20020115,   22,    0
100707,20020116,   22,    0
100707,20020117,    4,    0
100707,20020118,   36,    0
100707,20020119,   36,    0
100707,20020120,   28,    0
100707,20020121,   16,    0
100707,20020122,   50,    0
100707,20020123,   92,    0
100707,20020124,   58,    0
100707,20020125,   72,    0
100707,20020126,  112,    0
100707,20020127,   78,    0
100707,20020128,   44,    0
100707,20020129,   46,    0
100707,20020130,   48,    0
100707,20020131,   66,    0
100707,20020201,   22,    0
100707,20020202,   10,    0
100707,20020203,   68,    0
100707,20020204,   66,    0
100707,20020205,  100,    0
100707,20020206,   52,    0
100707,20020207,   92,    0
100707,20020208,   56,    0
100707,20020209,   38,    0
100707,20020210,   46,    0
100707,20020211,   54,    0
100707,20020212,   30,    0
100707,20020213,   52,    0
100707,20020214,   56,    0
100707,20020215,    8,    0
100707,20020216,   10,    0
100707,20020217,   14,    0
100707,20020218,    8,    0
100707,20020219,   12,    0
100707,20020220,   -8,    0
100707,20020221,   54,    0
100707,20020222,   36,    0
100707,20020223,   16,    0
100707,20020224,   58,    0
100707,20020225,   50,    0
100707,20020226,   14,    0
100707,20020227,   52,    0
100707,20020228,   76,    0
100707,20020301,   52,    0
100707,20020302,   -8,    0
100707,20020303,   58,    0
100707,20020304,   70,    0
100707,20020305,   28,    0
100707,20020306,   46,    0
100707,20020307,   50,    0
100707,20020308,   40,    0
100707,20020309,   58,    0
100707,20020310,   64,    0
100707,20020311,   98,    0
100707,20020312,   92,    0
100707,20020313,   68,    0
100707,20020314,   94,    0
100707,20020315,   66,    0
100707,20020316,   70,    0
100707,20020317,   56,    0
100707,20020318,  110,    0
100707,20020319,   78,    0
100707,20020320,   68,    0
100707,20020321,   86,    0
100707,20020322,   88,    0
100707,20020323,   88,    0
100707,20020324,   86,    0
100707,20020325,   98,    0
100707,20020326,  102,    0
100707,20020327,  106,    0
100707,20020328,   84,    0
100707,20020329,   56,    0
100707,20020330,   98,    0
100707,20020331,   76,    0
100707,20020401,  102,    0
100707,20020402,   90,    0
100707,20020403,   72,    0
100707,20020404,   48,    0
100707,20020405,   92,    0
100707,20020406,   74,    0
100707,20020407,   56,    0
100707,20020408,   86,    0
100707,20020409,  100,    0
100707,20020410,   80,    0
100707,20020411,   66,    0
100707,20020412,   54,    0
100707,20020413,   96,    0
100707,20020414,   64,    0
100707,20020415,   86,    0
100707,20020416,   64,    0
100707,20020417,   64,    0
100707,20020418,   74,    0
100707,20020419,   86,    0
100707,20020420,   98,    0
100707,20020421,  106,    0
100707,20020422,  110,    0
100707,20020423,  118,    0
100707,20020424,  110,    0
100707,20020425,  113,    0
100707,20020426,   96,    0
100707,20020427,  120,    0
100707,20020428,  104,    0
100707,20020429,   96,    0
100707,20020430,   96,    0
100707,20020501,  106,    0
100707,20020502,   82,    0
100707,20020503,   60,    0
100707,20020504,   72,    0
100707,20020505,  114,    0
100707,20020506,   74,    0
100707,20020507,  104,    0
100707,20020508,  110,    0
100707,20020509,  124,    0
100707,20020510,  118,    0
100707,20020511,   84,    0
100707,20020512,   74,    0
100707,20020513,  106,    0
100707,20020514,  112,    0
100707,20020515,  150,    0
100707,20020516,  142,    0
100707,20020517,  130,    0
100707,20020518,   94,    0
100707,20020519,   98,    0
100707,20020520,  142,    0
100707,20020521,  126,    0
100707,20020522,  126,    0
100707,20020523,   84,    0
100707,20020524,  110,    0
100707,20020525,  130,    0
100707,20020526,  100,    0
100707,20020527,   92,    0
100707,20020528,  106,    0
100707,20020529,  138,    0
100707,20020530,  142,    0
100707,20020531,  178,    0
100707,20020601,  154,    0
100707,20020602,  180,    0
100707,20020603,  136,    0
100707,20020604,  136,    0
100707,20020605,  130,    0
100707,20020606,  106,    0
100707,20020607,  130,    0
100707,20020608,  110,    0
100707,20020609,  100,    0
100707,20020610,  136,    0
100707,20020611,  138,    0
100707,20020612,  178,    0
100707,20020613,  194,    0
100707,20020614,  180,    0
100707,20020615,  174,    0
100707,20020616,  180,    0
100707,20020617,  182,    0
100707,20020618,  166,    0
100707,20020619,  162,    0
100707,20020620,  130,    0
100707,20020621,  137,    0
100707,20020622,  160,    0
100707,20020623,  122,    0
100707,20020624,  144,    0
100707,20020625,  148,    0
100707,20020626,  190,    0
100707,20020627,  146,    0
100707,20020628,  172,    0
100707,20020629,  158,    0
100707,20020630,  152,    0
100707,20020701,  148,    0
100707,20020702,  158,    0
100707,20020703,  140,    0
100707,20020704,  150,    0
100707,20020705,  158,    0
100707,20020706,  166,    0
100707,20020707,  155,    0
100707,20020708,  138,    0
100707,20020709,  152,    0
100707,20020710,  171,    0
100707,20020711,  116,    0
100707,20020712,  164,    0
100707,20020713,  168,    0
100707,20020714,  208,    0
100707,20020715,  147,    0
100707,20020716,  164,    0
100707,20020717,  174,    0
100707,20020718,  184,    0
100707,20020719,  186,    0
100707,20020720,  178,    0
100707,20020721,  172,    0
100707,20020722,  160,    0
100707,20020723,  164,    0
100707,20020724,  184,    0
100707,20020725,  186,    0
100707,20020726,  204,    0
100707,20020727,  172,    0
100707,20020728,  186,    0
100707,20020729,  176,    0
100707,20020730,  176,    0
100707,20020731,  178,    0
100707,20020801,  154,    0
100707,20020802,  140,    0
100707,20020803,  146,    0
100707,20020804,  164,    0
100707,20020805,  170,    0
100707,20020806,  146,    0
100707,20020807,  158,    0
100707,20020808,  192,    0
100707,20020809,  164,    0
100707,20020810,  178,    0
100707,20020811,  160,    0
100707,20020812,  158,    0
100707,20020813,  164,    0
100707,20020814,  214,    0
100707,20020815,  194,    0
100707,20020816,  168,    0
100707,20020817,  166,    0
100707,20020818,  168,    0
100707,20020819,  160,    0
100707,20020820,  150,    0
100707,20020821,  154,    0
100707,20020822,  154,    0
100707,20020823,  144,    0
100707,20020824,  154,    0
100707,20020825,  166,    0
100707,20020826,  154,    0
100707,20020827,  124,    0
100707,20020828,  140,    0
100707,20020829,  144,    0
100707,20020830,  164,    0
100707,20020831,  164,    0
100707,20020901,  174,    0
100707,20020902,  154,    0
100707,20020903,  156,    0
100707,20020904,  156,    0
100707,20020905,  130,    0
100707,20020906,  124,    0
100707,20020907,  138,    0
100707,20020908,  152,    0
100707,20020909,  138,    0
100707,20020910,  101,    0
100707,20020911,  150,    0
100707,20020912,  152,    0
100707,20020913,  154,    0
100707,20020914,  176,    0
100707,20020915,  190,    0
100707,20020916,  184,    0
100707,20020917,  168,    0
100707,20020918,  178,    0
100707,20020919,  164,    0
100707,20020920,  180,    0
100707,20020921,  165,    0
100707,20020922,  174,    0
100707,20020923,  166,    0
100707,20020924,  150,    0
100707,20020925,  150,    0
100707,20020926,  138,    0
100707,20020927,  138,    0
100707,20020928,  168,    0
100707,20020929,  166,    0
100707,20020930,  174,    0
100707,20021001,  171,    0
100707,20021002,  166,    0
100707,20021003,  168,    0
100707,20021004,  163,    0
100707,20021005,  164,    0
100707,20021006,  180,    0
100707,20021007,  154,    0
100707,20021008,  166,    0
100707,20021009,  105,    0
100707,20021010,   92,    0
100707,20021011,   72,    0
100707,20021012,  158,    0
100707,20021013,  156,    0
100707,20021014,  140,    0
100707,20021015,  154,    0
100707,20021016,  146,    0
100707,20021017,  105,    0
100707,20021018,   76,    0
100707,20021019,  102,    0
100707,20021020,  178,    0
100707,20021021,  154,    0
100707,20021022,  142,    0
100707,20021023,  126,    0
100707,20021024,   89,    0
100707,20021025,  128,    0
100707,20021026,   98,    0
100707,20021027,  102,    0
100707,20021028,  106,    0
100707,20021029,   92,    0
100707,20021030,  136,    0
100707,20021031,  123,    0
100707,20021101,   96,    0
100707,20021102,  154,    0
100707,20021103,  150,    0
100707,20021104,  104,    0
100707,20021105,   86,    0
100707,20021106,  104,    0
100707,20021107,   92,    0
100707,20021108,   22,    0
100707,20021109,   64,    0
100707,20021110,   98,    0
100707,20021111,  110,    0
100707,20021112,  120,    0
100707,20021113,  118,    0
100707,20021114,   86,    0
100707,20021115,   70,    0
100707,20021116,   44,    0
100707,20021117,   78,    0
100707,20021118,   54,    0
100707,20021119,   64,    0
100707,20021120,   64,    0
100707,20021121,  110,    0
100707,20021122,  102,    0
100707,20021123,   68,    0
100707,20021124,   61,    0
100707,20021125,   50,    0
100707,20021126,   44,    0
100707,20021127,  120,    0
100707,20021128,   86,    0
100707,20021129,   62,    0
100707,20021130,   94,    0
100707,20021201,   78,    0
100707,20021202,   72,    0
100707,20021203,   54,    0
100707,20021204,   94,    0
100707,20021205,   48,    0
100707,20021206,   34,    0
100707,20021207,    0,    0
100707,20021208,    6,    0
100707,20021209,   44,    0
100707,20021210,   84,    0
100707,20021211,   78,    0
100707,20021212,   48,    0
100707,20021213,   63,    0
100707,20021214,  102,    0
100707,20021215,   66,    0
100707,20021216,   64,    0
100707,20021217,  154,    0
100707,20021218,  130,    0
100707,20021219,  108,    0
100707,20021220,   96,    0
100707,20021221,   94,    0
100707,20021222,   60,    0
100707,20021223,   70,    0
100707,20021224,   88,    0
100707,20021225,  132,    0
100707,20021226,  139,    0
100707,20021227,  102,    0
100707,20021228,   70,    0
100707,20021229,   34,    0
100707,20021230,   78,    0
100707,20021231,   76,    0
100707,20030101,  112,    0
100707,20030102,  120,    0
100707,20030103,  106,    0
100707,20030104,   78,    0
100707,20030105,   60,    0
100707,20030106,   50,    0
100707,20030107,   34,    0
100707,20030108,   68,    0
100707,20030109,   30,    0
100707,20030110,   14,    0
100707,20030111,  -30,    0
100707,20030112,  -34,    0
100707,20030113,  -32,    0
100707,20030114,  -42,    0
100707,20030115,  -42,    0
100707,20030116,  -34,    0
100707,20030117,  -30,    0
100707,20030118,   26,    0
100707,20030119,   72,    0
100707,20030120,   72,    0
100707,20030121,   90,    0
100707,20030122,   80,    0
100707,20030123,   48,    0
100707,20030124,   10,    0
100707,20030125,   -2,    0
100707,20030126,    4,    0
100707,20030127,   49,    0
100707,20030128,   46,    0
100707,20030129,   54,    0
100707,20030130,   34,    0
100707,20030131,   18,    0
100707,20030201,  -22,    0
100707,20030202,   -9,    0
100707,20030203,   28,    0
100707,20030204,   70,    0
100707,20030205,   40,    0
100707,20030206,   16,    0
100707,20030207,   38,    0
100707,20030208,   18,    0
100707,20030209,   10,    0
100707,20030210,   64,    0
100707,20030211,   36,    0
100707,20030212,   86,    0
100707,20030213,   48,    0
100707,20030214,   36,    0
100707,20030215,   16,    0
100707,20030216,  -12,    0
100707,20030217,    0,    0
100707,20030218,   74,    0
100707,20030219,   60,    0
100707,20030220,   40,    0
100707,20030221,   34,    0
100707,20030222,  104,    0
100707,20030223,  102,    0
100707,20030224,  106,    0
100707,20030225,   64,    0
100707,20030226,   38,    0
100707,20030227,   70,    0
100707,20030228,   96,    0
100707,20030301,   72,    0
100707,20030302,  100,    0
100707,20030303,  112,    0
100707,20030304,   62,    0
100707,20030305,   70,    0
100707,20030306,   46,    0
100707,20030307,   58,    0
100707,20030308,   50,    0
100707,20030309,   56,    0
100707,20030310,   52,    0
100707,20030311,   70,    0
100707,20030312,   82,    0
100707,20030313,   98,    0
100707,20030314,  102,    0
100707,20030315,   74,    0
100707,20030316,   70,    0
100707,20030317,   86,    0
100707,20030318,   86,    0
100707,20030319,   48,    0
100707,20030320,   32,    0
100707,20030321,   32,    0
100707,20030322,   51,    0
100707,20030323,  116,    0
100707,20030324,   94,    0
100707,20030325,   94,    0
100707,20030326,  112,    0
100707,20030327,  110,    0
100707,20030328,   86,    0
100707,20030329,  110,    0
100707,20030330,  116,    0
100707,20030331,   86,    0
100707,20030401,   94,    0
100707,20030402,  102,    0
100707,20030403,   86,    0
100707,20030404,   44,    0
100707,20030405,   46,    0
100707,20030406,   50,    0
100707,20030407,   56,    0
100707,20030408,   66,    0
100707,20030409,  110,    0
100707,20030410,   68,    0
100707,20030411,   88,    0
100707,20030412,  106,    0
100707,20030413,   96,    0
100707,20030414,  100,    0
100707,20030415,  102,    0
100707,20030416,   78,    0
100707,20030417,   96,    0
100707,20030418,  124,    0
100707,20030419,  100,    0
100707,20030420,   82,    0
100707,20030421,   68,    0
100707,20030422,  102,    0
100707,20030423,   74,    0
100707,20030424,  108,    0
100707,20030425,  128,    0
100707,20030426,  122,    0
100707,20030427,   86,    0
100707,20030428,  138,    0
100707,20030429,   96,    0
100707,20030430,  106,    0
100707,20030501,  108,    0
100707,20030502,  112,    0
100707,20030503,  100,    0
100707,20030504,  138,    0
100707,20030505,  116,    0
100707,20030506,   88,    0
100707,20030507,   86,    0
100707,20030508,  102,    0
100707,20030509,  100,    0
100707,20030510,   94,    0
100707,20030511,  112,    0
100707,20030512,  128,    0
100707,20030513,  128,    0
100707,20030514,  152,    0
100707,20030515,  140,    0
100707,20030516,  130,    0
100707,20030517,  112,    0
100707,20030518,  124,    0
100707,20030519,  136,    0
100707,20030520,  110,    0
100707,20030521,  114,    0
100707,20030522,  138,    0
100707,20030523,  140,    0
100707,20030524,  148,    0
100707,20030525,  114,    0
100707,20030526,  102,    0
100707,20030527,  106,    0
100707,20030528,  132,    0
100707,20030529,  146,    0
100707,20030530,  192,    0
100707,20030531,  148,    0
100707,20030601,  134,    0
100707,20030602,  176,    0
100707,20030603,  140,    0
100707,20030604,  162,    0
100707,20030605,  114,    0
100707,20030606,  138,    0
100707,20030607,  172,    0
100707,20030608,  164,    0
100707,20030609,  126,    0
100707,20030610,  148,    0
100707,20030611,  174,    0
100707,20030612,  210,    0
100707,20030613,  202,    0
100707,20030614,  196,    0
100707,20030615,  176,    0
100707,20030616,  184,    0
100707,20030617,  144,    0
100707,20030618,  182,    0
100707,20030619,  214,    0
100707,20030620,  210,    0
100707,20030621,  216,    0
100707,20030622,  190,    0
100707,20030623,  168,    0
100707,20030624,  170,    0
100707,20030625,  164,    0
100707,20030626,  140,    0
100707,20030627,  126,    0
100707,20030628,  156,    0
100707,20030629,  138,    0
100707,20030630,  172,    0
100707,20030701,  168,    0
100707,20030702,  160,    0
100707,20030703,  136,    0
100707,20030704,  124,    0
100707,20030705,  144,    0
100707,20030706,  136,    0
100707,20030707,  174,    0
100707,20030708,  194,    0
100707,20030709,  174,    0
100707,20030710,  164,    0
100707,20030711,  190,    0
100707,20030712,  162,    0
100707,20030713,  182,    0
100707,20030714,  160,    0
100707,20030715,  163,    0
100707,20030716,  126,    0
100707,20030717,  140,    0
100707,20030718,  144,    0
100707,20030719,  166,    0
100707,20030720,  158,    0
100707,20030721,  142,    0
100707,20030722,  142,    0
100707,20030723,  144,    0
100707,20030724,  150,    0
100707,20030725,  156,    0
100707,20030726,  188,    0
100707,20030727,  192,    0
100707,20030728,  138,    0
100707,20030729,  176,    0
100707,20030730,  202,    0
100707,20030731,  190,    0
100707,20030801,  204,    0
100707,20030802,  224,    0
100707,20030803,  236,    0
100707,20030804,  208,    0
100707,20030805,  240,    0
100707,20030806,  226,    0
100707,20030807,  238,    0
100707,20030808,  222,    0
100707,20030809,  208,    0
100707,20030810,  224,    0
100707,20030811,  230,    0
100707,20030812,  224,    0
100707,20030813,  220,    0
100707,20030814,  230,    0
100707,20030815,  192,    0
100707,20030816,  176,    0
100707,20030817,  164,    0
100707,20030818,  174,    0
100707,20030819,  184,    0
100707,20030820,  160,    0
100707,20030821,  140,    0
100707,20030822,  184,    0
100707,20030823,  192,    0
100707,20030824,  196,    0
100707,20030825,  174,    0
100707,20030826,  138,    0
100707,20030827,  154,    0
100707,20030828,  138,    0
100707,20030829,  180,    0
100707,20030830,  182,    0
100707,20030831,  180,    0
100707,20030901,  206,    0
100707,20030902,  154,    0
100707,20030903,  144,    0
100707,20030904,  170,    0
100707,20030905,  140,    0
100707,20030906,  146,    0
100707,20030907,  146,    0
100707,20030908,  156,    0
100707,20030909,  138,    0
100707,20030910,  134,    0
100707,20030911,  120,    0
100707,20030912,  122,    0
100707,20030913,  142,    0
100707,20030914,  144,    0
100707,20030915,  180,    0
100707,20030916,  168,    0
100707,20030917,  126,    0
100707,20030918,  124,    0
100707,20030919,  162,    0
100707,20030920,  158,    0
100707,20030921,  180,    0
100707,20030922,  156,    0
100707,20030923,  144,    0
100707,20030924,  140,    0
100707,20030925,  152,    0
100707,20030926,  158,    0
100707,20030927,  200,    0
100707,20030928,  184,    0
100707,20030929,  156,    0
100707,20030930,  175,    0
100707,20031001,  158,    0
100707,20031002,  170,    0
100707,20031003,  152,    0
100707,20031004,  134,    0
100707,20031005,  124,    0
100707,20031006,  108,    0
100707,20031007,  112,    0
100707,20031008,  108,    0
100707,20031009,  114,    0
100707,20031010,  128,    0
100707,20031011,  144,    0
100707,20031012,  172,    0
100707,20031013,  146,    0
100707,20031014,  140,    0
100707,20031015,  130,    0
100707,20031016,  116,    0
100707,20031017,  104,    0
100707,20031018,  114,    0
100707,20031019,  150,    0
100707,20031020,  142,    0
100707,20031021,  118,    0
100707,20031022,   88,    0
100707,20031023,   80,    0
100707,20031024,   36,    0
100707,20031025,   98,    0
100707,20031026,  114,    0
100707,20031027,  114,    0
100707,20031028,  122,    0
100707,20031029,  122,    0
100707,20031030,  116,    0
100707,20031031,  110,    0
100707,20031101,  100,    0
100707,20031102,   64,    0
100707,20031103,   72,    0
100707,20031104,   78,    0
100707,20031105,  112,    0
100707,20031106,  110,    0
100707,20031107,  102,    0
100707,20031108,   92,    0
100707,20031109,  100,    0
100707,20031110,  120,    0
100707,20031111,   80,    0
100707,20031112,   84,    0
100707,20031113,  114,    0
100707,20031114,   74,    0
100707,20031115,  122,    0
100707,20031116,  102,    0
100707,20031117,   72,    0
100707,20031118,   68,    0
100707,20031119,   88,    0
100707,20031120,   66,    0
100707,20031121,   74,    0
100707,20031122,  108,    0
100707,20031123,   89,    0
100707,20031124,   90,    0
100707,20031125,   60,    0
100707,20031126,   52,    0
100707,20031127,   70,    0
100707,20031128,   50,    0
100707,20031129,  108,    0
100707,20031130,   98,    0
100707,20031201,   53,    0
100707,20031202,   30,    0
100707,20031203,   38,    0
100707,20031204,   24,    0
100707,20031205,   72,    0
100707,20031206,   68,    0
100707,20031207,   68,    0
100707,20031208,   64,    0
100707,20031209,   78,    0
100707,20031210,   42,    0
100707,20031211,   16,    0
100707,20031212,   32,    0
100707,20031213,   36,    0
100707,20031214,   46,    0
100707,20031215,   51,    0
100707,20031216,   60,    0
100707,20031217,   78,    0
100707,20031218,   92,    0
100707,20031219,   74,    0
100707,20031220,   54,    0
100707,20031221,   54,    0
100707,20031222,   46,    0
100707,20031223,   -1,    0
100707,20031224,   -2,    0
100707,20031225,    0,    0
100707,20031226,    4,    0
100707,20031227,   70,    0
100707,20031228,   62,    0
100707,20031229,   32,    0
100707,20031230,   94,    0
100707,20031231,   86,    0
100707,20040101,  100,    0
100707,20040102,   70,    0
100707,20040103,   40,    0
100707,20040104,    8,    0
100707,20040105,    4,    0
100707,20040106,    0,    0
100707,20040107,   18,    0
100707,20040108,  102,    0
100707,20040109,  112,    0
100707,20040110,   74,    0
100707,20040111,   80,    0
100707,20040112,   82,    0
100707,20040113,   86,    0
100707,20040114,  102,    0
100707,20040115,   78,    0
100707,20040116,   66,    0
100707,20040117,   68,    0
100707,20040118,   42,    0
100707,20040119,   18,    0
100707,20040120,  -10,    0
100707,20040121,  -14,    0
100707,20040122,    0,    0
100707,20040123,   16,    0
100707,20040124,   78,    0
100707,20040125,   74,    0
100707,20040126,  110,    0
100707,20040127,  126,    0
100707,20040128,   54,    0
100707,20040129,   10,    0
100707,20040130,   96,    0
100707,20040131,  102,    0
100707,20040201,  116,    0
100707,20040202,  102,    0
100707,20040203,   76,    0
100707,20040204,   64,    0
100707,20040205,   62,    0
100707,20040206,   54,    0
100707,20040207,   64,    0
100707,20040208,   82,    0
100707,20040209,   89,    0
100707,20040210,   64,    0
100707,20040211,   36,    0
100707,20040212,   28,    0
100707,20040213,   20,    0
100707,20040214,   60,    0
100707,20040215,   34,    0
100707,20040216,   60,    0
100707,20040217,   50,    0
100707,20040218,   40,    0
100707,20040219,   40,    0
100707,20040220,   10,    0
100707,20040221,   60,    0
100707,20040222,   42,    0
100707,20040223,   20,    0
100707,20040224,   88,    0
100707,20040225,   66,    0
100707,20040226,   68,    0
100707,20040227,   36,    0
100707,20040228,   10,    0
100707,20040229,   50,    0
100707,20040301,   14,    0
100707,20040302,  -20,    0
100707,20040303,   24,    0
100707,20040304,   18,    0
100707,20040305,   36,    0
100707,20040306,  110,    0
100707,20040307,   52,    0
100707,20040308,   70,    0
100707,20040309,   66,    0
100707,20040310,   92,    0
100707,20040311,   92,    0
100707,20040312,   90,    0
100707,20040313,   76,    0
100707,20040314,   50,    0
100707,20040315,   70,    0
100707,20040316,   86,    0
100707,20040317,   88,    0
100707,20040318,   96,    0
100707,20040319,   74,    0
100707,20040320,   90,    0
100707,20040321,   84,    0
100707,20040322,   62,    0
100707,20040323,   46,    0
100707,20040324,   64,    0
100707,20040325,   54,    0
100707,20040326,   42,    0
100707,20040327,   34,    0
100707,20040328,   70,    0
100707,20040329,   80,    0
100707,20040330,   84,    0
100707,20040331,   80,    0
100707,20040401,   84,    0
100707,20040402,   60,    0
100707,20040403,   64,    0
100707,20040404,   62,    0
100707,20040405,   94,    0
100707,20040406,   88,    0
100707,20040407,   84,    0
100707,20040408,   96,    0
100707,20040409,   80,    0
100707,20040410,   46,    0
100707,20040411,   44,    0
100707,20040412,   46,    0
100707,20040413,   46,    0
100707,20040414,   44,    0
100707,20040415,   62,    0
100707,20040416,   92,    0
100707,20040417,   60,    0
100707,20040418,   74,    0
100707,20040419,   72,    0
100707,20040420,  108,    0
100707,20040421,   92,    0
100707,20040422,   87,    0
100707,20040423,   56,    0
100707,20040424,   70,    0
100707,20040425,   94,    0
100707,20040426,  108,    0
100707,20040427,  116,    0
100707,20040428,  136,    0
100707,20040429,   76,    0
100707,20040430,   90,    0
100707,20040501,   96,    0
100707,20040502,   90,    0
100707,20040503,  100,    0
100707,20040504,   84,    0
100707,20040505,  120,    0
100707,20040506,   90,    0
100707,20040507,   86,    0
100707,20040508,   68,    0
100707,20040509,   84,    0
100707,20040510,   86,    0
100707,20040511,  100,    0
100707,20040512,  108,    0
100707,20040513,  116,    0
100707,20040514,  104,    0
100707,20040515,  104,    0
100707,20040516,  124,    0
100707,20040517,  106,    0
100707,20040518,  134,    0
100707,20040519,  114,    0
100707,20040520,  132,    0
100707,20040521,  166,    0
100707,20040522,  126,    0
100707,20040523,  148,    0
100707,20040524,  149,    0
100707,20040525,  144,    0
100707,20040526,  116,    0
100707,20040527,  120,    0
100707,20040528,  118,    0
100707,20040529,  165,    0
100707,20040530,  146,    0
100707,20040531,  152,    0
100707,20040601,  166,    0
100707,20040602,  184,    0
100707,20040603,  208,    0
100707,20040604,  182,    0
100707,20040605,  164,    0
100707,20040606,  166,    0
100707,20040607,  170,    0
100707,20040608,  184,    0
100707,20040609,  198,    0
100707,20040610,  198,    0
100707,20040611,  199,    0
100707,20040612,  188,    0
100707,20040613,  196,    0
100707,20040614,  202,    0
100707,20040615,  180,    0
100707,20040616,  154,    0
100707,20040617,  174,    0
100707,20040618,  170,    0
100707,20040619,  166,    0
100707,20040620,  144,    0
100707,20040621,  148,    0
100707,20040622,  174,    0
100707,20040623,  184,    0
100707,20040624,  184,    0
100707,20040625,  180,    0
100707,20040626,  192,    0
100707,20040627,  194,    0
100707,20040628,  202,    0
100707,20040629,  218,    0
100707,20040630,  174,    0
100707,20040701,  180,    0
100707,20040702,  152,    0
100707,20040703,  178,    0
100707,20040704,  164,    0
100707,20040705,  160,    0
100707,20040706,  156,    0
100707,20040707,  132,    0
100707,20040708,  128,    0
100707,20040709,  136,    0
100707,20040710,  160,    0
100707,20040711,  154,    0
100707,20040712,  170,    0
100707,20040713,  178,    0
100707,20040714,  174,    0
100707,20040715,  184,    0
100707,20040716,  196,    0
100707,20040717,  164,    0
100707,20040718,  166,    0
100707,20040719,  182,    0
100707,20040720,  164,    0
100707,20040721,  182,    0
100707,20040722,  188,    0
100707,20040723,  208,    0
100707,20040724,  242,    0
100707,20040725,  252,    0
100707,20040726,  232,    0
100707,20040727,  206,    0
100707,20040728,  198,    0
100707,20040729,  166,    0
100707,20040730,  174,    0
100707,20040731,  204,    0
100707,20040801,  204,    0
100707,20040802,  192,    0
100707,20040803,  188,    0
100707,20040804,  168,    0
100707,20040805,  168,    0
100707,20040806,  194,    0
100707,20040807,  176,    0
100707,20040808,  194,    0
100707,20040809,  180,    0
100707,20040810,  164,    0
100707,20040811,  156,    0
100707,20040812,  194,    0
100707,20040813,  150,    0
100707,20040814,  186,    0
100707,20040815,  190,    0
100707,20040816,  194,    0
100707,20040817,  200,    0
100707,20040818,  190,    0
100707,20040819,  184,    0
100707,20040820,  146,    0
100707,20040821,  144,    0
100707,20040822,  182,    0
100707,20040823,  194,    0
100707,20040824,  176,    0
100707,20040825,  180,    0
100707,20040826,  186,    0
100707,20040827,  160,    0
100707,20040828,  174,    0
100707,20040829,  164,    0
100707,20040830,  164,    0
100707,20040831,  158,    0
100707,20040901,  148,    0
100707,20040902,  156,    0
100707,20040903,  134,    0
100707,20040904,  170,    0
100707,20040905,  172,    0
100707,20040906,  168,    0
100707,20040907,  160,    0
100707,20040908,  156,    0
100707,20040909,  180,    0
100707,20040910,  176,    0
100707,20040911,  156,    0
100707,20040912,  168,    0
100707,20040913,  122,    0
100707,20040914,  156,    0
100707,20040915,  124,    0
100707,20040916,  134,    0
100707,20040917,  116,    0
100707,20040918,  130,    0
100707,20040919,  162,    0
100707,20040920,  136,    0
100707,20040921,  152,    0
100707,20040922,  154,    0
100707,20040923,  162,    0
100707,20040924,  172,    0
100707,20040925,  162,    0
100707,20040926,  118,    0
100707,20040927,  114,    0
100707,20040928,  120,    0
100707,20040929,  124,    0
100707,20040930,  142,    0
100707,20041001,  122,    0
100707,20041002,  136,    0
100707,20041003,  134,    0
100707,20041004,  130,    0
100707,20041005,  134,    0
100707,20041006,  168,    0
100707,20041007,  140,    0
100707,20041008,  162,    0
100707,20041009,  136,    0
100707,20041010,  122,    0
100707,20041011,   78,    0
100707,20041012,  116,    0
100707,20041013,   64,    0
100707,20041014,  116,    0
100707,20041015,  120,    0
100707,20041016,   80,    0
100707,20041017,   96,    0
100707,20041018,  108,    0
100707,20041019,  184,    0
100707,20041020,  182,    0
100707,20041021,  164,    0
100707,20041022,  138,    0
100707,20041023,  115,    0
100707,20041024,  120,    0
100707,20041025,  114,    0
100707,20041026,   94,    0
100707,20041027,  120,    0
100707,20041028,  102,    0
100707,20041029,   90,    0
100707,20041030,   72,    0
100707,20041031,   94,    0
100707,20041101,   60,    0
100707,20041102,   88,    0
100707,20041103,  116,    0
100707,20041104,  110,    0
100707,20041105,   92,    0
100707,20041106,   96,    0
100707,20041107,   94,    0
100707,20041108,   76,    0
100707,20041109,   62,    0
100707,20041110,   80,    0
100707,20041111,   64,    0
100707,20041112,   62,    0
100707,20041113,   44,    0
100707,20041114,   56,    0
100707,20041115,    8,    0
100707,20041116,    4,    0
100707,20041117,   -4,    0
100707,20041118,    2,    0
100707,20041119,    2,    0
100707,20041120,    0,    0
100707,20041121,   12,    0
100707,20041122,   24,    0
100707,20041123,   30,    0
100707,20041124,   28,    0
100707,20041125,   30,    0
100707,20041126,   26,    0
100707,20041127,   40,    0
100707,20041128,   84,    0
100707,20041129,   98,    0
100707,20041130,  100,    0
100707,20041201,   80,    0
100707,20041202,   50,    0
100707,20041203,   30,    0
100707,20041204,   44,    0
100707,20041205,   58,    0
100707,20041206,   44,    0
100707,20041207,   24,    0
100707,20041208,   10,    0
100707,20041209,   22,    0
100707,20041210,   22,    0
100707,20041211,   16,    0
100707,20041212,   60,    0
100707,20041213,   88,    0
100707,20041214,   58,    0
100707,20041215,   48,    0
100707,20041216,   34,    0
100707,20041217,   32,    0
100707,20041218,   64,    0
100707,20041219,   74,    0
100707,20041220,   60,    0
100707,20041221,   14,    0
100707,20041222,    4,    0
100707,20041223,  -16,    0
100707,20041224,   -6,    0
100707,20041225,   16,    0
100707,20041226,   24,    0
100707,20041227,    6,    0
100707,20041228,  -16,    0
100707,20041229,   58,    0
100707,20041230,   -5,    0
100707,20041231,   -2,    0
100707,20050101,    1,    0
100707,20050102,   32,    0
100707,20050103,   28,    0
100707,20050104,    2,    0
100707,20050105,  -12,    0
100707,20050106,  -22,    0
100707,20050107,  -26,    0
100707,20050108,  -30,    0
100707,20050109,  -36,    0
100707,20050110,  -30,    0
100707,20050111,  -24,    0
100707,20050112,  -20,    0
100707,20050113,   -2,    0
100707,20050114,    6,    0
100707,20050115,    4,    0
100707,20050116,   -6,    0
100707,20050117,  -22,    0
100707,20050118,  -16,    0
100707,20050119,   20,    0
100707,20050120,   -6,    0
100707,20050121,    0,    0
100707,20050122,  -16,    0
100707,20050123,  -12,    0
100707,20050124,   -7,    0
100707,20050125,  -14,    0
100707,20050126,  -22,    0
100707,20050127,  -34,    0
100707,20050128,  -72,    0
100707,20050129,  -46,    0
100707,20050130,  -36,    0
100707,20050131,  -60,    0
100707,20050201,  -44,    0
100707,20050202,  -32,    0
100707,20050203,  -24,    0
100707,20050204,  -36,    0
100707,20050205,  -10,    0
100707,20050206,  -12,    0
100707,20050207,   18,    0
100707,20050208,  -10,    0
100707,20050209,    0,    0
100707,20050210,    6,    0
100707,20050211,  -14,    0
100707,20050212,  -12,    0
100707,20050213,    6,    0
100707,20050214,   36,    0
100707,20050215,    2,    0
100707,20050216,   -4,    0
100707,20050217,  -14,    0
100707,20050218,  -16,    0
100707,20050219,  -46,    0
100707,20050220,   -6,    0
100707,20050221,   28,    0
100707,20050222,    2,    0
100707,20050223,   62,    0
100707,20050224,   46,    0
100707,20050225,   10,    0
100707,20050226,  -14,    0
100707,20050227,   50,    0
100707,20050228,   -3,    0
100707,20050301,  -12,    0
100707,20050302,   43,    0
100707,20050303,   -2,    0
100707,20050304,    4,    0
100707,20050305,  -16,    0
100707,20050306,   30,    0
100707,20050307,   -2,    0
100707,20050308,  -26,    0
100707,20050309,  -28,    0
100707,20050310,  -16,    0
100707,20050311,   86,    0
100707,20050312,   86,    0
100707,20050313,   96,    0
100707,20050314,   92,    0
100707,20050315,   54,    0
100707,20050316,   74,    0
100707,20050317,   80,    0
100707,20050318,  102,    0
100707,20050319,  114,    0
100707,20050320,  102,    0
100707,20050321,  152,    0
100707,20050322,  112,    0
100707,20050323,  114,    0
100707,20050324,   86,    0
100707,20050325,  120,    0
100707,20050326,  116,    0
100707,20050327,  100,    0
100707,20050328,   88,    0
100707,20050329,  110,    0
100707,20050330,   96,    0
100707,20050331,  100,    0
100707,20050401,  132,    0
100707,20050402,  118,    0
100707,20050403,  126,    0
100707,20050404,  112,    0
100707,20050405,   80,    0
100707,20050406,  106,    0
100707,20050407,   94,    0
100707,20050408,  116,    0
100707,20050409,   46,    0
100707,20050410,   34,    0
100707,20050411,   62,    0
100707,20050412,   74,    0
100707,20050413,   80,    0
100707,20050414,   90,    0
100707,20050415,   58,    0
100707,20050416,   52,    0
100707,20050417,   98,    0
100707,20050418,  106,    0
100707,20050419,   66,    0
100707,20050420,   88,    0
100707,20050421,   86,    0
100707,20050422,  114,    0
100707,20050423,   86,    0
100707,20050424,   86,    0
100707,20050425,   72,    0
100707,20050426,   96,    0
100707,20050427,  108,    0
100707,20050428,  110,    0
100707,20050429,  136,    0
100707,20050430,  144,    0
100707,20050501,  108,    0
100707,20050502,  116,    0
100707,20050503,  108,    0
100707,20050504,  134,    0
100707,20050505,  146,    0
100707,20050506,  120,    0
100707,20050507,  114,    0
100707,20050508,  130,    0
100707,20050509,  132,    0
100707,20050510,  142,    0
100707,20050511,  158,    0
100707,20050512,  132,    0
100707,20050513,  126,    0
100707,20050514,   84,    0
100707,20050515,  106,    0
100707,20050516,  100,    0
100707,20050517,   92,    0
100707,20050518,  110,    0
100707,20050519,  122,    0
100707,20050520,  142,    0
100707,20050521,  146,    0
100707,20050522,  102,    0
100707,20050523,  100,    0
100707,20050524,   96,    0
100707,20050525,  148,    0
100707,20050526,  162,    0
100707,20050527,  162,    0
100707,20050528,  144,    0
100707,20050529,  164,    0
100707,20050530,  152,    0
100707,20050531,  184,    0
100707,20050601,  168,    0
100707,20050602,  184,    0
100707,20050603,  174,    0
100707,20050604,  140,    0
100707,20050605,  164,    0
100707,20050606,  200,    0
100707,20050607,  192,    0
100707,20050608,  200,    0
100707,20050609,  194,    0
100707,20050610,  200,    0
100707,20050611,  186,    0
100707,20050612,  154,    0
100707,20050613,  162,    0
100707,20050614,  144,    0
100707,20050615,  154,    0
100707,20050616,  186,    0
100707,20050617,  188,    0
100707,20050618,  214,    0
100707,20050619,  226,    0
100707,20050620,  226,    0
100707,20050621,  194,    0
100707,20050622,  242,    0
100707,20050623,  180,    0
100707,20050624,  176,    0
100707,20050625,  172,    0
100707,20050626,  158,    0
100707,20050627,  150,    0
100707,20050628,  154,    0
100707,20050629,  154,    0
100707,20050630,  154,    0
100707,20050701,  145,    0
100707,20050702,  174,    0
100707,20050703,  188,    0
100707,20050704,  172,    0
100707,20050705,  162,    0
100707,20050706,  206,    0
100707,20050707,  178,    0
100707,20050708,  196,    0
100707,20050709,  200,    0
100707,20050710,  220,    0
100707,20050711,  218,    0
100707,20050712,  234,    0
100707,20050713,  220,    0
100707,20050714,  194,    0
100707,20050715,  182,    0
100707,20050716,  164,    0
100707,20050717,  168,    0
100707,20050718,  152,    0
100707,20050719,  162,    0
100707,20050720,  174,    0
100707,20050721,  200,    0
100707,20050722,  162,    0
100707,20050723,  170,    0
100707,20050724,  164,    0
100707,20050725,  170,    0
100707,20050726,  180,    0
100707,20050727,  204,    0
100707,20050728,  182,    0
100707,20050729,  154,    0
100707,20050730,  142,    0
100707,20050731,  142,    0
100707,20050801,  148,    0
100707,20050802,  180,    0
100707,20050803,  154,    0
100707,20050804,  170,    0
100707,20050805,  194,    0
100707,20050806,  202,    0
100707,20050807,  242,    0
100707,20050808,  208,    0
100707,20050809,  194,    0
100707,20050810,  192,    0
100707,20050811,  166,    0
100707,20050812,  186,    0
100707,20050813,  198,    0
100707,20050814,  190,    0
100707,20050815,  190,    0
100707,20050816,  224,    0
100707,20050817,  186,    0
100707,20050818,  172,    0
100707,20050819,  140,    0
100707,20050820,  190,    0
100707,20050821,  164,    0
100707,20050822,  138,    0
100707,20050823,  132,    0
100707,20050824,  182,    0
100707,20050825,  126,    0
100707,20050826,  172,    0
100707,20050827,  134,    0
100707,20050828,  174,    0
100707,20050829,  174,    0
100707,20050830,  196,    0
100707,20050831,  194,    0
100707,20050901,  142,    0
100707,20050902,  162,    0
100707,20050903,  160,    0
100707,20050904,  176,    0
100707,20050905,  168,    0
100707,20050906,  152,    0
100707,20050907,  146,    0
100707,20050908,  148,    0
100707,20050909,  162,    0
100707,20050910,  132,    0
100707,20050911,  124,    0
100707,20050912,  144,    0
100707,20050913,  138,    0
100707,20050914,  136,    0
100707,20050915,  150,    0
100707,20050916,  182,    0
100707,20050917,  162,    0
100707,20050918,  114,    0
100707,20050919,   76,    0
100707,20050920,   80,    0
100707,20050921,   96,    0
100707,20050922,  108,    0
100707,20050923,  150,    0
100707,20050924,  168,    0
100707,20050925,  124,    0
100707,20050926,  138,    0
100707,20050927,  114,    0
100707,20050928,  104,    0
100707,20050929,  122,    0
100707,20050930,  130,    0
100707,20051001,  138,    0
100707,20051002,  156,    0
100707,20051003,  110,    0
100707,20051004,   72,    0
100707,20051005,   54,    0
100707,20051006,   56,    0
100707,20051007,   70,    0
100707,20051008,  162,    0
100707,20051009,  160,    0
100707,20051010,  140,    0
100707,20051011,  154,    0
100707,20051012,  130,    0
100707,20051013,  100,    0
100707,20051014,  110,    0
100707,20051015,  120,    0
100707,20051016,  104,    0
100707,20051017,  106,    0
100707,20051018,  136,    0
100707,20051019,   90,    0
100707,20051020,  134,    0
100707,20051021,  110,    0
100707,20051022,  138,    0
100707,20051023,  116,    0
100707,20051024,   76,    0
100707,20051025,   90,    0
100707,20051026,  106,    0
100707,20051027,  118,    0
100707,20051028,  138,    0
100707,20051029,  128,    0
100707,20051030,  156,    0
100707,20051031,  120,    0
100707,20051101,  112,    0
100707,20051102,  102,    0
100707,20051103,  116,    0
100707,20051104,   90,    0
100707,20051105,   66,    0
100707,20051106,   38,    0
100707,20051107,   44,    0
100707,20051108,   40,    0
100707,20051109,   70,    0
100707,20051110,   60,    0
100707,20051111,   58,    0
100707,20051112,   54,    0
100707,20051113,   46,    0
100707,20051114,   28,    0
100707,20051115,   70,    0
100707,20051116,   68,    0
100707,20051117,   40,    0
100707,20051118,   68,    0
100707,20051119,  120,    0
100707,20051120,  115,    0
100707,20051121,  112,    0
100707,20051122,   94,    0
100707,20051123,   76,    0
100707,20051124,   50,    0
100707,20051125,    4,    0
100707,20051126,   34,    0
100707,20051127,    4,    0
100707,20051128,   26,    0
100707,20051129,   30,    0
100707,20051130,   -2,    0
100707,20051201,    6,    0
100707,20051202,  124,    0
100707,20051203,   95,    0
100707,20051204,  122,    0
100707,20051205,   74,    0
100707,20051206,   38,    0
100707,20051207,   16,    0
100707,20051208,    9,    0
100707,20051209,   27,    0
100707,20051210,   22,    0
100707,20051211,  -15,    0
100707,20051212,  -12,    0
100707,20051213,  -12,    0
100707,20051214,   -8,    0
100707,20051215,  -16,    0
100707,20051216,  -24,    0
100707,20051217,  -32,    0
100707,20051218,  -60,    0
100707,20051219,  -12,    0
100707,20051220,   -6,    0
100707,20051221,   40,    0
100707,20051222,   18,    0
100707,20051223,    2,    0
100707,20051224,   66,    0
100707,20051225,   70,    0
100707,20051226,  102,    0
100707,20051227,   72,    0
100707,20051228,   34,    0
100707,20051229,   18,    0
100707,20051230,  100,    0
100707,20051231,   95,    0
100707,20060101,   69,    0
100707,20060102,   44,    0
100707,20060103,   10,    0
100707,20060104,   -6,    0
100707,20060105,  -10,    0
100707,20060106,   60,    0
100707,20060107,   34,    0
100707,20060108,   -4,    0
100707,20060109,    0,    0
100707,20060110,    8,    0
100707,20060111,   -4,    0
100707,20060112,    0,    0
100707,20060113,   12,    0
100707,20060114,   48,    0
100707,20060115,   20,    0
100707,20060116,   48,    0
100707,20060117,   10,    0
100707,20060118,   52,    0
100707,20060119,    2,    0
100707,20060120,   12,    0
100707,20060121,   20,    0
100707,20060122,   32,    0
100707,20060123,   20,    0
100707,20060124,   34,    0
100707,20060125,   52,    0
100707,20060126,   18,    0
100707,20060127,    2,    0
100707,20060128,  -24,    0
100707,20060129,   -2,    0
100707,20060130,  -16,    0
100707,20060131,  -16,    0
100707,20060201,  -10,    0
100707,20060202,    0,    0
100707,20060203,   64,    0
100707,20060204,    8,    0
100707,20060205,   14,    0
100707,20060206,  -14,    0
100707,20060207,  -12,    0
100707,20060208,   10,    0
100707,20060209,   -6,    0
100707,20060210,   72,    0
100707,20060211,   74,    0
100707,20060212,   48,    0
100707,20060213,   26,    0
100707,20060214,   38,    0
100707,20060215,   18,    0
100707,20060216,   82,    0
100707,20060217,   84,    0
100707,20060218,   80,    0
100707,20060219,   64,    0
100707,20060220,   42,    0
100707,20060221,   40,    0
100707,20060222,   27,    0
100707,20060223,    0,    0
100707,20060224,    6,    0
100707,20060225,   42,    0
100707,20060226,   48,    0
100707,20060227,   26,    0
100707,20060228,    0,    0
100707,20060301,    8,    0
100707,20060302,    2,    0
100707,20060303,   60,    0
100707,20060304,   77,    0
100707,20060305,   32,    0
100707,20060306,   24,    0
100707,20060307,   64,    0
100707,20060308,   96,    0
100707,20060309,   80,    0
100707,20060310,   53,    0
100707,20060311,   60,    0
100707,20060312,   52,    0
100707,20060313,   36,    0
100707,20060314,   54,    0
100707,20060315,   58,    0
100707,20060316,   86,    0
100707,20060317,   88,    0
100707,20060318,   90,    0
100707,20060319,   88,    0
100707,20060320,   65,    0
100707,20060321,   90,    0
100707,20060322,   84,    0
100707,20060323,  124,    0
100707,20060324,  108,    0
100707,20060325,   94,    0
100707,20060326,   86,    0
100707,20060327,  110,    0
100707,20060328,   86,    0
100707,20060329,   75,    0
100707,20060330,   90,    0
100707,20060331,   76,    0
100707,20060401,  126,    0
100707,20060402,   86,    0
100707,20060403,  114,    0
100707,20060404,  129,    0
100707,20060405,  110,    0
100707,20060406,  116,    0
100707,20060407,  110,    0
100707,20060408,   68,    0
100707,20060409,   86,    0
100707,20060410,   92,    0
100707,20060411,   76,    0
100707,20060412,  118,    0
100707,20060413,   78,    0
100707,20060414,  118,    0
100707,20060415,   98,    0
100707,20060416,   94,    0
100707,20060417,   96,    0
100707,20060418,   68,    0
100707,20060419,   80,    0
100707,20060420,  102,    0
100707,20060421,   90,    0
100707,20060422,   72,    0
100707,20060423,   90,    0
100707,20060424,  106,    0
100707,20060425,  108,    0
100707,20060426,  142,    0
100707,20060427,  140,    0
100707,20060428,  116,    0
100707,20060429,  104,    0
100707,20060430,   90,    0
100707,20060501,  106,    0
100707,20060502,  110,    0
100707,20060503,  146,    0
100707,20060504,  104,    0
100707,20060505,   84,    0
100707,20060506,   92,    0
100707,20060507,   76,    0
100707,20060508,   82,    0
100707,20060509,   84,    0
100707,20060510,  116,    0
100707,20060511,  146,    0
100707,20060512,  114,    0
100707,20060513,  126,    0
100707,20060514,  124,    0
100707,20060515,  122,    0
100707,20060516,  148,    0
100707,20060517,  160,    0
100707,20060518,  146,    0
100707,20060519,  108,    0
100707,20060520,  116,    0
100707,20060521,  138,    0
100707,20060522,  126,    0
100707,20060523,   98,    0
100707,20060524,  110,    0
100707,20060525,  114,    0
100707,20060526,  132,    0
100707,20060527,  168,    0
100707,20060528,  185,    0
100707,20060529,  194,    0
100707,20060530,  186,    0
100707,20060531,  186,    0
100707,20060601,  144,    0
100707,20060602,  142,    0
100707,20060603,  155,    0
100707,20060604,  136,    0
100707,20060605,  146,    0
100707,20060606,  152,    0
100707,20060607,  181,    0
100707,20060608,  160,    0
100707,20060609,  164,    0
100707,20060610,  152,    0
100707,20060611,  170,    0
100707,20060612,  180,    0
100707,20060613,  188,    0
100707,20060614,  166,    0
100707,20060615,  154,    0
100707,20060616,  170,    0
100707,20060617,  162,    0
100707,20060618,  154,    0
100707,20060619,  174,    0
100707,20060620,  144,    0
100707,20060621,  156,    0
100707,20060622,  176,    0
100707,20060623,  200,    0
100707,20060624,  152,    0
100707,20060625,  152,    0
100707,20060626,  150,    0
100707,20060627,  140,    0
100707,20060628,  140,    0
100707,20060629,  130,    0
100707,20060630,  168,    0
100707,20060701,  166,    0
100707,20060702,  162,    0
100707,20060703,  146,    0
100707,20060704,  174,    0
100707,20060705,  156,    0
100707,20060706,  152,    0
100707,20060707,  182,    0
100707,20060708,  190,    0
100707,20060709,  190,    0
100707,20060710,  206,    0
100707,20060711,  258,    0
100707,20060712,  254,    0
100707,20060713,  212,    0
100707,20060714,  210,    0
100707,20060715,  204,    0
100707,20060716,  210,    0
100707,20060717,  220,    0
100707,20060718,  214,    0
100707,20060719,  200,    0
100707,20060720,  175,    0
100707,20060721,  182,    0
100707,20060722,  150,    0
100707,20060723,  178,    0
100707,20060724,  166,    0
100707,20060725,  156,    0
100707,20060726,  165,    0
100707,20060727,  166,    0
100707,20060728,  168,    0
100707,20060729,  174,    0
100707,20060730,  175,    0
100707,20060731,  196,    0
100707,20060801,  176,    0
100707,20060802,  182,    0
100707,20060803,  202,    0
100707,20060804,  158,    0
100707,20060805,  210,    0
100707,20060806,  182,    0
100707,20060807,  215,    0
100707,20060808,  205,    0
100707,20060809,  188,    0
100707,20060810,  178,    0
100707,20060811,  202,    0
100707,20060812,  216,    0
100707,20060813,  152,    0
100707,20060814,  170,    0
100707,20060815,  152,    0
100707,20060816,  146,    0
100707,20060817,  164,    0
100707,20060818,  148,    0
100707,20060819,  133,    0
100707,20060820,  160,    0
100707,20060821,  155,    0
100707,20060822,  190,    0
100707,20060823,  212,    0
100707,20060824,  168,    0
100707,20060825,  190,    0
100707,20060826,  182,    0
100707,20060827,  200,    0
100707,20060828,  205,    0
100707,20060829,  194,    0
100707,20060830,  210,    0
100707,20060831,  164,    0
100707,20060901,  178,    0
100707,20060902,  182,    0
100707,20060903,  176,    0
100707,20060904,  168,    0
100707,20060905,  200,    0
100707,20060906,  222,    0
100707,20060907,  210,    0
100707,20060908,  196,    0
100707,20060909,  212,    0
100707,20060910,  196,    0
100707,20060911,  174,    0
100707,20060912,  158,    0
100707,20060913,  152,    0
100707,20060914,  132,    0
100707,20060915,  136,    0
100707,20060916,  114,    0
100707,20060917,  122,    0
100707,20060918,  160,    0
100707,20060919,  150,    0
100707,20060920,  158,    0
100707,20060921,  160,    0
100707,20060922,  130,    0
100707,20060923,  134,    0
100707,20060924,  135,    0
100707,20060925,  178,    0
100707,20060926,  160,    0
100707,20060927,  164,    0
100707,20060928,  168,    0
100707,20060929,  144,    0
100707,20060930,  176,    0
100707,20061001,  134,    0
100707,20061002,  138,    0
100707,20061003,  144,    0
100707,20061004,  136,    0
100707,20061005,  106,    0
100707,20061006,   93,    0
100707,20061007,  170,    0
100707,20061008,  136,    0
100707,20061009,  138,    0
100707,20061010,  157,    0
100707,20061011,  135,    0
100707,20061012,  101,    0
100707,20061013,   80,    0
100707,20061014,   96,    0
100707,20061015,  116,    0
100707,20061016,  134,    0
100707,20061017,  158,    0
100707,20061018,  162,    0
100707,20061019,  158,    0
100707,20061020,  150,    0
100707,20061021,  126,    0
100707,20061022,  158,    0
100707,20061023,  166,    0
100707,20061024,  154,    0
100707,20061025,  162,    0
100707,20061026,  142,    0
100707,20061027,  120,    0
100707,20061028,  134,    0
100707,20061029,  151,    0
100707,20061030,  150,    0
100707,20061031,  120,    0
100707,20061101,  138,    0
100707,20061102,  165,    0
100707,20061103,  172,    0
100707,20061104,  166,    0
100707,20061105,  160,    0
100707,20061106,  142,    0
100707,20061107,  147,    0
100707,20061108,  140,    0
100707,20061109,  126,    0
100707,20061110,  106,    0
100707,20061111,   84,    0
100707,20061112,   52,    0
100707,20061113,   66,    0
100707,20061114,   60,    0
100707,20061115,   80,    0
100707,20061116,   90,    0
100707,20061117,   46,    0
100707,20061118,  116,    0
100707,20061119,   83,    0
100707,20061120,   85,    0
100707,20061121,  100,    0
100707,20061122,  126,    0
100707,20061123,  133,    0
100707,20061124,  130,    0
100707,20061125,   76,    0
100707,20061126,   50,    0
100707,20061127,   84,    0
100707,20061128,   88,    0
100707,20061129,   60,    0
100707,20061130,   56,    0
100707,20061201,   58,    0
100707,20061202,   85,    0
100707,20061203,   66,    0
100707,20061204,  136,    0
100707,20061205,   87,    0
100707,20061206,   70,    0
100707,20061207,   76,    0
100707,20061208,   64,    0
100707,20061209,   43,    0
100707,20061210,   24,    0
100707,20061211,    8,    0
100707,20061212,   28,    0
100707,20061213,    4,    0
100707,20061214,    8,    0
100707,20061215,   10,    0
100707,20061216,   -4,    0
100707,20061217,    4,    0
100707,20061218,    9,    0
100707,20061219,    5,    0
100707,20061220,    0,    0
100707,20061221,  -16,    0
100707,20061222,  -32,    0
100707,20061223,  -18,    0
100707,20061224,  -10,    0
100707,20061225,  -24,    0
100707,20061226,   -8,    0
100707,20061227,    8,    0
100707,20061228,   52,    0
100707,20061229,   20,    0
100707,20061230,   62,    0
100707,20061231,   62,    0
100707,20070101,   30,    0
100707,20070102,   28,    0
100707,20070103,   20,    0
100707,20070104,   12,    0
100707,20070105,   18,    0
100707,20070106,   36,    0
100707,20070107,   48,    0
100707,20070108,   54,    0
100707,20070109,   30,    0
100707,20070110,   47,    0
100707,20070111,   10,    0
100707,20070112,    4,    0
100707,20070113,   12,    0
100707,20070114,    8,    0
100707,20070115,   62,    0
100707,20070116,   70,    0
100707,20070117,   42,    0
100707,20070118,   20,    0
100707,20070119,   25,    0
100707,20070120,   38,    0
100707,20070121,   16,    0
100707,20070122,   38,    0
100707,20070123,   20,    0
100707,20070124,    5,    0
100707,20070125,   14,    0
100707,20070126,    0,    0
100707,20070127,    7,    0
100707,20070128,   42,    0
100707,20070129,   64,    0
100707,20070130,   30,    0
100707,20070131,   38,    0
100707,20070201,   13,    0
100707,20070202,   20,    0
100707,20070203,   84,    0
100707,20070204,   78,    0
100707,20070205,   50,    0
100707,20070206,   34,    0
100707,20070207,   26,    0
100707,20070208,  107,    0
100707,20070209,   86,    0
100707,20070210,  116,    0
100707,20070211,  134,    0
100707,20070212,  107,    0
100707,20070213,  117,    0
100707,20070214,   72,    0
100707,20070215,   62,    0
100707,20070216,   84,    0
100707,20070217,   70,    0
100707,20070218,   66,    0
100707,20070219,   31,    0
100707,20070220,   60,    0
100707,20070221,   34,    0
100707,20070222,   90,    0
100707,20070223,  100,    0
100707,20070224,   84,    0
100707,20070225,  102,    0
100707,20070226,   65,    0
100707,20070227,   52,    0
100707,20070228,   82,    0
100707,20070301,   76,    0
100707,20070302,   60,    0
100707,20070303,   90,    0
100707,20070304,   60,    0
100707,20070305,   47,    0
100707,20070306,   70,    0
100707,20070307,   90,    0
100707,20070308,   72,    0
100707,20070309,   45,    0
100707,20070310,   62,    0
100707,20070311,   34,    0
100707,20070312,   20,    0
100707,20070313,   20,    0
100707,20070314,   36,    0
100707,20070315,   25,    0
100707,20070316,   24,    0
100707,20070317,   60,    0
100707,20070318,   35,    0
100707,20070319,   53,    0
100707,20070320,   26,    0
100707,20070321,   25,    0
100707,20070322,   14,    0
100707,20070323,   48,    0
100707,20070324,   50,    0
100707,20070325,   44,    0
100707,20070326,  101,    0
100707,20070327,   60,    0
100707,20070328,   70,    0
100707,20070329,   60,    0
100707,20070330,   59,    0
100707,20070331,   89,    0
100707,20070401,   46,    0
100707,20070402,   68,    0
100707,20070403,   58,    0
100707,20070404,   52,    0
100707,20070405,   56,    0
100707,20070406,   54,    0
100707,20070407,   32,    0
100707,20070408,   71,    0
100707,20070409,   60,    0
100707,20070410,   62,    0
100707,20070411,  100,    0
100707,20070412,  110,    0
100707,20070413,  112,    0
100707,20070414,   83,    0
100707,20070415,   88,    0
100707,20070416,  114,    0
100707,20070417,  104,    0
100707,20070418,  104,    0
100707,20070419,  130,    0
100707,20070420,  115,    0
100707,20070421,   90,    0
100707,20070422,  102,    0
100707,20070423,  116,    0
100707,20070424,  125,    0
100707,20070425,  124,    0
100707,20070426,   90,    0
100707,20070427,   80,    0
100707,20070428,  100,    0
100707,20070429,   79,    0
100707,20070430,  101,    0
100707,20070501,   72,    0
100707,20070502,  110,    0
100707,20070503,  102,    0
100707,20070504,  106,    0
100707,20070505,   92,    0
100707,20070506,   88,    0
100707,20070507,   94,    0
100707,20070508,  120,    0
100707,20070509,  122,    0
100707,20070510,  132,    0
100707,20070511,  110,    0
100707,20070512,  110,    0
100707,20070513,  114,    0
100707,20070514,   92,    0
100707,20070515,   94,    0
100707,20070516,  120,    0
100707,20070517,  122,    0
100707,20070518,  143,    0
100707,20070519,  180,    0
100707,20070520,  150,    0
100707,20070521,  132,    0
100707,20070522,  130,    0
100707,20070523,  104,    0
100707,20070524,  135,    0
100707,20070525,  120,    0
100707,20070526,  139,    0
100707,20070527,  120,    0
100707,20070528,  100,    0
100707,20070529,   90,    0
100707,20070530,  124,    0
100707,20070531,  112,    0
100707,20070601,  110,    0
100707,20070602,  134,    0
100707,20070603,  160,    0
100707,20070604,  154,    0
100707,20070605,  162,    0
100707,20070606,  156,    0
100707,20070607,  160,    0
100707,20070608,  174,    0
100707,20070609,  156,    0
100707,20070610,  146,    0
100707,20070611,  138,    0
100707,20070612,  140,    0
100707,20070613,  154,    0
100707,20070614,  171,    0
100707,20070615,  170,    0
100707,20070616,  178,    0
100707,20070617,  158,    0
100707,20070618,  145,    0
100707,20070619,  145,    0
100707,20070620,  160,    0
100707,20070621,  118,    0
100707,20070622,  115,    0
100707,20070623,  146,    0
100707,20070624,  150,    0
100707,20070625,  151,    0
100707,20070626,  120,    0
100707,20070627,  140,    0
100707,20070628,  150,    0
100707,20070629,  118,    0
100707,20070630,  136,    0
100707,20070701,  170,    0
100707,20070702,  149,    0
100707,20070703,  156,    0
100707,20070704,  176,    0
100707,20070705,  185,    0
100707,20070706,  194,    0
100707,20070707,  202,    0
100707,20070708,  160,    0
100707,20070709,  160,    0
100707,20070710,  175,    0
100707,20070711,  188,    0
100707,20070712,  210,    0
100707,20070713,  188,    0
100707,20070714,  176,    0
100707,20070715,  176,    0
100707,20070716,  175,    0
100707,20070717,  184,    0
100707,20070718,  132,    0
100707,20070719,  139,    0
100707,20070720,  135,    0
100707,20070721,  120,    0
100707,20070722,  125,    0
100707,20070723,  171,    0
100707,20070724,  140,    0
100707,20070725,  160,    0
100707,20070726,  160,    0
100707,20070727,  152,    0
100707,20070728,  205,    0
100707,20070729,  214,    0
100707,20070730,  225,    0
100707,20070731,  199,    0
100707,20070801,  174,    0
100707,20070802,  174,    0
100707,20070803,  168,    0
100707,20070804,  204,    0
100707,20070805,  192,    0
100707,20070806,  168,    0
100707,20070807,  148,    0
100707,20070808,  185,    0
100707,20070809,  182,    0
100707,20070810,  210,    0
100707,20070811,  145,    0
100707,20070812,  154,    0
100707,20070813,  144,    0
100707,20070814,  144,    0
100707,20070815,  184,    0
100707,20070816,  142,    0
100707,20070817,  154,    0
100707,20070818,  172,    0
100707,20070819,  155,    0
100707,20070820,  182,    0
100707,20070821,  170,    0
100707,20070822,  146,    0
100707,20070823,  144,    0
100707,20070824,  160,    0
100707,20070825,  177,    0
100707,20070826,  172,    0
100707,20070827,  198,    0
100707,20070828,  180,    0
100707,20070829,  160,    0
100707,20070830,  166,    0
100707,20070831,  162,    0
100707,20070901,  155,    0
100707,20070902,  192,    0
100707,20070903,  202,    0
100707,20070904,  186,    0
100707,20070905,  180,    0
100707,20070906,  190,    0
100707,20070907,  194,    0
100707,20070908,  190,    0
100707,20070909,  178,    0
100707,20070910,  184,    0
100707,20070911,  184,    0
100707,20070912,  174,    0
100707,20070913,  145,    0
100707,20070914,  170,    0
100707,20070915,  182,    0
100707,20070916,  180,    0
100707,20070917,  182,    0
100707,20070918,  156,    0
100707,20070919,  142,    0
100707,20070920,  142,    0
100707,20070921,  178,    0
100707,20070922,  154,    0
100707,20070923,  146,    0
100707,20070924,  174,    0
100707,20070925,  148,    0
100707,20070926,  144,    0
100707,20070927,  116,    0
100707,20070928,  102,    0
100707,20070929,  159,    0
100707,20070930,  174,    0
100707,20071001,  177,    0
100707,20071002,  160,    0
100707,20071003,  146,    0
100707,20071004,  154,    0
100707,20071005,  138,    0
100707,20071006,  138,    0
100707,20071007,  152,    0
100707,20071008,  146,    0
100707,20071009,  133,    0
100707,20071010,  104,    0
100707,20071011,  122,    0
100707,20071012,   94,    0
100707,20071013,   96,    0
100707,20071014,  112,    0
100707,20071015,  124,    0
100707,20071016,  136,    0
100707,20071017,  110,    0
100707,20071018,  102,    0
100707,20071019,  120,    0
100707,20071020,  104,    0
100707,20071021,   72,    0
100707,20071022,   74,    0
100707,20071023,   84,    0
100707,20071024,  125,    0
100707,20071025,   85,    0
100707,20071026,   43,    0
100707,20071027,   56,    0
100707,20071028,   78,    0
100707,20071029,   76,    0
100707,20071030,   84,    0
100707,20071031,   65,    0
100707,20071101,   25,    0
100707,20071102,   39,    0
100707,20071103,   52,    0
100707,20071104,   36,    0
100707,20071105,   40,    0
100707,20071106,   37,    0
100707,20071107,   36,    0
100707,20071108,   30,    0
100707,20071109,   66,    0
100707,20071110,   54,    0
100707,20071111,   37,    0
100707,20071112,   20,    0
100707,20071113,   31,    0
100707,20071114,    6,    0
100707,20071115,   26,    0
100707,20071116,   15,    0
100707,20071117,  -30,    0
100707,20071118,  -44,    0
100707,20071119,    4,    0
100707,20071120,   96,    0
100707,20071121,   54,    0
100707,20071122,   80,    0
100707,20071123,   38,    0
100707,20071124,   36,    0
100707,20071125,   34,    0
100707,20071126,    2,    0
100707,20071127,   38,    0
100707,20071128,    9,    0
100707,20071129,   -6,    0
100707,20071130,   -8,    0
100707,20071201,    5,    0
100707,20071202,   60,    0
100707,20071203,   62,    0
100707,20071204,   60,    0
100707,20071205,   44,    0
100707,20071206,   66,    0
100707,20071207,   64,    0
100707,20071208,   93,    0
100707,20071209,   96,    0
100707,20071210,   34,    0
100707,20071211,   -6,    0
100707,20071212,  -18,    0
100707,20071213,  -30,    0
100707,20071214,  -26,    0
100707,20071215,  -28,    0
100707,20071216,  -36,    0
100707,20071217,  -10,    0
100707,20071218,   58,    0
100707,20071219,   82,    0
100707,20071220,   93,    0
100707,20071221,   80,    0
100707,20071222,   42,    0
100707,20071223,   44,    0
100707,20071224,   24,    0
100707,20071225,   -2,    0
100707,20071226,   50,    0
100707,20071227,   16,    0
100707,20071228,  -12,    0
100707,20071229,  -15,    0
100707,20071230,   -8,    0
100707,20071231,    0,    0
100707,20080101,   20,    0
100707,20080102,  100,    0
100707,20080103,   55,    0
100707,20080104,   52,    0
100707,20080105,   68,    0
100707,20080106,  124,    0
100707,20080107,   90,    0
100707,20080108,   74,    0
100707,20080109,   94,    0
100707,20080110,   85,    0
100707,20080111,   46,    0
100707,20080112,   14,    0
100707,20080113,    0,    0
100707,20080114,   62,    0
100707,20080115,   30,    0
100707,20080116,   77,    0
100707,20080117,   52,    0
100707,20080118,   40,    0
100707,20080119,   38,    0
100707,20080120,   48,    0
100707,20080121,   40,    0
100707,20080122,   30,    0
100707,20080123,   30,    0
100707,20080124,   23,    0
100707,20080125,   45,    0
100707,20080126,   24,    0
100707,20080127,   10,    0
100707,20080128,   10,    0
100707,20080129,    8,    0
100707,20080130,   10,    0
100707,20080131,    8,    0
100707,20080201,   -4,    0
100707,20080202,   84,    0
100707,20080203,   85,    0
100707,20080204,   80,    0
100707,20080205,   34,    0
100707,20080206,   16,    0
100707,20080207,   36,    0
100707,20080208,   24,    0
100707,20080209,   35,    0
100707,20080210,   20,    0
100707,20080211,   15,    0
100707,20080212,   50,    0
100707,20080213,   58,    0
100707,20080214,   48,    0
100707,20080215,   58,    0
100707,20080216,   56,    0
100707,20080217,   82,    0
100707,20080218,  100,    0
100707,20080219,   86,    0
100707,20080220,  106,    0
100707,20080221,  108,    0
100707,20080222,   84,    0
100707,20080223,  108,    0
100707,20080224,  110,    0
100707,20080225,   96,    0
100707,20080226,   70,    0
100707,20080227,   65,    0
100707,20080228,   96,    0
100707,20080229,   74,    0
100707,20080301,   58,    0
100707,20080302,   66,    0
100707,20080303,   81,    0
100707,20080304,   69,    0
100707,20080305,   21,    0
100707,20080306,   13,    0
100707,20080307,   40,    0
100707,20080308,   44,    0
100707,20080309,   64,    0
100707,20080310,   72,    0
100707,20080311,   92,    0
100707,20080312,   78,    0
100707,20080313,   70,    0
100707,20080314,   76,    0
100707,20080315,  102,    0
100707,20080316,   68,    0
100707,20080317,   60,    0
100707,20080318,   67,    0
100707,20080319,   68,    0
100707,20080320,   78,    0
100707,20080321,   50,    0
100707,20080322,   55,    0
100707,20080323,   20,    0
100707,20080324,   28,    0
100707,20080325,   48,    0
100707,20080326,   64,    0
100707,20080327,   84,    0
100707,20080328,   88,    0
100707,20080329,   68,    0
100707,20080330,   70,    0
100707,20080331,   45,    0
100707,20080401,   71,    0
100707,20080402,   78,    0
100707,20080403,   60,    0
100707,20080404,   72,    0
100707,20080405,   75,    0
100707,20080406,  108,    0
100707,20080407,  132,    0
100707,20080408,  115,    0
100707,20080409,  150,    0
100707,20080410,  100,    0
100707,20080411,   79,    0
100707,20080412,   62,    0
100707,20080413,   52,    0
100707,20080414,   62,    0
100707,20080415,   64,    0
100707,20080416,  111,    0
100707,20080417,  111,    0
100707,20080418,  106,    0
100707,20080419,  106,    0
100707,20080420,   82,    0
100707,20080421,   90,    0
100707,20080422,   80,    0
100707,20080423,  110,    0
100707,20080424,  116,    0
100707,20080425,  125,    0
100707,20080426,  120,    0
100707,20080427,  144,    0
100707,20080428,  111,    0
100707,20080429,   65,    0
100707,20080430,   92,    0
100707,20080501,   74,    0
100707,20080502,   82,    0
100707,20080503,  114,    0
100707,20080504,  144,    0
100707,20080505,  129,    0
100707,20080506,  144,    0
100707,20080507,  146,    0
100707,20080508,  138,    0
100707,20080509,  102,    0
100707,20080510,  104,    0
100707,20080511,  105,    0
100707,20080512,  124,    0
100707,20080513,  125,    0
100707,20080514,  120,    0
100707,20080515,   96,    0
100707,20080516,  130,    0
100707,20080517,  107,    0
100707,20080518,  110,    0
100707,20080519,  124,    0
100707,20080520,  120,    0
100707,20080521,  130,    0
100707,20080522,  124,    0
100707,20080523,  132,    0
100707,20080524,  100,    0
100707,20080525,  100,    0
100707,20080526,   96,    0
100707,20080527,  120,    0
100707,20080528,  100,    0
100707,20080529,  126,    0
100707,20080530,  130,    0
100707,20080531,  118,    0
100707,20080601,  120,    0
100707,20080602,  125,    0
100707,20080603,  120,    0
100707,20080604,  132,    0
100707,20080605,  108,    0
100707,20080606,  130,    0
100707,20080607,  140,    0
100707,20080608,  140,    0
100707,20080609,  116,    0
100707,20080610,  114,    0
100707,20080611,  138,    0
100707,20080612,  158,    0
100707,20080613,  148,    0
100707,20080614,  144,    0
100707,20080615,  152,    0
100707,20080616,  174,    0
100707,20080617,  134,    0
100707,20080618,  145,    0
100707,20080619,  150,    0
100707,20080620,  176,    0
100707,20080621,  184,    0
100707,20080622,  185,    0
100707,20080623,  172,    0
100707,20080624,  146,    0
100707,20080625,  162,    0
100707,20080626,  205,    0
100707,20080627,  180,    0
100707,20080628,  218,    0
100707,20080629,  204,    0
100707,20080630,  162,    0
100707,20080701,  136,    0
100707,20080702,  168,    0
100707,20080703,  126,    0
100707,20080704,  148,    0
100707,20080705,  188,    0
100707,20080706,  140,    0
100707,20080707,  126,    0
100707,20080708,  146,    0
100707,20080709,  148,    0
100707,20080710,  154,    0
100707,20080711,  178,    0
100707,20080712,  150,    0
100707,20080713,  142,    0
100707,20080714,  166,    0
100707,20080715,  180,    0
100707,20080716,  180,    0
100707,20080717,  184,    0
100707,20080718,  192,    0
100707,20080719,  216,    0
100707,20080720,  216,    0
100707,20080721,  196,    0
100707,20080722,  206,    0
100707,20080723,  207,    0
100707,20080724,  144,    0
100707,20080725,  180,    0
100707,20080726,  180,    0
100707,20080727,  168,    0
100707,20080728,  194,    0
100707,20080729,  134,    0
100707,20080730,  134,    0
100707,20080731,  172,    0
100707,20080801,  166,    0
100707,20080802,  166,    0
100707,20080803,  194,    0
100707,20080804,  198,    0
100707,20080805,  206,    0
100707,20080806,  172,    0
100707,20080807,  166,    0
100707,20080808,  140,    0
100707,20080809,  166,    0
100707,20080810,  166,    0
100707,20080811,  194,    0
100707,20080812,  184,    0
100707,20080813,  140,    0
100707,20080814,  128,    0
100707,20080815,  136,    0
100707,20080816,  168,    0
100707,20080817,  154,    0
100707,20080818,  144,    0
100707,20080819,  142,    0
100707,20080820,  138,    0
100707,20080821,  140,    0
100707,20080822,  172,    0
100707,20080823,  142,    0
100707,20080824,  160,    0
100707,20080825,  170,    0
100707,20080826,  162,    0
100707,20080827,  160,    0
100707,20080828,  188,    0
100707,20080829,  200,    0
100707,20080830,  174,    0
100707,20080831,  160,    0
100707,20080901,  150,    0
100707,20080902,  168,    0
100707,20080903,  146,    0
100707,20080904,  164,    0
100707,20080905,  175,    0
100707,20080906,  162,    0
100707,20080907,  132,    0
100707,20080908,  132,    0
100707,20080909,  180,    0
100707,20080910,  190,    0
100707,20080911,  158,    0
100707,20080912,  134,    0
100707,20080913,  118,    0
100707,20080914,  116,    0
100707,20080915,  137,    0
100707,20080916,  132,    0
100707,20080917,  134,    0
100707,20080918,  152,    0
100707,20080919,  132,    0
100707,20080920,  150,    0
100707,20080921,  170,    0
100707,20080922,  170,    0
100707,20080923,  158,    0
100707,20080924,  156,    0
100707,20080925,  166,    0
100707,20080926,  130,    0
100707,20080927,  144,    0
100707,20080928,  144,    0
100707,20080929,  134,    0
100707,20080930,  118,    0
100707,20081001,  120,    0
100707,20081002,  114,    0
100707,20081003,  106,    0
100707,20081004,   81,    0
100707,20081005,   64,    0
100707,20081006,   65,    0
100707,20081007,  136,    0
100707,20081008,  108,    0
100707,20081009,  100,    0
100707,20081010,  128,    0
100707,20081011,  160,    0
100707,20081012,  156,    0
100707,20081013,  138,    0
100707,20081014,  120,    0
100707,20081015,  130,    0
100707,20081016,  134,    0
100707,20081017,  168,    0
100707,20081018,  148,    0
100707,20081019,  130,    0
100707,20081020,  158,    0
100707,20081021,  142,    0
100707,20081022,  120,    0
100707,20081023,  113,    0
100707,20081024,  110,    0
100707,20081025,   88,    0
100707,20081026,   92,    0
100707,20081027,   96,    0
100707,20081028,   82,    0
100707,20081029,   52,    0
100707,20081030,   50,    0
100707,20081031,   82,    0
100707,20081101,   28,    0
100707,20081102,   56,    0
100707,20081103,   36,    0
100707,20081104,   70,    0
100707,20081105,   98,    0
100707,20081106,   54,    0
100707,20081107,   68,    0
100707,20081108,   66,    0
100707,20081109,   28,    0
100707,20081110,   32,    0
100707,20081111,   78,    0
100707,20081112,   64,    0
100707,20081113,   56,    0
100707,20081114,   10,    0
100707,20081115,   12,    0
100707,20081116,    8,    0
100707,20081117,    2,    0
100707,20081118,    6,    0
100707,20081119,   30,    0
100707,20081120,   30,    0
100707,20081121,   26,    0
100707,20081122,   18,    0
100707,20081123,   26,    0
100707,20081124,   66,    0
100707,20081125,   32,    0
100707,20081126,   -4,    0
100707,20081127,    0,    0
100707,20081128,    8,    0
100707,20081129,   47,    0
100707,20081130,   48,    0
100707,20081201,   24,    0
100707,20081202,    8,    0
100707,20081203,   15,    0
100707,20081204,   70,    0
100707,20081205,  112,    0
100707,20081206,   90,    0
100707,20081207,  115,    0
100707,20081208,   86,    0
100707,20081209,   70,    0
100707,20081210,   54,    0
100707,20081211,   16,    0
100707,20081212,   51,    0
100707,20081213,   27,    0
100707,20081214,   34,    0
100707,20081215,   16,    0
100707,20081216,   15,    0
100707,20081217,   30,    0
100707,20081218,   20,    0
100707,20081219,   12,    0
100707,20081220,  -12,    0
100707,20081221,    4,    0
100707,20081222,    6,    0
100707,20081223,   -4,    0
100707,20081224,    5,    0
100707,20081225,    7,    0
100707,20081226,  -22,    0
100707,20081227,   42,    0
100707,20081228,   79,    0
100707,20081229,   96,    0
100707,20081230,   76,    0
100707,20081231,   94,    0
100707,20090101,  100,    0
100707,20090102,  124,    0
100707,20090103,   92,    0
100707,20090104,   58,    0
100707,20090105,   58,    0
100707,20090106,   46,    0
100707,20090107,   12,    0
100707,20090108,  -28,    0
100707,20090109,  -44,    0
100707,20090110,   -6,    0
100707,20090111,  -14,    0
100707,20090112,  -12,    0
100707,20090113,   17,    0
100707,20090114,    4,    0
100707,20090115,   36,    0
100707,20090116,   49,    0
100707,20090117,   16,    0
100707,20090118,   26,    0
100707,20090119,   96,    0
100707,20090120,   26,    0
100707,20090121,   12,    0
100707,20090122,   79,    0
100707,20090123,  132,    0
100707,20090124,   85,    0
100707,20090125,   46,    0
100707,20090126,   44,    0
100707,20090127,   64,    0
100707,20090128,  107,    0
100707,20090129,  120,    0
100707,20090130,   86,    0
100707,20090131,   74,    0
100707,20090201,   75,    0
100707,20090202,   74,    0
100707,20090203,   61,    0
100707,20090204,   30,    0
100707,20090205,   38,    0
100707,20090206,   50,    0
100707,20090207,   24,    0
100707,20090208,   30,    0
100707,20090209,  105,    0
100707,20090210,   72,    0
100707,20090211,   32,    0
100707,20090212,    8,    0
100707,20090213,   16,    0
100707,20090214,   16,    0
100707,20090215,   20,    0
100707,20090216,   24,    0
100707,20090217,   14,    0
100707,20090218,   14,    0
100707,20090219,   44,    0
100707,20090220,   10,    0
100707,20090221,   40,    0
100707,20090222,   30,    0
100707,20090223,   14,    0
100707,20090224,   27,    0
100707,20090225,   30,    0
100707,20090226,   60,    0
100707,20090227,   46,    0
100707,20090228,  106,    0
100707,20090301,   94,    0
100707,20090302,   82,    0
100707,20090303,   87,    0
100707,20090304,   70,    0
100707,20090305,   86,    0
100707,20090306,   82,    0
100707,20090307,   96,    0
100707,20090308,   52,    0
100707,20090309,   54,    0
100707,20090310,   70,    0
100707,20090311,   59,    0
100707,20090312,   45,    0
100707,20090313,   70,    0
100707,20090314,   66,    0
100707,20090315,   74,    0
100707,20090316,   85,    0
100707,20090317,   90,    0
100707,20090318,   64,    0
100707,20090319,   58,    0
100707,20090320,   60,    0
100707,20090321,   85,    0
100707,20090322,  104,    0
100707,20090323,   70,    0
100707,20090324,   64,    0
100707,20090325,   72,    0
100707,20090326,   64,    0
100707,20090327,   90,    0
100707,20090328,  102,    0
100707,20090329,   68,    0
100707,20090330,   64,    0
100707,20090331,   28,    0
100707,20090401,   56,    0
100707,20090402,   50,    0
100707,20090403,   70,    0
100707,20090404,   70,    0
100707,20090405,   80,    0
100707,20090406,   92,    0
100707,20090407,   60,    0
100707,20090408,   54,    0
100707,20090409,   66,    0
100707,20090410,   89,    0
100707,20090411,   74,    0
100707,20090412,   60,    0
100707,20090413,   62,    0
100707,20090414,   81,    0
100707,20090415,   70,    0
100707,20090416,   80,    0
100707,20090417,   76,    0
100707,20090418,   74,    0
100707,20090419,   88,    0
100707,20090420,   85,    0
100707,20090421,   90,    0
100707,20090422,   80,    0
100707,20090423,   76,    0
100707,20090424,  104,    0
100707,20090425,   80,    0
100707,20090426,   58,    0
100707,20090427,   72,    0
100707,20090428,  120,    0
100707,20090429,   96,    0
100707,20090430,  122,    0
100707,20090501,   84,    0
100707,20090502,   66,    0
100707,20090503,   92,    0
100707,20090504,   88,    0
100707,20090505,  137,    0
100707,20090506,  126,    0
100707,20090507,  146,    0
100707,20090508,  138,    0
100707,20090509,  131,    0
100707,20090510,  124,    0
100707,20090511,  140,    0
100707,20090512,  130,    0
100707,20090513,   92,    0
100707,20090514,   92,    0
100707,20090515,   86,    0
100707,20090516,   90,    0
100707,20090517,  139,    0
100707,20090518,  108,    0
100707,20090519,   80,    0
100707,20090520,  114,    0
100707,20090521,  146,    0
100707,20090522,  110,    0
100707,20090523,  126,    0
100707,20090524,  118,    0
100707,20090525,  118,    0
100707,20090526,  101,    0
100707,20090527,  136,    0
100707,20090528,  136,    0
100707,20090529,  154,    0
100707,20090530,  161,    0
100707,20090531,  169,    0
100707,20090601,  168,    0
100707,20090602,  169,    0
100707,20090603,  158,    0
100707,20090604,  145,    0
100707,20090605,  142,    0
100707,20090606,  138,    0
100707,20090607,  116,    0
100707,20090608,  132,    0
100707,20090609,   96,    0
100707,20090610,  132,    0
100707,20090611,  161,    0
100707,20090612,  175,    0
100707,20090613,  180,    0
100707,20090614,  226,    0
100707,20090615,  175,    0
100707,20090616,  204,    0
100707,20090617,  176,    0
100707,20090618,  198,    0
100707,20090619,  225,    0
100707,20090620,  205,    0
100707,20090621,  220,    0
100707,20090622,  212,    0
100707,20090623,  160,    0
100707,20090624,  160,    0
100707,20090625,  156,    0
100707,20090626,  140,    0
100707,20090627,  149,    0
100707,20090628,  166,    0
100707,20090629,  186,    0
100707,20090630,  188,    0
100707,20090701,  196,    0
100707,20090702,  176,    0
100707,20090703,  170,    0
100707,20090704,  181,    0
100707,20090705,  166,    0
100707,20090706,  150,    0
100707,20090707,  128,    0
100707,20090708,  149,    0
100707,20090709,  162,    0
100707,20090710,  144,    0
100707,20090711,  127,    0
100707,20090712,  139,    0
100707,20090713,  184,    0
100707,20090714,  150,    0
100707,20090715,  140,    0
100707,20090716,  166,    0
100707,20090717,  147,    0
100707,20090718,  152,    0
100707,20090719,  142,    0
100707,20090720,  192,    0
100707,20090721,  204,    0
100707,20090722,  173,    0
100707,20090723,  190,    0
100707,20090724,  154,    0
100707,20090725,  170,    0
100707,20090726,  164,    0
100707,20090727,  147,    0
100707,20090728,  140,    0
100707,20090729,  152,    0
100707,20090730,  180,    0
100707,20090731,  150,    0
100707,20090801,  178,    0
100707,20090802,  135,    0
100707,20090803,  138,    0
100707,20090804,  166,    0
100707,20090805,  186,    0
100707,20090806,  168,    0
100707,20090807,  152,    0
100707,20090808,  141,    0
100707,20090809,  167,    0
100707,20090810,  186,    0
100707,20090811,  194,    0
100707,20090812,  194,    0
100707,20090813,  234,    0
100707,20090814,  196,    0
100707,20090815,  200,    0
100707,20090816,  230,    0
100707,20090817,  222,    0
100707,20090818,  208,    0
100707,20090819,  189,    0
100707,20090820,  167,    0
100707,20090821,  173,    0
100707,20090822,  181,    0
100707,20090823,  188,    0
100707,20090824,  164,    0
100707,20090825,  156,    0
100707,20090826,  135,    0
100707,20090827,  174,    0
100707,20090828,  162,    0
100707,20090829,  184,    0
100707,20090830,  206,    0
100707,20090831,  200,    0
100707,20090901,  190,    0
100707,20090902,  138,    0
100707,20090903,  150,    0
100707,20090904,  182,    0
100707,20090905,  148,    0
100707,20090906,  150,    0
100707,20090907,  186,    0
100707,20090908,  214,    0
100707,20090909,  214,    0
100707,20090910,  210,    0
100707,20090911,  201,    0
100707,20090912,  192,    0
100707,20090913,  190,    0
100707,20090914,  176,    0
100707,20090915,  140,    0
100707,20090916,  134,    0
100707,20090917,  128,    0
100707,20090918,  150,    0
100707,20090919,  150,    0
100707,20090920,  132,    0
100707,20090921,  145,    0
100707,20090922,  124,    0
100707,20090923,  130,    0
100707,20090924,  170,    0
100707,20090925,  143,    0
100707,20090926,  149,    0
100707,20090927,  145,    0
100707,20090928,  147,    0
100707,20090929,  158,    0
100707,20090930,  162,    0
100707,20091001,  150,    0
100707,20091002,  135,    0
100707,20091003,  132,    0
100707,20091004,  142,    0
100707,20091005,  134,    0
100707,20091006,  184,    0
100707,20091007,  172,    0
100707,20091008,  166,    0
100707,20091009,  137,    0
100707,20091010,  138,    0
100707,20091011,  142,    0
100707,20091012,  142,    0
100707,20091013,  134,    0
100707,20091014,  123,    0
100707,20091015,  129,    0
100707,20091016,  104,    0
100707,20091017,   68,    0
100707,20091018,   64,    0
100707,20091019,   77,    0
100707,20091020,  114,    0
100707,20091021,  100,    0
100707,20091022,  124,    0
100707,20091023,   89,    0
100707,20091024,  108,    0
100707,20091025,  112,    0
100707,20091026,  120,    0
100707,20091027,  114,    0
100707,20091028,  130,    0
100707,20091029,  140,    0
100707,20091030,  112,    0
100707,20091031,  126,    0
100707,20091101,  165,    0
100707,20091102,  115,    0
100707,20091103,   90,    0
100707,20091104,  122,    0
100707,20091105,  104,    0
100707,20091106,  112,    0
100707,20091107,  107,    0
100707,20091108,  100,    0
100707,20091109,   77,    0
100707,20091110,  103,    0
100707,20091111,   88,    0
100707,20091112,   60,    0
100707,20091113,   54,    0
100707,20091114,  105,    0
100707,20091115,  134,    0
100707,20091116,  128,    0
100707,20091117,  124,    0
100707,20091118,  100,    0
100707,20091119,   82,    0
100707,20091120,   77,    0
100707,20091121,   80,    0
100707,20091122,   86,    0
100707,20091123,   35,    0
100707,20091124,   16,    0
100707,20091125,   46,    0
100707,20091126,   85,    0
100707,20091127,   67,    0
100707,20091128,   80,    0
100707,20091129,   66,    0
100707,20091130,   44,    0
100707,20091201,   38,    0
100707,20091202,  117,    0
100707,20091203,   78,    0
100707,20091204,   53,    0
100707,20091205,   32,    0
100707,20091206,  102,    0
100707,20091207,  114,    0
100707,20091208,   74,    0
100707,20091209,   64,    0
100707,20091210,   46,    0
100707,20091211,   38,    0
100707,20091212,   26,    0
100707,20091213,   32,    0
100707,20091214,   12,    0
100707,20091215,  -40,    0
100707,20091216,   30,    0
100707,20091217,   59,    0
100707,20091218,   62,    0
100707,20091219,   -8,    0
100707,20091220,  -42,    0
100707,20091221,   58,    0
100707,20091222,   94,    0
100707,20091223,   94,    0
100707,20091224,   74,    0
100707,20091225,   24,    0
100707,20091226,   44,    0
100707,20091227,   14,    0
100707,20091228,   98,    0
100707,20091229,  136,    0
100707,20091230,  113,    0
100707,20091231,   66,    0
100707,20100101,   68,    0
100707,20100102,   38,    0
100707,20100103,   90,    0
100707,20100104,   98,    0
100707,20100105,   62,    0
100707,20100106,   58,    0
100707,20100107,   36,    0
100707,20100108,    6,    0
100707,20100109,  -20,    0
100707,20100110,   -6,    0
100707,20100111,   15,    0
100707,20100112,   60,    0
100707,20100113,   84,    0
100707,20100114,   79,    0
100707,20100115,   52,    0
100707,20100116,   93,    0
100707,20100117,   89,    0
100707,20100118,   72,    0
100707,20100119,   91,    0
100707,20100120,   66,    0
100707,20100121,   26,    0
100707,20100122,   56,    0
100707,20100123,   65,    0
100707,20100124,   67,    0
100707,20100125,   43,    0
100707,20100126,   26,    0
100707,20100127,    5,    0
100707,20100128,    2,    0
100707,20100129,    4,    0
100707,20100130,   32,    0
100707,20100131,   44,    0
100707,20100201,    6,    0
100707,20100202,    2,    0
100707,20100203,   10,    0
100707,20100204,   89,    0
100707,20100205,   86,    0
100707,20100206,   29,    0
100707,20100207,   40,    0
100707,20100208,   84,    0
100707,20100209,   74,    0
100707,20100210,   75,    0
100707,20100211,   27,    0
100707,20100212,   -4,    0
100707,20100213,  -31,    0
100707,20100214,  -22,    0
100707,20100215,   45,    0
100707,20100216,   74,    0
100707,20100217,   60,    0
100707,20100218,   22,    0
100707,20100219,   37,    0
100707,20100220,    4,    0
100707,20100221,   82,    0
100707,20100222,  100,    0
100707,20100223,   98,    0
100707,20100224,  100,    0
100707,20100225,  112,    0
100707,20100226,   94,    0
100707,20100227,   96,    0
100707,20100228,   58,    0
100707,20100301,   65,    0
100707,20100302,   78,    0
100707,20100303,   85,    0
100707,20100304,   83,    0
100707,20100305,  108,    0
100707,20100306,   94,    0
100707,20100307,   92,    0
100707,20100308,   28,    0
100707,20100309,    6,    0
100707,20100310,   15,    0
100707,20100311,   25,    0
100707,20100312,   24,    0
100707,20100313,   13,    0
100707,20100314,   35,    0
100707,20100315,   20,    0
100707,20100316,   30,    0
100707,20100317,   50,    0
100707,20100318,  116,    0
100707,20100319,  134,    0
100707,20100320,  135,    0
100707,20100321,  104,    0
100707,20100322,   76,    0
100707,20100323,  101,    0
100707,20100324,  100,    0
100707,20100325,   86,    0
100707,20100326,   72,    0
100707,20100327,   70,    0
100707,20100328,   59,    0
100707,20100329,  100,    0
100707,20100330,   72,    0
100707,20100331,   56,    0
100707,20100401,   60,    0
100707,20100402,   44,    0
100707,20100403,   64,    0
100707,20100404,   42,    0
100707,20100405,   48,    0
100707,20100406,   50,    0
100707,20100407,   83,    0
100707,20100408,   70,    0
100707,20100409,   50,    0
100707,20100410,   81,    0
100707,20100411,   80,    0
100707,20100412,   77,    0
100707,20100413,  114,    0
100707,20100414,  110,    0
100707,20100415,  126,    0
100707,20100416,  123,    0
100707,20100417,  112,    0
100707,20100418,  114,    0
100707,20100419,  110,    0
100707,20100420,  126,    0
100707,20100421,  148,    0
100707,20100422,  135,    0
100707,20100423,  125,    0
100707,20100424,  112,    0
100707,20100425,  127,    0
100707,20100426,  136,    0
100707,20100427,  140,    0
100707,20100428,  145,    0
100707,20100429,  151,    0
100707,20100430,  118,    0
100707,20100501,  107,    0
100707,20100502,  106,    0
100707,20100503,   84,    0
100707,20100504,   75,    0
100707,20100505,   46,    0
100707,20100506,   60,    0
100707,20100507,   92,    0
100707,20100508,   99,    0
100707,20100509,  122,    0
100707,20100510,  120,    0
100707,20100511,  108,    0
100707,20100512,   85,    0
100707,20100513,   70,    0
100707,20100514,   70,    0
100707,20100515,   86,    0
100707,20100516,   84,    0
100707,20100517,   90,    0
100707,20100518,  102,    0
100707,20100519,  114,    0
100707,20100520,  136,    0
100707,20100521,  132,    0
100707,20100522,  140,    0
100707,20100523,  144,    0
100707,20100524,  147,    0
100707,20100525,  128,    0
100707,20100526,  132,    0
100707,20100527,  136,    0
100707,20100528,  134,    0
100707,20100529,  118,    0
100707,20100530,  147,    0
100707,20100531,  172,    0
100707,20100601,  198,    0
100707,20100602,  202,    0
100707,20100603,  175,    0
100707,20100604,  154,    0
100707,20100605,  156,    0
100707,20100606,  120,    0
100707,20100607,  132,    0
100707,20100608,  138,    0
100707,20100609,  136,    0
100707,20100610,  130,    0
100707,20100611,  122,    0
100707,20100612,  140,    0
100707,20100613,  128,    0
100707,20100614,  131,    0
100707,20100615,  144,    0
100707,20100616,  129,    0
100707,20100617,  138,    0
100707,20100618,  125,    0
100707,20100619,  128,    0
100707,20100620,  128,    0
100707,20100621,  147,    0
100707,20100622,  150,    0
100707,20100623,  166,    0
100707,20100624,  173,    0
100707,20100625,  192,    0
100707,20100626,  182,    0
100707,20100627,  183,    0
100707,20100628,  179,    0
100707,20100629,  206,    0
100707,20100630,  208,    0
100707,20100701,  216,    0
100707,20100702,  178,    0
100707,20100703,  187,    0
100707,20100704,  205,    0
100707,20100705,  214,    0
100707,20100706,  226,    0
100707,20100707,  226,    0
100707,20100708,  210,    0
100707,20100709,  190,    0
100707,20100710,  172,    0
100707,20100711,  185,    0
100707,20100712,  160,    0
100707,20100713,  160,    0
100707,20100714,  161,    0
100707,20100715,  122,    0
100707,20100716,  130,    0
100707,20100717,  160,    0
100707,20100718,  183,    0
100707,20100719,  176,    0
100707,20100720,  162,    0
100707,20100721,  190,    0
100707,20100722,  148,    0
100707,20100723,  155,    0
100707,20100724,  194,    0
100707,20100725,  190,    0
100707,20100726,  190,    0
100707,20100727,  190,    0
100707,20100728,  220,    0
100707,20100729,  230,    0
100707,20100730,  200,    0
100707,20100731,  203,    0
100707,20100801,  189,    0
100707,20100802,  149,    0
100707,20100803,  174,    0
100707,20100804,  200,    0
100707,20100805,  214,    0
100707,20100806,  204,    0
100707,20100807,  190,    0
100707,20100808,  252,    0
100707,20100809,  214,    0
100707,20100810,  228,    0
100707,20100811,  246,    0
100707,20100812,  192,    0
100707,20100813,  180,    0
100707,20100814,  170,    0
100707,20100815,  184,    0
100707,20100816,  190,    0
100707,20100817,  190,    0
100707,20100818,  194,    0
100707,20100819,  170,    0
100707,20100820,  190,    0
100707,20100821,  204,    0
100707,20100822,  202,    0
100707,20100823,  160,    0
100707,20100824,  177,    0
100707,20100825,  180,    0
100707,20100826,  196,    0
100707,20100827,  196,    0
100707,20100828,  176,    0
100707,20100829,  196,    0
100707,20100830,  194,    0
100707,20100831,  187,    0
100707,20100901,  216,    0
100707,20100902,  170,    0
100707,20100903,  175,    0
100707,20100904,  190,    0
100707,20100905,  185,    0
100707,20100906,  166,    0
100707,20100907,  172,    0
100707,20100908,  138,    0
100707,20100909,  154,    0
100707,20100910,  120,    0
100707,20100911,  136,    0
100707,20100912,  151,    0
100707,20100913,  191,    0
100707,20100914,  178,    0
100707,20100915,  220,    0
100707,20100916,  184,    0
100707,20100917,  158,    0
100707,20100918,  159,    0
100707,20100919,  136,    0
100707,20100920,  174,    0
100707,20100921,  158,    0
100707,20100922,  139,    0
100707,20100923,  184,    0
100707,20100924,  158,    0
100707,20100925,  122,    0
100707,20100926,  108,    0
100707,20100927,  110,    0
100707,20100928,  116,    0
100707,20100929,  102,    0
100707,20100930,  140,    0
100707,20101001,   99,    0
100707,20101002,   98,    0
100707,20101003,  135,    0
100707,20101004,  128,    0
100707,20101005,   85,    0
100707,20101006,  100,    0
100707,20101007,  136,    0
100707,20101008,  162,    0
100707,20101009,  136,    0
100707,20101010,  130,    0
100707,20101011,  108,    0
100707,20101012,  148,    0
100707,20101013,  130,    0
100707,20101014,  138,    0
100707,20101015,  134,    0
100707,20101016,   93,    0
100707,20101017,   91,    0
100707,20101018,   54,    0
100707,20101019,   34,    0
100707,20101020,   36,    0
100707,20101021,   42,    0
100707,20101022,   70,    0
100707,20101023,  102,    0
100707,20101024,   96,    0
100707,20101025,  112,    0
100707,20101026,   54,    0
100707,20101027,   24,    0
100707,20101028,   74,    0
100707,20101029,   84,    0
100707,20101030,  120,    0
100707,20101031,  105,    0
100707,20101101,   97,    0
100707,20101102,   96,    0
100707,20101103,   63,    0
100707,20101104,   76,    0
100707,20101105,   72,    0
100707,20101106,   76,    0
100707,20101107,   92,    0
100707,20101108,   77,    0
100707,20101109,   96,    0
100707,20101110,   82,    0
100707,20101111,   44,    0
100707,20101112,   54,    0
100707,20101113,   55,    0
100707,20101114,   80,    0
100707,20101115,   48,    0
100707,20101116,   22,    0
100707,20101117,   78,    0
100707,20101118,   58,    0
100707,20101119,   74,    0
100707,20101120,   96,    0
100707,20101121,   78,    0
100707,20101122,   68,    0
100707,20101123,   82,    0
100707,20101124,  106,    0
100707,20101125,   58,    0
100707,20101126,   40,    0
100707,20101127,   38,    0
100707,20101128,    4,    0
100707,20101129,   32,    0
100707,20101130,   54,    0
100707,20101201,   54,    0
100707,20101202,   46,    0
100707,20101203,   14,    0
100707,20101204,   -5,    0
100707,20101205,   76,    0
100707,20101206,  164,    0
100707,20101207,  133,    0
100707,20101208,  142,    0
100707,20101209,  132,    0
100707,20101210,  122,    0
100707,20101211,   96,    0
100707,20101212,   74,    0
100707,20101213,   94,    0
100707,20101214,   65,    0
100707,20101215,   12,    0
100707,20101216,  -19,    0
100707,20101217,  -34,    0
100707,20101218,   42,    0
100707,20101219,   75,    0
100707,20101220,   74,    0
100707,20101221,  122,    0
100707,20101222,   94,    0
100707,20101223,   40,    0
100707,20101224,   11,    0
100707,20101225,   35,    0
100707,20101226,  -14,    0
100707,20101227,  -22,    0
100707,20101228,   65,    0
100707,20101229,   80,    0
100707,20101230,   96,    0
100707,20101231,   98,    0
100707,20110101,  104,    0
100707,20110102,   88,    0
100707,20110103,   71,    0
100707,20110104,   58,    0
100707,20110105,   70,    0
100707,20110106,  142,    0
100707,20110107,  120,    0
100707,20110108,  102,    0
100707,20110109,   60,    0
100707,20110110,   26,    0
100707,20110111,  102,    0
100707,20110112,   69,    0
100707,20110113,   70,    0
100707,20110114,   62,    0
100707,20110115,   63,    0
100707,20110116,   64,    0
100707,20110117,   43,    0
100707,20110118,   62,    0
100707,20110119,   59,    0
100707,20110120,   28,    0
100707,20110121,   11,    0
100707,20110122,   -5,    0
100707,20110123,   -4,    0
100707,20110124,   23,    0
100707,20110125,   32,    0
100707,20110126,   25,    0
100707,20110127,   12,    0
100707,20110128,   54,    0
100707,20110129,   25,    0
100707,20110130,   -6,    0
100707,20110131,   20,    0
100707,20110201,   -7,    0
100707,20110202,  -10,    0
100707,20110203,  -25,    0
100707,20110204,  -22,    0
100707,20110205,  -14,    0
100707,20110206,   -7,    0
100707,20110207,   -4,    0
100707,20110208,   10,    0
100707,20110209,   24,    0
100707,20110210,   12,    0
100707,20110211,    0,    0
100707,20110212,   10,    0
100707,20110213,   21,    0
100707,20110214,   34,    0
100707,20110215,   60,    0
100707,20110216,   59,    0
100707,20110217,   66,    0
100707,20110218,   32,    0
100707,20110219,  100,    0
100707,20110220,   89,    0
100707,20110221,   83,    0
100707,20110222,   96,    0
100707,20110223,   54,    0
100707,20110224,   39,    0
100707,20110225,   53,    0
100707,20110226,   80,    0
100707,20110227,   78,    0
100707,20110228,   42,    0
100707,20110301,   16,    0
100707,20110302,   10,    0
100707,20110303,   16,    0
100707,20110304,   15,    0
100707,20110305,   32,    0
100707,20110306,   62,    0
100707,20110307,   42,    0
100707,20110308,   84,    0
100707,20110309,   76,    0
100707,20110310,   92,    0
100707,20110311,   98,    0
100707,20110312,   92,    0
100707,20110313,   78,    0
100707,20110314,   78,    0
100707,20110315,   44,    0
100707,20110316,   36,    0
100707,20110317,   80,    0
100707,20110318,   54,    0
100707,20110319,   54,    0
100707,20110320,   58,    0
100707,20110321,   64,    0
100707,20110322,   92,    0
100707,20110323,   60,    0
100707,20110324,   82,    0
100707,20110325,   89,    0
100707,20110326,   99,    0
100707,20110327,   77,    0
100707,20110328,   78,    0
100707,20110329,  115,    0
100707,20110330,   88,    0
100707,20110331,   72,    0
100707,20110401,  100,    0
100707,20110402,  105,    0
100707,20110403,   98,    0
100707,20110404,   52,    0
100707,20110405,  104,    0
100707,20110406,  165,    0
100707,20110407,  127,    0
100707,20110408,  108,    0
100707,20110409,  126,    0
100707,20110410,  100,    0
100707,20110411,  115,    0
100707,20110412,  112,    0
100707,20110413,  102,    0
100707,20110414,   92,    0
100707,20110415,  116,    0
100707,20110416,  100,    0
100707,20110417,  118,    0
100707,20110418,  102,    0
100707,20110419,  136,    0
100707,20110420,  130,    0
100707,20110421,  114,    0
100707,20110422,   96,    0
100707,20110423,  114,    0
100707,20110424,   94,    0
100707,20110425,  100,    0
100707,20110426,  113,    0
100707,20110427,  108,    0
100707,20110428,  120,    0
100707,20110429,  132,    0
100707,20110430,  128,    0
100707,20110501,  113,    0
100707,20110502,  130,    0
100707,20110503,  116,    0
100707,20110504,  100,    0
100707,20110505,  106,    0
100707,20110506,  130,    0
100707,20110507,  120,    0
100707,20110508,   80,    0
100707,20110509,  114,    0
100707,20110510,  126,    0
100707,20110511,  142,    0
100707,20110512,  146,    0
100707,20110513,  154,    0
100707,20110514,  166,    0
100707,20110515,  146,    0
100707,20110516,  158,    0
100707,20110517,  158,    0
100707,20110518,  150,    0
100707,20110519,  130,    0
100707,20110520,  128,    0
100707,20110521,  143,    0
100707,20110522,  148,    0
100707,20110523,  172,    0
100707,20110524,  162,    0
100707,20110525,  158,    0
100707,20110526,  179,    0
100707,20110527,  177,    0
100707,20110528,  168,    0
100707,20110529,  160,    0
100707,20110530,  156,    0
100707,20110531,  148,    0
100707,20110601,  152,    0
100707,20110602,  110,    0
100707,20110603,  134,    0
100707,20110604,  150,    0
100707,20110605,  152,    0
100707,20110606,  148,    0
100707,20110607,  140,    0
100707,20110608,  108,    0
100707,20110609,  102,    0
100707,20110610,  120,    0
100707,20110611,  126,    0
100707,20110612,  134,    0
100707,20110613,  136,    0
100707,20110614,  136,    0
100707,20110615,  132,    0
100707,20110616,  152,    0
100707,20110617,  124,    0
100707,20110618,  145,    0
100707,20110619,  140,    0
100707,20110620,  176,    0
100707,20110621,  166,    0
100707,20110622,  162,    0
100707,20110623,  120,    0
100707,20110624,  148,    0
100707,20110625,  175,    0
100707,20110626,  222,    0
100707,20110627,  204,    0
100707,20110628,  176,    0
100707,20110629,  150,    0
100707,20110630,  166,    0
100707,20110701,  185,    0
100707,20110702,  174,    0
100707,20110703,  160,    0
100707,20110704,  146,    0
100707,20110705,  144,    0
100707,20110706,  162,    0
100707,20110707,  137,    0
100707,20110708,  125,    0
100707,20110709,  166,    0
100707,20110710,  160,    0
100707,20110711,  139,    0
100707,20110712,  162,    0
100707,20110713,  144,    0
100707,20110714,  174,    0
100707,20110715,  172,    0
100707,20110716,  165,    0
100707,20110717,  178,    0
100707,20110718,  135,    0
100707,20110719,  176,    0
100707,20110720,  162,    0
100707,20110721,  179,    0
100707,20110722,  157,    0
100707,20110723,  156,    0
100707,20110724,  154,    0
100707,20110725,  194,    0
100707,20110726,  208,    0
100707,20110727,  198,    0
100707,20110728,  220,    0
100707,20110729,  220,    0
100707,20110730,  157,    0
100707,20110731,  154,    0
100707,20110801,  158,    0
100707,20110802,  170,    0
100707,20110803,  135,    0
100707,20110804,  166,    0
100707,20110805,  193,    0
100707,20110806,  192,    0
100707,20110807,  180,    0
100707,20110808,  175,    0
100707,20110809,  176,    0
100707,20110810,  198,    0
100707,20110811,  217,    0
100707,20110812,  226,    0
100707,20110813,  198,    0
100707,20110814,  176,    0
100707,20110815,  182,    0
100707,20110816,  172,    0
100707,20110817,  157,    0
100707,20110818,  161,    0
100707,20110819,  183,    0
100707,20110820,  242,    0
100707,20110821,  194,    0
100707,20110822,  185,    0
100707,20110823,  178,    0
100707,20110824,  144,    0
100707,20110825,  152,    0
100707,20110826,  165,    0
100707,20110827,  136,    0
100707,20110828,  138,    0
100707,20110829,  135,    0
100707,20110830,  135,    0
100707,20110831,  185,    0
100707,20110901,  156,    0
100707,20110902,  138,    0
100707,20110903,  150,    0
100707,20110904,  151,    0
100707,20110905,  128,    0
100707,20110906,  145,    0
100707,20110907,  155,    0
100707,20110908,  150,    0
100707,20110909,  150,    0
100707,20110910,  154,    0
100707,20110911,  158,    0
100707,20110912,  159,    0
100707,20110913,  165,    0
100707,20110914,  174,    0
100707,20110915,  179,    0
100707,20110916,  203,    0
100707,20110917,  162,    0
100707,20110918,  136,    0
100707,20110919,  119,    0
100707,20110920,  102,    0
100707,20110921,  155,    0
100707,20110922,  144,    0
100707,20110923,  145,    0
100707,20110924,  117,    0
100707,20110925,  112,    0
100707,20110926,  104,    0
100707,20110927,  142,    0
100707,20110928,  167,    0
100707,20110929,  129,    0
100707,20110930,  139,    0
100707,20111001,  161,    0
100707,20111002,  154,    0
100707,20111003,  123,    0
100707,20111004,  108,    0
100707,20111005,  107,    0
100707,20111006,  122,    0
100707,20111007,  150,    0
100707,20111008,  125,    0
100707,20111009,   82,    0
100707,20111010,  103,    0
100707,20111011,  100,    0
100707,20111012,   98,    0
100707,20111013,  105,    0
100707,20111014,  116,    0
100707,20111015,   99,    0
100707,20111016,  119,    0
100707,20111017,  110,    0
100707,20111018,  100,    0
100707,20111019,   96,    0
100707,20111020,   98,    0
100707,20111021,   89,    0
100707,20111022,  112,    0
100707,20111023,  135,    0
100707,20111024,  102,    0
100707,20111025,   98,    0
100707,20111026,   98,    0
100707,20111027,  119,    0
100707,20111028,   99,    0
100707,20111029,   72,    0
100707,20111030,   88,    0
100707,20111031,  101,    0
100707,20111101,  151,    0
100707,20111102,  153,    0
100707,20111103,  100,    0
100707,20111104,   96,    0
100707,20111105,   82,    0
100707,20111106,   72,    0
100707,20111107,   50,    0
100707,20111108,   45,    0
100707,20111109,  135,    0
100707,20111110,  133,    0
100707,20111111,  127,    0
100707,20111112,  117,    0
100707,20111113,  145,    0
100707,20111114,  106,    0
100707,20111115,  100,    0
100707,20111116,   83,    0
100707,20111117,   55,    0
100707,20111118,   50,    0
100707,20111119,   94,    0
100707,20111120,   79,    0
100707,20111121,   90,    0
100707,20111122,   62,    0
100707,20111123,   69,    0
100707,20111124,   51,    0
100707,20111125,   54,    0
100707,20111126,   30,    0
100707,20111127,   24,    0
100707,20111128,   11,    0
100707,20111129,   10,    0
100707,20111130,   13,    0
100707,20111201,   24,    0
100707,20111202,   73,    0
100707,20111203,   32,    0
100707,20111204,    1,    0
100707,20111205,   75,    0
100707,20111206,   76,    0
100707,20111207,   60,    0
100707,20111208,   62,    0
100707,20111209,   57,    0
100707,20111210,   65,    0
100707,20111211,   82,    0
100707,20111212,   60,    0
100707,20111213,   86,    0
100707,20111214,   83,    0
100707,20111215,   56,    0
100707,20111216,   88,    0
100707,20111217,   45,    0
100707,20111218,    2,    0
100707,20111219,  -12,    0
100707,20111220,  -22,    0
100707,20111221,    3,    0
100707,20111222,    9,    0
100707,20111223,   15,    0
100707,20111224,   25,    0
100707,20111225,  -15,    0
100707,20111226,   -9,    0
100707,20111227,   -9,    0
100707,20111228,  -15,    0
100707,20111229,  -21,    0
100707,20111230,  -22,    0
100707,20111231,  -16,    0
100707,20120101,    7,    0
100707,20120102,   55,    0
100707,20120103,  -12,    0
100707,20120104,  -20,    0
100707,20120105,  -15,    0
100707,20120106,   13,    0
100707,20120107,   21,    0
100707,20120108,  -20,    0
100707,20120109,  -25,    0
100707,20120110,  -24,    0
100707,20120111,   -1,    0
100707,20120112,  -10,    0
100707,20120113,  -11,    0
100707,20120114,    3,    0
100707,20120115,   52,    0
100707,20120116,   42,    0
100707,20120117,   22,    0
100707,20120118,  -11,    0
100707,20120119,  -14,    0
100707,20120120,  -13,    0
100707,20120121,  -14,    0
100707,20120122,  -15,    0
100707,20120123,   -6,    0
100707,20120124,   -4,    0
100707,20120125,   -6,    0
100707,20120126,    2,    0
100707,20120127,   53,    0
100707,20120128,   26,    0
100707,20120129,  -15,    0
100707,20120130,  -24,    0
100707,20120131,  -31,    0
100707,20120201,  -14,    0
100707,20120202,    9,    0
100707,20120203,  -24,    0
100707,20120204,  -49,    0
100707,20120205,  -32,    0
100707,20120206,   48,    0
100707,20120207,   42,    0
100707,20120208,   -5,    0
100707,20120209,  -56,    0
100707,20120210,  -43,    0
100707,20120211,  -24,    0
100707,20120212,  -38,    0
100707,20120213,  -42,    0
100707,20120214,  -28,    0
100707,20120215,   -8,    0
100707,20120216,  -38,    0
100707,20120217,   -1,    0
100707,20120218,  -28,    0
100707,20120219,  -18,    0
100707,20120220,  -15,    0
100707,20120221,  -46,    0
100707,20120222,  -40,    0
100707,20120223,  -37,    0
100707,20120224,  -33,    0
100707,20120225,  -22,    0
100707,20120226,   -9,    0
100707,20120227,   25,    0
100707,20120228,    8,    0
100707,20120229,   14,    0
100707,20120301,   19,    0
100707,20120302,   28,    0
100707,20120303,   61,    0
100707,20120304,   62,    0
100707,20120305,   58,    0
100707,20120306,   64,    0
100707,20120307,   38,    0
100707,20120308,   24,    0
100707,20120309,   48,    0
100707,20120310,   27,    0
100707,20120311,   13,    0
100707,20120312,   27,    0
100707,20120313,   33,    0
100707,20120314,   40,    0
100707,20120315,   69,    0
100707,20120316,   60,    0
100707,20120317,   58,    0
100707,20120318,   36,    0
100707,20120319,   36,    0
100707,20120320,   31,    0
100707,20120321,   21,    0
100707,20120322,    1,    0
100707,20120323,   68,    0
100707,20120324,   87,    0
100707,20120325,   87,    0
100707,20120326,   98,    0
100707,20120327,   72,    0
100707,20120328,   79,    0
100707,20120329,   72,    0
100707,20120330,   84,    0
100707,20120331,  113,    0
100707,20120401,  114,    0
100707,20120402,  109,    0
100707,20120403,  115,    0
100707,20120404,   74,    0
100707,20120405,   58,    0
100707,20120406,   39,    0
100707,20120407,   21,    0
100707,20120408,   26,    0
100707,20120409,   53,    0
100707,20120410,   96,    0
100707,20120411,   69,    0
100707,20120412,   85,    0
100707,20120413,   63,    0
100707,20120414,   81,    0
100707,20120415,   55,    0
100707,20120416,   68,    0
100707,20120417,   62,    0
100707,20120418,   75,    0
100707,20120419,  101,    0
100707,20120420,   92,    0
100707,20120421,  113,    0
100707,20120422,   88,    0
100707,20120423,   78,    0
100707,20120424,   73,    0
100707,20120425,   70,    0
100707,20120426,   99,    0
100707,20120427,   88,    0
100707,20120428,   89,    0
100707,20120429,   75,    0
100707,20120430,   68,    0
100707,20120501,   55,    0
100707,20120502,   76,    0
100707,20120503,  121,    0
100707,20120504,  117,    0
100707,20120505,  120,    0
100707,20120506,   93,    0
100707,20120507,  116,    0
100707,20120508,  159,    0
100707,20120509,  107,    0
100707,20120510,  155,    0
100707,20120511,  166,    0
100707,20120512,  192,    0
100707,20120513,  186,    0
100707,20120514,  174,    0
100707,20120515,  141,    0
100707,20120516,  158,    0
100707,20120517,  171,    0
100707,20120518,  114,    0
100707,20120519,  124,    0
100707,20120520,   99,    0
100707,20120521,   92,    0
100707,20120522,  104,    0
100707,20120523,  134,    0
100707,20120524,  156,    0
100707,20120525,  145,    0
100707,20120526,  114,    0
100707,20120527,  108,    0
100707,20120528,  126,    0
100707,20120529,  117,    0
100707,20120530,  143,    0
100707,20120531,  151,    0
100707,20120601,  211,    0
100707,20120602,  188,    0
100707,20120603,  173,    0
100707,20120604,  142,    0
100707,20120605,  157,    0
100707,20120606,  171,    0
100707,20120607,  158,    0
100707,20120608,  135,    0
100707,20120609,  112,    0
100707,20120610,  185,    0
100707,20120611,  148,    0
100707,20120612,  116,    0
100707,20120613,  143,    0
100707,20120614,  127,    0
100707,20120615,  143,    0
100707,20120616,  155,    0
100707,20120617,  179,    0
100707,20120618,  178,    0
100707,20120619,  141,    0
100707,20120620,  137,    0
100707,20120621,  189,    0
100707,20120622,  134,    0
100707,20120623,  126,    0
100707,20120624,  174,    0
100707,20120625,  206,    0
100707,20120626,  213,    0
100707,20120627,  250,    0
100707,20120628,  194,    0
100707,20120629,  146,    0
100707,20120630,  156,    0
100707,20120701,  140,    0
100707,20120702,  151,    0
100707,20120703,  166,    0
100707,20120704,  171,    0
100707,20120705,  147,    0
100707,20120706,  150,    0
100707,20120707,  159,    0
100707,20120708,  145,    0
100707,20120709,  146,    0
100707,20120710,  144,    0
100707,20120711,  137,    0
100707,20120712,  145,    0
100707,20120713,  140,    0
100707,20120714,  177,    0
100707,20120715,  154,    0
100707,20120716,  179,    0
100707,20120717,  205,    0
100707,20120718,  220,    0
100707,20120719,  211,    0
100707,20120720,  167,    0
100707,20120721,  187,    0
100707,20120722,  199,    0
100707,20120723,  190,    0
100707,20120724,  220,    0
100707,20120725,  218,    0
100707,20120726,  222,    0
100707,20120727,  190,    0
100707,20120728,  174,    0
100707,20120729,  171,    0
100707,20120730,  173,    0
100707,20120731,  163,    0
100707,20120801,  162,    0
100707,20120802,  188,    0
100707,20120803,  155,    0
100707,20120804,  164,    0
100707,20120805,  178,    0
100707,20120806,  150,    0
100707,20120807,  156,    0
100707,20120808,  183,    0
100707,20120809,  201,    0
100707,20120810,  233,    0
100707,20120811,  206,    0
100707,20120812,  187,    0
100707,20120813,  161,    0
100707,20120814,  177,    0
100707,20120815,  193,    0
100707,20120816,  178,    0
100707,20120817,  197,    0
100707,20120818,  185,    0
100707,20120819,  204,    0
100707,20120820,  222,    0
100707,20120821,  232,    0
100707,20120822,  189,    0
100707,20120823,  175,    0
100707,20120824,  158,    0
100707,20120825,  201,    0
100707,20120826,  152,    0
100707,20120827,  169,    0
100707,20120828,  170,    0
100707,20120829,  173,    0
100707,20120830,  158,    0
100707,20120831,  176,    0
100707,20120901,  141,    0
100707,20120902,  163,    0
100707,20120903,  124,    0
100707,20120904,  152,    0
100707,20120905,  157,    0
100707,20120906,  163,    0
100707,20120907,  201,    0
100707,20120908,  203,    0
100707,20120909,  189,    0
100707,20120910,  174,    0
100707,20120911,  169,    0
100707,20120912,  192,    0
100707,20120913,  191,    0
100707,20120914,  147,    0
100707,20120915,  124,    0
100707,20120916,  160,    0
100707,20120917,  170,    0
100707,20120918,  199,    0
100707,20120919,  181,    0
100707,20120920,  185,    0
100707,20120921,  193,    0
100707,20120922,  165,    0
100707,20120923,  174,    0
100707,20120924,  153,    0
100707,20120925,  151,    0
100707,20120926,  146,    0
100707,20120927,  148,    0
100707,20120928,  155,    0
100707,20120929,  157,    0
100707,20120930,  132,    0
100707,20121001,  127,    0
100707,20121002,  134,    0
100707,20121003,  130,    0
100707,20121004,  136,    0
100707,20121005,  125,    0
100707,20121006,  150,    0
100707,20121007,  130,    0
100707,20121008,  141,    0
100707,20121009,  162,    0
100707,20121010,  189,    0
100707,20121011,  175,    0
100707,20121012,  151,    0
100707,20121013,  107,    0
100707,20121014,  128,    0
100707,20121015,   99,    0
100707,20121016,   96,    0
100707,20121017,   77,    0
100707,20121018,  113,    0
100707,20121019,  109,    0
100707,20121020,   90,    0
100707,20121021,   85,    0
100707,20121022,  160,    0
100707,20121023,  136,    0
100707,20121024,  144,    0
100707,20121025,  137,    0
100707,20121026,  146,    0
100707,20121027,  138,    0
100707,20121028,   72,    0
100707,20121029,   36,    0
100707,20121030,  106,    0
100707,20121031,   84,    0
100707,20121101,  107,    0
100707,20121102,  101,    0
100707,20121103,  136,    0
100707,20121104,  107,    0
100707,20121105,   69,    0
100707,20121106,   88,    0
100707,20121107,   92,    0
100707,20121108,  136,    0
100707,20121109,   96,    0
100707,20121110,   85,    0
100707,20121111,   78,    0
100707,20121112,   66,    0
100707,20121113,   47,    0
100707,20121114,   47,    0
100707,20121115,  110,    0
100707,20121116,  128,    0
100707,20121117,  128,    0
100707,20121118,  114,    0
100707,20121119,   82,    0
100707,20121120,   70,    0
100707,20121121,   98,    0
100707,20121122,   85,    0
100707,20121123,   72,    0
100707,20121124,  105,    0
100707,20121125,  115,    0
100707,20121126,   74,    0
100707,20121127,   49,    0
100707,20121128,   32,    0
100707,20121129,   49,    0
100707,20121130,   49,    0
100707,20121201,   34,    0
100707,20121202,   -5,    0
100707,20121203,  -12,    0
100707,20121204,   55,    0
100707,20121205,   58,    0
100707,20121206,   49,    0
100707,20121207,   95,    0
100707,20121208,   56,    0
100707,20121209,   25,    0
100707,20121210,   27,    0
100707,20121211,    8,    0
100707,20121212,   10,    0
100707,20121213,   37,    0
100707,20121214,  116,    0
100707,20121215,  130,    0
100707,20121216,  127,    0
100707,20121217,  128,    0
100707,20121218,  132,    0
100707,20121219,   96,    0
100707,20121220,  109,    0
100707,20121221,   90,    0
100707,20121222,   76,    0
100707,20121223,   59,    0
100707,20121224,   58,    0
100707,20121225,   85,    0
100707,20121226,   38,    0
100707,20121227,   17,    0
100707,20121228,   32,    0
100707,20121229,   31,    0
100707,20121230,    9,    0
100707,20121231,   54,    0
100707,20130101,   58,    0
100707,20130102,   16,    0
100707,20130103,   28,    0
100707,20130104,   21,    0
100707,20130105,    4,    0
100707,20130106,    1,    0
100707,20130107,   52,    0
100707,20130108,   82,    0
100707,20130109,   62,    0
100707,20130110,  100,    0
100707,20130111,  111,    0
100707,20130112,  102,    0
100707,20130113,   62,    0
100707,20130114,   41,    0
100707,20130115,   47,    0
100707,20130116,   75,    0
100707,20130117,   87,    0
100707,20130118,  133,    0
100707,20130119,   71,    0
100707,20130120,   60,    0
100707,20130121,   56,    0
100707,20130122,   48,    0
100707,20130123,   42,    0
100707,20130124,   86,    0
100707,20130125,   89,    0
100707,20130126,  104,    0
100707,20130127,   84,    0
100707,20130128,   41,    0
100707,20130129,   17,    0
100707,20130130,   35,    0
100707,20130131,   28,    0
100707,20130201,   39,    0
100707,20130202,   63,    0
100707,20130203,   32,    0
100707,20130204,    9,    0
100707,20130205,   34,    0
100707,20130206,   47,    0
100707,20130207,   26,    0
100707,20130208,   33,    0
100707,20130209,   25,    0
100707,20130210,   11,    0
100707,20130211,   60,    0
100707,20130212,   58,    0
100707,20130213,   88,    0
100707,20130214,   37,    0
100707,20130215,   25,    0
100707,20130216,   27,    0
100707,20130217,   92,    0
100707,20130218,   80,    0
100707,20130219,   51,    0
100707,20130220,   32,    0
100707,20130221,   97,    0
100707,20130222,   78,    0
100707,20130223,   44,    0
100707,20130224,   18,    0
100707,20130225,   20,    0
100707,20130226,    1,    0
100707,20130227,   -8,    0
100707,20130228,   34,    0
100707,20130301,   22,    0
100707,20130302,   20,    0
100707,20130303,   83,    0
100707,20130304,   94,    0
100707,20130305,  111,    0
100707,20130306,  119,    0
100707,20130307,  139,    0
100707,20130308,  114,    0
100707,20130309,  104,    0
100707,20130310,   73,    0
100707,20130311,  100,    0
100707,20130312,   87,    0
100707,20130313,   37,    0
100707,20130314,   25,    0
100707,20130315,   28,    0
100707,20130316,   96,    0
100707,20130317,   78,    0
100707,20130318,   42,    0
100707,20130319,   50,    0
100707,20130320,   64,    0
100707,20130321,   56,    0
100707,20130322,  100,    0
100707,20130323,   82,    0
100707,20130324,   82,    0
100707,20130325,   90,    0
100707,20130326,  137,    0
100707,20130327,  124,    0
100707,20130328,  112,    0
100707,20130329,  133,    0
100707,20130330,  120,    0
100707,20130331,  117,    0
100707,20130401,  110,    0
100707,20130402,   82,    0
100707,20130403,   89,    0
100707,20130404,   68,    0
100707,20130405,   69,    0
100707,20130406,   34,    0
100707,20130407,   61,    0
100707,20130408,   95,    0
100707,20130409,   89,    0
100707,20130410,  131,    0
100707,20130411,   99,    0
100707,20130412,   74,    0
100707,20130413,   66,    0
100707,20130414,   99,    0
100707,20130415,  123,    0
100707,20130416,  115,    0
100707,20130417,  130,    0
100707,20130418,  108,    0
100707,20130419,   97,    0
100707,20130420,   93,    0
100707,20130421,   80,    0
100707,20130422,  108,    0
100707,20130423,   98,    0
100707,20130424,  102,    0
100707,20130425,   95,    0
100707,20130426,  122,    0
100707,20130427,   82,    0
100707,20130428,   61,    0
100707,20130429,   67,    0
100707,20130430,   60,    0
100707,20130501,   90,    0
100707,20130502,   61,    0
100707,20130503,   86,    0
100707,20130504,   99,    0
100707,20130505,  112,    0
100707,20130506,  120,    0
100707,20130507,  149,    0
100707,20130508,  168,    0
100707,20130509,  152,    0
100707,20130510,  123,    0
100707,20130511,   96,    0
100707,20130512,  102,    0
100707,20130513,  130,    0
100707,20130514,  127,    0
100707,20130515,  106,    0
100707,20130516,   87,    0
100707,20130517,   87,    0
100707,20130518,   82,    0
100707,20130519,   70,    0
100707,20130520,   73,    0
100707,20130521,   86,    0
100707,20130522,  129,    0
100707,20130523,  126,    0
100707,20130524,  135,    0
100707,20130525,  140,    0
100707,20130526,  107,    0
100707,20130527,   88,    0
100707,20130528,  115,    0
100707,20130529,   87,    0
100707,20130530,   93,    0
100707,20130531,  127,    0
100707,20130601,  123,    0
100707,20130602,  122,    0
100707,20130603,  147,    0
100707,20130604,  152,    0
100707,20130605,  161,    0
100707,20130606,  143,    0
100707,20130607,  133,    0
100707,20130608,  122,    0
100707,20130609,  125,    0
100707,20130610,  140,    0
100707,20130611,  120,    0
100707,20130612,  163,    0
100707,20130613,  158,    0
100707,20130614,  154,    0
100707,20130615,  124,    0
100707,20130616,  134,    0
100707,20130617,  147,    0
100707,20130618,  133,    0
100707,20130619,  126,    0
100707,20130620,  129,    0
100707,20130621,  152,    0
100707,20130622,  152,    0
100707,20130623,  187,    0
100707,20130624,  174,    0
100707,20130625,  196,    0
100707,20130626,  203,    0
100707,20130627,  198,    0
100707,20130628,  215,    0
100707,20130629,  195,    0
100707,20130630,  185,    0
100707,20130701,  214,    0
100707,20130702,  158,    0
100707,20130703,  167,    0
100707,20130704,  216,    0
100707,20130705,  234,    0
100707,20130706,  233,    0
100707,20130707,  225,    0
100707,20130708,  231,    0
100707,20130709,  252,    0
100707,20130710,  223,    0
100707,20130711,  178,    0
100707,20130712,  182,    0
100707,20130713,  184,    0
100707,20130714,  173,    0
100707,20130715,  179,    0
100707,20130716,  190,    0
100707,20130717,  177,    0
100707,20130718,  178,    0
100707,20130719,  186,    0
100707,20130720,  166,    0
100707,20130721,  162,    0
100707,20130722,  173,    0
100707,20130723,  173,    0
100707,20130724,  174,    0
100707,20130725,  191,    0
100707,20130726,  171,    0
100707,20130727,  174,    0
100707,20130728,  158,    0
100707,20130729,  156,    0
100707,20130730,  170,    0
100707,20130731,  182,    0
100707,20130801,  193,    0
100707,20130802,  187,    0
100707,20130803,  148,    0
100707,20130804,  157,    0
100707,20130805,  161,    0
100707,20130806,  176,    0
100707,20130807,  160,    0
100707,20130808,  160,    0
100707,20130809,  170,    0
100707,20130810,  181,    0
100707,20130811,  197,    0
100707,20130812,  207,    0
100707,20130813,  170,    0
100707,20130814,  198,    0
100707,20130815,  221,    0
100707,20130816,  191,    0
100707,20130817,  178,    0
100707,20130818,  198,    0
100707,20130819,  213,    0
100707,20130820,  228,    0
100707,20130821,  229,    0
100707,20130822,  211,    0
100707,20130823,  169,    0
100707,20130824,  189,    0
100707,20130825,  200,    0
100707,20130826,  182,    0
100707,20130827,  195,    0
100707,20130828,  192,    0
100707,20130829,  183,    0
100707,20130830,  176,    0
100707,20130831,  163,    0
100707,20130901,  178,    0
100707,20130902,  174,    0
100707,20130903,  182,    0
100707,20130904,  185,    0
100707,20130905,  184,    0
100707,20130906,  177,    0
100707,20130907,  189,    0
100707,20130908,  142,    0
100707,20130909,  137,    0
100707,20130910,  149,    0
100707,20130911,  150,    0
100707,20130912,  178,    0
100707,20130913,  177,    0
100707,20130914,  171,    0
100707,20130915,  172,    0
100707,20130916,  167,    0
100707,20130917,  149,    0
100707,20130918,  168,    0
100707,20130919,  145,    0
100707,20130920,  143,    0
100707,20130921,  146,    0
100707,20130922,  162,    0
100707,20130923,  166,    0
100707,20130924,  202,    0
100707,20130925,  162,    0
100707,20130926,  168,    0
100707,20130927,  194,    0
100707,20130928,  184,    0
100707,20130929,  182,    0
100707,20130930,  200,    0
100707,20131001,  203,    0
100707,20131002,  196,    0
100707,20131003,  187,    0
100707,20131004,  158,    0
100707,20131005,  146,    0
100707,20131006,  131,    0
100707,20131007,  125,    0
100707,20131008,  123,    0
100707,20131009,  116,    0
100707,20131010,  120,    0
100707,20131011,  115,    0
100707,20131012,  127,    0
100707,20131013,  145,    0
100707,20131014,  117,    0
100707,20131015,  143,    0
100707,20131016,  112,    0
100707,20131017,  114,    0
100707,20131018,  109,    0
100707,20131019,  158,    0
100707,20131020,  137,    0
100707,20131021,  139,    0
100707,20131022,  151,    0
100707,20131023,  161,    0
100707,20131024,  167,    0
100707,20131025,  123,    0
100707,20131026,  121,    0
100707,20131027,   92,    0
100707,20131028,  113,    0
100707,20131029,   91,    0
100707,20131030,   69,    0
100707,20131031,   56,    0
100707,20131101,   49,    0
100707,20131102,   75,    0
100707,20131103,  112,    0
100707,20131104,  102,    0
100707,20131105,  139,    0
100707,20131106,  113,    0
100707,20131107,  112,    0
100707,20131108,  111,    0
100707,20131109,   76,    0
100707,20131110,   76,    0
100707,20131111,   65,    0
100707,20131112,   73,    0
100707,20131113,   87,    0
100707,20131114,   94,    0
100707,20131115,   60,    0
100707,20131116,   30,    0
100707,20131117,   33,    0
100707,20131118,   65,    0
100707,20131119,   58,    0
100707,20131120,   41,    0
100707,20131121,    1,    0
100707,20131122,   53,    0
100707,20131123,   29,    0
100707,20131124,   -1,    0
100707,20131125,   12,    0
100707,20131126,  -15,    0
100707,20131127,    2,    0
100707,20131128,   -6,    0
100707,20131129,    4,    0
100707,20131130,  -13,    0
100707,20131201,   15,    0
100707,20131202,  -11,    0
100707,20131203,  -11,    0
100707,20131204,    2,    0
100707,20131205,    4,    0
100707,20131206,  -12,    0
100707,20131207,  -15,    0
100707,20131208,  -23,    0
100707,20131209,  -19,    0
100707,20131210,    3,    0
100707,20131211,   43,    0
100707,20131212,   54,    0
100707,20131213,   97,    0
100707,20131214,   63,    0
100707,20131215,   18,    0
100707,20131216,   19,    0
100707,20131217,   66,    0
100707,20131218,   85,    0
100707,20131219,   60,    0
100707,20131220,   20,    0
100707,20131221,  -16,    0
100707,20131222,   -9,    0
100707,20131223,    3,    0
100707,20131224,  109,    0
100707,20131225,   69,    0
100707,20131226,   70,    0
100707,20131227,  122,    0
100707,20131228,   53,    0
100707,20131229,   16,    0
100707,20131230,    4,    0
100707,20131231,   55,    0
100707,20140101,   94,    0
100707,20140102,  133,    0
100707,20140103,  122,    0
100707,20140104,   72,    0
100707,20140105,   74,    0
100707,20140106,   78,    0
100707,20140107,  106,    0
100707,20140108,   76,    0
100707,20140109,   69,    0
100707,20140110,   65,    0
100707,20140111,   50,    0
100707,20140112,   82,    0
100707,20140113,   87,    0
100707,20140114,   91,    0
100707,20140115,  103,    0
100707,20140116,   72,    0
100707,20140117,   70,    0
100707,20140118,   76,    0
100707,20140119,   62,    0
100707,20140120,   47,    0
100707,20140121,   78,    0
100707,20140122,   81,    0
100707,20140123,   52,    0
100707,20140124,   40,    0
100707,20140125,   71,    0
100707,20140126,   62,    0
100707,20140127,   80,    0
100707,20140128,   63,    0
100707,20140129,   60,    0
100707,20140130,   32,    0
100707,20140131,   97,    0
100707,20140201,   48,    0
100707,20140202,   20,    0
100707,20140203,   52,    0
100707,20140204,   72,    0
100707,20140205,  110,    0
100707,20140206,   89,    0
100707,20140207,   63,    0
100707,20140208,   80,    0
100707,20140209,   58,    0
100707,20140210,   57,    0
100707,20140211,   62,    0
100707,20140212,   95,    0
100707,20140213,  142,    0
100707,20140214,   99,    0
100707,20140215,   79,    0
100707,20140216,   39,    0
100707,20140217,   27,    0
100707,20140218,   67,    0
100707,20140219,   48,    0
100707,20140220,   92,    0
100707,20140221,   60,    0
100707,20140222,   28,    0
100707,20140223,   36,    0
100707,20140224,   83,    0
100707,20140225,   80,    0
100707,20140226,   70,    0
100707,20140227,   98,    0
100707,20140228,   86,    0
100707,20140301,  108,    0
100707,20140302,  120,    0
100707,20140303,   84,    0
100707,20140304,   65,    0
100707,20140305,  111,    0
100707,20140306,   49,    0
100707,20140307,   64,    0
100707,20140308,   76,    0
100707,20140309,   77,    0
100707,20140310,   56,    0
100707,20140311,   40,    0
100707,20140312,   56,    0
100707,20140313,   56,    0
100707,20140314,   53,    0
100707,20140315,   32,    0
100707,20140316,   44,    0
100707,20140317,   51,    0
100707,20140318,   80,    0
100707,20140319,   70,    0
100707,20140320,   98,    0
100707,20140321,   87,    0
100707,20140322,   66,    0
100707,20140323,   42,    0
100707,20140324,   64,    0
100707,20140325,   65,    0
100707,20140326,   56,    0
100707,20140327,   48,    0
100707,20140328,   76,    0
100707,20140329,   80,    0
100707,20140330,   56,    0
100707,20140331,  111,    0
100707,20140401,  110,    0
100707,20140402,   99,    0
100707,20140403,   63,    0
100707,20140404,   71,    0
100707,20140405,  138,    0
100707,20140406,  122,    0
100707,20140407,  113,    0
100707,20140408,  121,    0
100707,20140409,  143,    0
100707,20140410,  133,    0
100707,20140411,  124,    0
100707,20140412,  122,    0
100707,20140413,  126,    0
100707,20140414,  134,    0
100707,20140415,  105,    0
100707,20140416,  114,    0
100707,20140417,  129,    0
100707,20140418,  149,    0
100707,20140419,  123,    0
100707,20140420,  100,    0
100707,20140421,  120,    0
100707,20140422,   95,    0
100707,20140423,  102,    0
100707,20140424,   95,    0
100707,20140425,   71,    0
100707,20140426,  101,    0
100707,20140427,   89,    0
100707,20140428,  100,    0
100707,20140429,  101,    0
100707,20140430,  141,    0
100707,20140501,  130,    0
100707,20140502,  130,    0
100707,20140503,  119,    0
100707,20140504,  107,    0
100707,20140505,  123,    0
100707,20140506,  142,    0
100707,20140507,  132,    0
100707,20140508,  138,    0
100707,20140509,  132,    0
100707,20140510,  161,    0
100707,20140511,  142,    0
100707,20140512,  128,    0
100707,20140513,  132,    0
100707,20140514,  144,    0
100707,20140515,  163,    0
100707,20140516,  162,    0
100707,20140517,  142,    0
100707,20140518,  144,    0
100707,20140519,  137,    0
100707,20140520,  102,    0
100707,20140521,  110,    0
100707,20140522,  107,    0
100707,20140523,  118,    0
100707,20140524,   89,    0
100707,20140525,   84,    0
100707,20140526,   80,    0
100707,20140527,   89,    0
100707,20140528,  145,    0
100707,20140529,  118,    0
100707,20140530,  133,    0
100707,20140531,  130,    0
100707,20140601,  132,    0
100707,20140602,  148,    0
100707,20140603,  137,    0
100707,20140604,  133,    0
100707,20140605,  103,    0
100707,20140606,  145,    0
100707,20140607,  148,    0
100707,20140608,  150,    0
100707,20140609,  142,    0
100707,20140610,  149,    0
100707,20140611,  148,    0
100707,20140612,  196,    0
100707,20140613,  207,    0
100707,20140614,  236,    0
100707,20140615,  195,    0
100707,20140616,  171,    0
100707,20140617,  187,    0
100707,20140618,  188,    0
100707,20140619,  158,    0
100707,20140620,  151,    0
100707,20140621,  168,    0
100707,20140622,  148,    0
100707,20140623,  157,    0
100707,20140624,  153,    0
100707,20140625,  160,    0
100707,20140626,  158,    0
100707,20140627,  145,    0
100707,20140628,  155,    0
100707,20140629,  136,    0
100707,20140630,  145,    0
100707,20140701,  159,    0
100707,20140702,  142,    0
100707,20140703,  132,    0
100707,20140704,  162,    0
100707,20140705,  140,    0
100707,20140706,  171,    0
100707,20140707,  129,    0
100707,20140708,  147,    0
100707,20140709,  171,    0
100707,20140710,  185,    0
100707,20140711,  182,    0
100707,20140712,  180,    0
100707,20140713,  168,    0
100707,20140714,  170,    0
100707,20140715,  191,    0
100707,20140716,  208,    0
100707,20140717,  195,    0
100707,20140718,  168,    0
100707,20140719,  188,    0
100707,20140720,  156,    0
100707,20140721,  161,    0
100707,20140722,  184,    0
100707,20140723,  172,    0
100707,20140724,  157,    0
100707,20140725,  175,    0
100707,20140726,  167,    0
100707,20140727,  184,    0
100707,20140728,  189,    0
100707,20140729,  185,    0
100707,20140730,  208,    0
100707,20140731,  196,    0
100707,20140801,  181,    0
100707,20140802,  165,    0
100707,20140803,  192,    0
100707,20140804,  150,    0
100707,20140805,  157,    0
100707,20140806,  172,    0
100707,20140807,  187,    0
100707,20140808,  188,    0
100707,20140809,  190,    0
100707,20140810,  186,    0
100707,20140811,  192,    0
100707,20140812,  159,    0
100707,20140813,  187,    0
100707,20140814,  149,    0
100707,20140815,  166,    0
100707,20140816,  168,    0
100707,20140817,  169,    0
100707,20140818,  198,    0
100707,20140819,  146,    0
100707,20140820,  150,    0
100707,20140821,  164,    0
100707,20140822,  161,    0
100707,20140823,  147,    0
100707,20140824,  160,    0
100707,20140825,  165,    0
100707,20140826,  190,    0
100707,20140827,  195,    0
100707,20140828,  170,    0
100707,20140829,  183,    0
100707,20140830,  168,    0
100707,20140831,  180,    0
100707,20140901,  190,    0
100707,20140902,  211,    0
100707,20140903,  191,    0
100707,20140904,  176,    0
100707,20140905,  176,    0
100707,20140906,  204,    0
100707,20140907,  210,    0
100707,20140908,  202,    0
100707,20140909,  174,    0
100707,20140910,  163,    0
100707,20140911,  189,    0
100707,20140912,  188,    0
100707,20140913,  186,    0
100707,20140914,  177,    0
100707,20140915,  176,    0
100707,20140916,  168,    0
100707,20140917,  176,    0
100707,20140918,  176,    0
100707,20140919,  180,    0
100707,20140920,  160,    0
100707,20140921,  163,    0
100707,20140922,  147,    0
100707,20140923,  168,    0
100707,20140924,  159,    0
100707,20140925,  144,    0
100707,20140926,  143,    0
100707,20140927,  155,    0
100707,20140928,  152,    0
100707,20140929,  153,    0
100707,20140930,  153,    0
100707,20141001,  160,    0
100707,20141002,  172,    0
100707,20141003,  162,    0
100707,20141004,  173,    0
100707,20141005,  140,    0
100707,20141006,  132,    0
100707,20141007,  163,    0
100707,20141008,  186,    0
100707,20141009,  182,    0
100707,20141010,  166,    0
100707,20141011,  144,    0
100707,20141012,  137,    0
100707,20141013,  127,    0
100707,20141014,  121,    0
100707,20141015,  155,    0
100707,20141016,  185,    0
100707,20141017,  147,    0
100707,20141018,  130,    0
100707,20141019,  149,    0
100707,20141020,  142,    0
100707,20141021,  132,    0
100707,20141022,  141,    0
100707,20141023,  110,    0
100707,20141024,  113,    0
100707,20141025,  120,    0
100707,20141026,  109,    0
100707,20141027,  100,    0
100707,20141028,  120,    0
100707,20141029,  135,    0
100707,20141030,  123,    0
100707,20141031,   96,    0
100707,20141101,  108,    0
100707,20141102,  122,    0
100707,20141103,  111,    0
100707,20141104,   86,    0
100707,20141105,   65,    0
100707,20141106,   64,    0
100707,20141107,  113,    0
100707,20141108,  113,    0
100707,20141109,   85,    0
100707,20141110,   47,    0
100707,20141111,  135,    0
100707,20141112,  127,    0
100707,20141113,  148,    0
100707,20141114,   98,    0
100707,20141115,   92,    0
100707,20141116,   87,    0
100707,20141117,  100,    0
100707,20141118,   52,    0
100707,20141119,  130,    0
100707,20141120,  122,    0
100707,20141121,   99,    0
100707,20141122,  107,    0
100707,20141123,  125,    0
100707,20141124,  130,    0
100707,20141125,  123,    0
100707,20141126,   92,    0
100707,20141127,   95,    0
100707,20141128,   93,    0
100707,20141129,   64,    0
100707,20141130,   88,    0
100707,20141201,  104,    0
100707,20141202,   74,    0
100707,20141203,   61,    0
100707,20141204,   64,    0
100707,20141205,   30,    0
100707,20141206,   20,    0
100707,20141207,   22,    0
100707,20141208,    0,    0
100707,20141209,   53,    0
100707,20141210,    8,    0
100707,20141211,   -3,    0
100707,20141212,   12,    0
100707,20141213,   95,    0
100707,20141214,   78,    0
100707,20141215,   65,    0
100707,20141216,   92,    0
100707,20141217,   76,    0
100707,20141218,   69,    0
100707,20141219,   63,    0
100707,20141220,   47,    0
100707,20141221,   39,    0
100707,20141222,   29,    0
100707,20141223,   28,    0
100707,20141224,   32,    0
100707,20141225,   23,    0
100707,20141226,   -5,    0
100707,20141227,    6,    0
100707,20141228,   52,    0
100707,20141229,    1,    0
100707,20141230,  -32,    0
100707,20141231,  -31,    0
100707,20150101,  -29,    0
100707,20150102,  -27,    0
100707,20150103,  -17,    0
100707,20150104,  -19,    0
100707,20150105,  -25,    0
100707,20150106,   -1,    0
100707,20150107,   32,    0
100707,20150108,    8,    0
100707,20150109,  -24,    0
100707,20150110,  -13,    0
100707,20150111,    5,    0
100707,20150112,   -2,    0
100707,20150113,   24,    0
100707,20150114,   30,    0
100707,20150115,   39,    0
100707,20150116,   39,    0
100707,20150117,  -10,    0
100707,20150118,   60,    0
100707,20150119,   43,    0
100707,20150120,   35,    0
100707,20150121,   17,    0
100707,20150122,   56,    0
100707,20150123,   53,    0
100707,20150124,   -4,    0
100707,20150125,  -14,    0
100707,20150126,    7,    0
100707,20150127,    2,    0
100707,20150128,   16,    0
100707,20150129,   65,    0
100707,20150130,  129,    0
100707,20150131,   43,    0
100707,20150201,   23,    0
100707,20150202,   42,    0
100707,20150203,   77,    0
100707,20150204,   28,    0
100707,20150205,   14,    0
100707,20150206,    7,    0
100707,20150207,  -15,    0
100707,20150208,  -11,    0
100707,20150209,  -17,    0
100707,20150210,   37,    0
100707,20150211,   60,    0
100707,20150212,   54,    0
100707,20150213,   16,    0
100707,20150214,  106,    0
100707,20150215,   85,    0
100707,20150216,   58,    0
100707,20150217,   67,    0
100707,20150218,   38,    0
100707,20150219,   41,    0
100707,20150220,   27,    0
100707,20150221,   71,    0
100707,20150222,   50,    0
100707,20150223,   76,    0
100707,20150224,   40,    0
100707,20150225,   44,    0
100707,20150226,   57,    0
100707,20150227,   82,    0
100707,20150228,   66,    0
100707,20150301,   88,    0
100707,20150302,   97,    0
100707,20150303,   73,    0
100707,20150304,   62,    0
100707,20150305,   37,    0
100707,20150306,    5,    0
100707,20150307,   28,    0
100707,20150308,   28,    0
100707,20150309,   29,    0
100707,20150310,   40,    0
100707,20150311,   32,    0
100707,20150312,   34,    0
100707,20150313,   59,    0
100707,20150314,   72,    0
100707,20150315,   15,    0
100707,20150316,   20,    0
100707,20150317,   85,    0
100707,20150318,   83,    0
100707,20150319,   72,    0
100707,20150320,   89,    0
100707,20150321,   92,    0
100707,20150322,   99,    0
100707,20150323,   68,    0
100707,20150324,   46,    0
100707,20150325,   62,    0
100707,20150326,   61,    0
100707,20150327,   97,    0
100707,20150328,   98,    0
100707,20150329,   77,    0
100707,20150330,   90,    0
100707,20150331,   95,    0
100707,20150401,   86,    0
100707,20150402,   95,    0
100707,20150403,  109,    0
100707,20150404,  125,    0
100707,20150405,  106,    0
100707,20150406,  145,    0
100707,20150407,  121,    0
100707,20150408,  109,    0
100707,20150409,  106,    0
100707,20150410,  109,    0
100707,20150411,  105,    0
100707,20150412,  100,    0
100707,20150413,  111,    0
100707,20150414,  127,    0
100707,20150415,  109,    0
100707,20150416,  114,    0
100707,20150417,  120,    0
100707,20150418,   81,    0
100707,20150419,   80,    0
100707,20150420,   76,    0
100707,20150421,  112,    0
100707,20150422,  139,    0
100707,20150423,   98,    0
100707,20150424,  127,    0
100707,20150425,  135,    0
100707,20150426,  123,    0
100707,20150427,  114,    0
100707,20150428,  101,    0
100707,20150429,  101,    0
100707,20150430,  119,    0
100707,20150501,  131,    0
100707,20150502,  151,    0
100707,20150503,  149,    0
100707,20150504,  147,    0
100707,20150505,  112,    0
100707,20150506,   88,    0
100707,20150507,   98,    0
100707,20150508,  154,    0
100707,20150509,  127,    0
100707,20150510,  135,    0
100707,20150511,  159,    0
100707,20150512,  150,    0
100707,20150513,  182,    0
100707,20150514,  139,    0
100707,20150515,  117,    0
100707,20150516,  139,    0
100707,20150517,  143,    0
100707,20150518,  152,    0
100707,20150519,  136,    0
100707,20150520,  133,    0
100707,20150521,  123,    0
100707,20150522,  122,    0
100707,20150523,  115,    0
100707,20150524,  126,    0
100707,20150525,  153,    0
100707,20150526,  158,    0
100707,20150527,  150,    0
100707,20150528,  160,    0
100707,20150529,  197,    0
100707,20150530,  146,    0
100707,20150531,  125,    0
100707,20150601,  153,    0
100707,20150602,  126,    0
100707,20150603,  162,    0
100707,20150604,  189,    0
100707,20150605,  182,    0
100707,20150606,  186,    0
100707,20150607,  216,    0
100707,20150608,  215,    0
100707,20150609,  221,    0
100707,20150610,  188,    0
100707,20150611,  164,    0
100707,20150612,  133,    0
100707,20150613,  140,    0
100707,20150614,  137,    0
100707,20150615,  135,    0
100707,20150616,  144,    0
100707,20150617,  158,    0
100707,20150618,  166,    0
100707,20150619,  187,    0
100707,20150620,  187,    0
100707,20150621,  219,    0
100707,20150622,  182,    0
100707,20150623,  146,    0
100707,20150624,  139,    0
100707,20150625,  165,    0
100707,20150626,  192,    0
100707,20150627,  211,    0
100707,20150628,  219,    0
100707,20150629,  210,    0
100707,20150630,  207,    0
100707,20150701,  180,    0
100707,20150702,  166,    0
100707,20150703,  165,    0
100707,20150704,  155,    0
100707,20150705,  190,    0
100707,20150706,  179,    0
100707,20150707,  186,    0
100707,20150708,  173,    0
100707,20150709,  194,    0
100707,20150710,  180,    0
100707,20150711,  160,    0
100707,20150712,  149,    0
100707,20150713,  159,    0
100707,20150714,  167,    0
100707,20150715,  181,    0
100707,20150716,  174,    0
100707,20150717,  218,    0
100707,20150718,  204,    0
100707,20150719,  188,    0
100707,20150720,  190,    0
100707,20150721,  206,    0
100707,20150722,  206,    0
100707,20150723,  172,    0
100707,20150724,  187,    0
100707,20150725,  163,    0
100707,20150726,  178,    0
100707,20150727,  209,    0
100707,20150728,  196,    0
100707,20150729,  186,    0
100707,20150730,  199,    0
100707,20150731,  197,    0
100707,20150801,  162,    0
100707,20150802,  191,    0
100707,20150803,  216,    0
100707,20150804,  191,    0
100707,20150805,  162,    0
100707,20150806,  164,    0
100707,20150807,  166,    0
100707,20150808,  172,    0
100707,20150809,  193,    0
100707,20150810,  226,    0
100707,20150811,  200,    0
100707,20150812,  175,    0
100707,20150813,  154,    0
100707,20150814,  142,    0
100707,20150815,  160,    0
100707,20150816,  185,    0
100707,20150817,  185,    0
100707,20150818,  157,    0
100707,20150819,  179,    0
100707,20150820,  192,    0
100707,20150821,  213,    0
100707,20150822,  177,    0
100707,20150823,  167,    0
100707,20150824,  162,    0
100707,20150825,  149,    0
100707,20150826,  166,    0
100707,20150827,  169,    0
100707,20150828,  191,    0
100707,20150829,  193,    0
100707,20150830,  227,    0
100707,20150831,  205,    0
100707,20150901,  192,    0
100707,20150902,  158,    0
100707,20150903,  161,    0
100707,20150904,  157,    0
100707,20150905,  135,    0
100707,20150906,  151,    0
100707,20150907,  172,    0
100707,20150908,  167,    0
100707,20150909,  167,    0
100707,20150910,  182,    0
100707,20150911,  130,    0
100707,20150912,  175,    0
100707,20150913,  144,    0
100707,20150914,  152,    0
100707,20150915,  131,    0
100707,20150916,  157,    0
100707,20150917,  126,    0
100707,20150918,  129,    0
100707,20150919,  116,    0
100707,20150920,  149,    0
100707,20150921,  169,    0
100707,20150922,  129,    0
100707,20150923,  127,    0
100707,20150924,  124,    0
100707,20150925,  149,    0
100707,20150926,  159,    0
100707,20150927,  144,    0
100707,20150928,  147,    0
100707,20150929,  152,    0
100707,20150930,  115,    0
100707,20151001,  131,    0
100707,20151002,  148,    0
100707,20151003,  174,    0
100707,20151004,  207,    0
100707,20151005,  184,    0
100707,20151006,  155,    0
100707,20151007,  121,    0
100707,20151008,  110,    0
100707,20151009,  105,    0
100707,20151010,  153,    0
100707,20151011,  166,    0
100707,20151012,  173,    0
100707,20151013,  163,    0
100707,20151014,  150,    0
100707,20151015,  113,    0
100707,20151016,  143,    0
100707,20151017,  162,    0
100707,20151018,  162,    0
100707,20151019,  145,    0
100707,20151020,  164,    0
100707,20151021,  122,    0
100707,20151022,   92,    0
100707,20151023,  107,    0
100707,20151024,  140,    0
100707,20151025,  146,    0
100707,20151026,  166,    0
100707,20151027,  111,    0
100707,20151028,  131,    0
100707,20151029,  139,    0
100707,20151030,  109,    0
100707,20151031,  141,    0
100707,20151101,  135,    0
100707,20151102,  132,    0
100707,20151103,  126,    0
100707,20151104,  148,    0
100707,20151105,  147,    0
100707,20151106,  129,    0
100707,20151107,  123,    0
100707,20151108,  124,    0
100707,20151109,  100,    0
100707,20151110,   87,    0
100707,20151111,   76,    0
100707,20151112,   76,    0
100707,20151113,   74,    0
100707,20151114,   68,    0
100707,20151115,   67,    0
100707,20151116,   68,    0
100707,20151117,   57,    0
100707,20151118,   54,    0
100707,20151119,   41,    0
100707,20151120,   55,    0
100707,20151121,   73,    0
100707,20151122,   54,    0
100707,20151123,   43,    0
100707,20151124,    0,    0
100707,20151125,   61,    0
100707,20151126,   67,    0
100707,20151127,   53,    0
100707,20151128,   43,    0
100707,20151129,   15,    0
100707,20151130,   14,    0
100707,20151201,   21,    0
100707,20151202,   47,    0
100707,20151203,   39,    0
100707,20151204,   55,    0
100707,20151205,   55,    0
100707,20151206,   29,    0
100707,20151207,   46,    0
100707,20151208,   67,    0
100707,20151209,   38,    0
100707,20151210,   72,    0
100707,20151211,   40,    0
100707,20151212,   50,    0
100707,20151213,   60,    0
100707,20151214,  123,    0
100707,20151215,   80,    0
100707,20151216,   53,    0
100707,20151217,   44,    0
100707,20151218,   63,    0
100707,20151219,   28,    0
100707,20151220,   88,    0
100707,20151221,   83,    0
100707,20151222,   76,    0
100707,20151223,   64,    0
100707,20151224,   53,    0
100707,20151225,   44,    0
100707,20151226,   39,    0
100707,20151227,   64,    0
100707,20151228,   99,    0
100707,20151229,   57,    0
100707,20151230,   63,    0
100707,20151231,   76,    0
100707,20160101,   72,    0
100707,20160102,   92,    0
100707,20160103,  105,    0
100707,20160104,  116,    0
100707,20160105,   62,    0
100707,20160106,   43,    0
100707,20160107,  131,    0
100707,20160108,  132,    0
100707,20160109,   90,    0
100707,20160110,  130,    0
100707,20160111,   78,    0
100707,20160112,   37,    0
100707,20160113,   32,    0
100707,20160114,   51,    0
100707,20160115,   55,    0
100707,20160116,   11,    0
100707,20160117,    7,    0
100707,20160118,   74,    0
100707,20160119,   50,    0
100707,20160120,   83,    0
100707,20160121,   90,    0
100707,20160122,  122,    0
100707,20160123,  105,    0
100707,20160124,   85,    0
100707,20160125,   85,    0
100707,20160126,   56,    0
100707,20160127,   56,    0
100707,20160128,   81,    0
100707,20160129,   63,    0
100707,20160130,   38,    0
100707,20160131,   47,    0
100707,20160201,   71,    0
100707,20160202,   52,    0
100707,20160203,   52,    0
100707,20160204,   32,    0
100707,20160205,   38,    0
100707,20160206,   76,    0
100707,20160207,   89,    0
100707,20160208,   89,    0
100707,20160209,  118,    0
100707,20160210,  130,    0
100707,20160211,  127,    0
100707,20160212,  126,    0
100707,20160213,  139,    0
100707,20160214,   53,    0
100707,20160215,   55,    0
100707,20160216,   28,    0
100707,20160217,   -1,    0
100707,20160218,   41,    0
100707,20160219,   29,    0
100707,20160220,   24,    0
100707,20160221,   71,    0
100707,20160222,   61,    0
100707,20160223,   66,    0
100707,20160224,   66,    0
100707,20160225,   82,    0
100707,20160226,   58,    0
100707,20160227,   45,    0
100707,20160228,   40,    0
100707,20160229,   46,    0
100707,20160301,   23,    0
100707,20160302,   43,    0
100707,20160303,   55,    0
100707,20160304,   48,    0
100707,20160305,   44,    0
100707,20160306,   38,    0
100707,20160307,   68,    0
100707,20160308,   42,    0
100707,20160309,   43,    0
100707,20160310,   40,    0
100707,20160311,   37,    0
100707,20160312,    2,    0
100707,20160313,   13,    0
100707,20160314,   25,    0
100707,20160315,   82,    0
100707,20160316,   80,    0
100707,20160317,   70,    0
100707,20160318,   79,    0
100707,20160319,   79,    0
100707,20160320,   68,    0
100707,20160321,   74,    0
100707,20160322,   68,    0
100707,20160323,   68,    0
100707,20160324,   51,    0
100707,20160325,   64,    0
100707,20160326,  101,    0
100707,20160327,   82,    0
100707,20160328,   81,    0
100707,20160329,   62,    0
100707,20160330,   75,    0
100707,20160331,   63,    0
100707,20160401,   43,    0
100707,20160402,   37,    0
100707,20160403,   97,    0
100707,20160404,   86,    0
100707,20160405,   73,    0
100707,20160406,   74,    0
100707,20160407,   67,    0
100707,20160408,   87,    0
100707,20160409,   59,    0
100707,20160410,   86,    0
100707,20160411,   90,    0
100707,20160412,   99,    0
100707,20160413,   83,    0
100707,20160414,   89,    0
100707,20160415,   97,    0
100707,20160416,  120,    0
100707,20160417,   92,    0
100707,20160418,   75,    0
100707,20160419,  119,    0
100707,20160420,  112,    0
100707,20160421,   83,    0
100707,20160422,  114,    0
100707,20160423,  138,    0
100707,20160424,  109,    0
100707,20160425,   96,    0
100707,20160426,  105,    0
100707,20160427,  110,    0
100707,20160428,  104,    0
100707,20160429,  106,    0
100707,20160430,  116,    0
100707,20160501,   89,    0
100707,20160502,   80,    0
100707,20160503,   95,    0
100707,20160504,  114,    0
100707,20160505,  141,    0
100707,20160506,  122,    0
100707,20160507,   96,    0
100707,20160508,  112,    0
100707,20160509,  108,    0
100707,20160510,  106,    0
100707,20160511,   97,    0
100707,20160512,  100,    0
100707,20160513,   98,    0
100707,20160514,  107,    0
100707,20160515,  104,    0
100707,20160516,  129,    0
100707,20160517,  145,    0
100707,20160518,  116,    0
100707,20160519,  123,    0
100707,20160520,  145,    0
100707,20160521,  170,    0
100707,20160522,  141,    0
100707,20160523,   96,    0
100707,20160524,  140,    0
100707,20160525,  139,    0
100707,20160526,  140,    0
100707,20160527,  123,    0
100707,20160528,  146,    0
100707,20160529,  138,    0
100707,20160530,  114,    0
100707,20160531,  120,    0
100707,20160601,  124,    0
100707,20160602,  142,    0
100707,20160603,  153,    0
100707,20160604,  127,    0
100707,20160605,  142,    0
100707,20160606,  157,    0
100707,20160607,  162,    0
100707,20160608,  188,    0
100707,20160609,  192,    0
100707,20160610,  162,    0
100707,20160611,  133,    0
100707,20160612,  144,    0
100707,20160613,  178,    0
100707,20160614,  146,    0
100707,20160615,  149,    0
100707,20160616,  130,    0
100707,20160617,  119,    0
100707,20160618,  143,    0
100707,20160619,  150,    0
100707,20160620,  170,    0
100707,20160621,  202,    0
100707,20160622,  188,    0
100707,20160623,  195,    0
100707,20160624,  173,    0
100707,20160625,  151,    0
100707,20160626,  176,    0
100707,20160627,  201,    0
100707,20160628,  208,    0
100707,20160629,  186,    0
100707,20160630,  162,    0
100707,20160701,  161,    0
100707,20160702,  154,    0
100707,20160703,  205,    0
100707,20160704,  230,    0
100707,20160705,  215,    0
100707,20160706,  227,    0
100707,20160707,  214,    0
100707,20160708,  197,    0
100707,20160709,  210,    0
100707,20160710,  212,    0
100707,20160711,  175,    0
100707,20160712,  160,    0
100707,20160713,  154,    0
100707,20160714,  177,    0
100707,20160715,  188,    0
100707,20160716,  199,    0
100707,20160717,  218,    0
100707,20160718,  211,    0
100707,20160719,  196,    0
100707,20160720,  212,    0
100707,20160721,  163,    0
100707,20160722,  174,    0
100707,20160723,  209,    0
100707,20160724,  194,    0
100707,20160725,  214,    0
100707,20160726,  229,    0
100707,20160727,  172,    0
100707,20160728,  212,    0
100707,20160729,  217,    0
100707,20160730,  194,    0
100707,20160731,  176,    0
100707,20160801,  167,    0
100707,20160802,  187,    0
100707,20160803,  193,    0
100707,20160804,  173,    0
100707,20160805,  180,    0
100707,20160806,  220,    0
100707,20160807,  213,    0
100707,20160808,  213,    0
100707,20160809,  213,    0
100707,20160810,  204,    0
100707,20160811,  203,    0
100707,20160812,  201,    0
100707,20160813,  208,    0
100707,20160814,  195,    0
100707,20160815,  177,    0
100707,20160816,  193,    0
100707,20160817,  175,    0
100707,20160818,  160,    0
100707,20160819,  177,    0
100707,20160820,  174,    0
100707,20160821,  152,    0
100707,20160822,  187,    0
100707,20160823,  211,    0
100707,20160824,  225,    0
100707,20160825,  212,    0
100707,20160826,  215,    0
100707,20160827,  215,    0
100707,20160828,  183,    0
100707,20160829,  167,    0
100707,20160830,  156,    0
100707,20160831,  162,    0
100707,20160901,  184,    0
100707,20160902,  194,    0
100707,20160903,  210,    0
100707,20160904,  209,    0
100707,20160905,  217,    0
100707,20160906,  209,    0
100707,20160907,  208,    0
100707,20160908,  177,    0
100707,20160909,  133,    0
100707,20160910,  157,    0
100707,20160911,  171,    0
100707,20160912,  174,    0
100707,20160913,  151,    0
100707,20160914,  140,    0
100707,20160915,  134,    0
100707,20160916,  142,    0
100707,20160917,  131,    0
100707,20160918,  145,    0
100707,20160919,  117,    0
100707,20160920,  164,    0
100707,20160921,  130,    0
100707,20160922,  122,    0
100707,20160923,  110,    0
100707,20160924,  116,    0
100707,20160925,  162,    0
100707,20160926,  146,    0
100707,20160927,  173,    0
100707,20160928,  148,    0
100707,20160929,  163,    0
100707,20160930,  145,    0
100707,20161001,  150,    0
100707,20161002,  115,    0
100707,20161003,   94,    0
100707,20161004,  124,    0
100707,20161005,  117,    0
100707,20161006,  142,    0
100707,20161007,   96,    0
100707,20161008,  100,    0
100707,20161009,  129,    0
100707,20161010,   97,    0
100707,20161011,  117,    0
100707,20161012,  131,    0
100707,20161013,  118,    0
100707,20161014,  127,    0
100707,20161015,   83,    0
100707,20161016,  111,    0
100707,20161017,  147,    0
100707,20161018,  171,    0
100707,20161019,  161,    0
100707,20161020,  170,    0
100707,20161021,  147,    0
100707,20161022,  163,    0
100707,20161023,  146,    0
100707,20161024,  134,    0
100707,20161025,  152,    0
100707,20161026,  148,    0
100707,20161027,  162,    0
100707,20161028,  156,    0
100707,20161029,  143,    0
100707,20161030,  104,    0
100707,20161031,   83,    0
100707,20161101,  119,    0
100707,20161102,  116,    0
100707,20161103,  105,    0
100707,20161104,  148,    0
100707,20161105,   94,    0
100707,20161106,   63,    0
100707,20161107,   42,    0
100707,20161108,   43,    0
100707,20161109,   92,    0
100707,20161110,   76,    0
100707,20161111,   46,    0
100707,20161112,   50,    0
100707,20161113,   89,    0
100707,20161114,   80,    0
100707,20161115,   47,    0
100707,20161116,   26,    0
100707,20161117,   27,    0
100707,20161118,   44,    0
100707,20161119,   53,    0
100707,20161120,  114,    0
100707,20161121,   86,    0
100707,20161122,   51,    0
100707,20161123,   38,    0
100707,20161124,   45,    0
100707,20161125,   85,    0
100707,20161126,   81,    0
100707,20161127,   60,    0
100707,20161128,   63,    0
100707,20161129,   53,    0
100707,20161130,   66,    0
100707,20161201,   85,    0
100707,20161202,   63,    0
100707,20161203,  109,    0
100707,20161204,  111,    0
100707,20161205,   96,    0
100707,20161206,   74,    0
100707,20161207,   73,    0
100707,20161208,   70,    0
100707,20161209,   74,    0
100707,20161210,   55,    0
100707,20161211,   49,    0
100707,20161212,   51,    0
100707,20161213,   37,    0
100707,20161214,   60,    0
100707,20161215,   51,    0
100707,20161216,   72,    0
100707,20161217,   72,    0
100707,20161218,   77,    0
100707,20161219,   50,    0
100707,20161220,  -10,    0
100707,20161221,    4,    0
100707,20161222,   15,    0
100707,20161223,   11,    0
100707,20161224,   12,    0
100707,20161225,   18,    0
100707,20161226,    7,    0
100707,20161227,    2,    0
100707,20161228,    5,    0
100707,20161229,   15,    0
100707,20161230,    8,    0
100707,20161231,   -4,    0
100707,20170101,   -5,    0
100707,20170102,   53,    0
100707,20170103,   89,    0
100707,20170104,  100,    0
100707,20170105,   51,    0
100707,20170106,   37,    0
100707,20170107,    8,    0
100707,20170108,   -7,    0
100707,20170109,   -7,    0
100707,20170110,   13,    0
100707,20170111,   42,    0
100707,20170112,   24,    0
100707,20170113,   52,    0
100707,20170114,   22,    0
100707,20170115,  -27,    0
100707,20170116,  -22,    0
100707,20170117,   -7,    0
100707,20170118,  -34,    0
100707,20170119,  -29,    0
100707,20170120,   16,    0
100707,20170121,   -7,    0
100707,20170122,  -11,    0
100707,20170123,  -10,    0
100707,20170124,  -22,    0
100707,20170125,  -31,    0
100707,20170126,   24,    0
100707,20170127,   55,    0
100707,20170128,   14,    0
100707,20170129,   96,    0
100707,20170130,   85,    0
100707,20170131,   33,    0
100707,20170201,  102,    0
100707,20170202,  105,    0
100707,20170203,  100,    0
100707,20170204,  126,    0
100707,20170205,   75,    0
100707,20170206,   36,    0
100707,20170207,   59,    0
100707,20170208,   33,    0
100707,20170209,   -1,    0
100707,20170210,   38,    0
100707,20170211,   57,    0
100707,20170212,   90,    0
100707,20170213,   86,    0
100707,20170214,   65,    0
100707,20170215,   52,    0
100707,20170216,   64,    0
100707,20170217,   37,    0
100707,20170218,   34,    0
100707,20170219,   45,    0
100707,20170220,   52,    0
100707,20170221,   60,    0
100707,20170222,   70,    0
100707,20170223,   96,    0
100707,20170224,   81,    0
100707,20170225,   60,    0
100707,20170226,   74,    0
100707,20170227,   89,    0
100707,20170228,   94,    0
100707,20170301,   34,    0
100707,20170302,   34,    0
100707,20170303,   55,    0
100707,20170304,   56,    0
100707,20170305,   86,    0
100707,20170306,  112,    0
100707,20170307,   96,    0
100707,20170308,   55,    0
100707,20170309,   75,    0
100707,20170310,   81,    0
100707,20170311,   86,    0
100707,20170312,   82,    0
100707,20170313,   66,    0
100707,20170314,   86,    0
100707,20170315,  110,    0
100707,20170316,   71,    0
100707,20170317,   74,    0
100707,20170318,   40,    0
100707,20170319,   40,    0
100707,20170320,   78,    0
100707,20170321,   75,    0
100707,20170322,   45,    0
100707,20170323,   33,    0
100707,20170324,   29,    0
100707,20170325,   64,    0
100707,20170326,   82,    0
100707,20170327,   95,    0
100707,20170328,   53,    0
100707,20170329,   59,    0
100707,20170330,   74,    0
100707,20170331,  102,    0
100707,20170401,   94,    0
100707,20170402,   75,    0
100707,20170403,   58,    0
100707,20170404,   64,    0
100707,20170405,   69,    0
100707,20170406,   67,    0
100707,20170407,   63,    0
100707,20170408,   82,    0
100707,20170409,   80,    0
100707,20170410,   86,    0
100707,20170411,   82,    0
100707,20170412,   91,    0
100707,20170413,  106,    0
100707,20170414,  103,    0
100707,20170415,  104,    0
100707,20170416,  110,    0
100707,20170417,  112,    0
100707,20170418,  114,    0
100707,20170419,  127,    0
100707,20170420,  150,    0
100707,20170421,  129,    0
100707,20170422,  117,    0
100707,20170423,  132,    0
100707,20170424,  137,    0
100707,20170425,  126,    0
100707,20170426,   97,    0
100707,20170427,   81,    0
100707,20170428,  117,    0
100707,20170429,  115,    0
100707,20170430,   84,    0
100707,20170501,   62,    0
100707,20170502,   69,    0
100707,20170503,   98,    0
100707,20170504,  151,    0
100707,20170505,  121,    0
100707,20170506,   78,    0
100707,20170507,   99,    0
100707,20170508,  123,    0
100707,20170509,  123,    0
100707,20170510,  144,    0
100707,20170511,  123,    0
100707,20170512,  136,    0
100707,20170513,  134,    0
100707,20170514,  113,    0
100707,20170515,  148,    0
100707,20170516,  156,    0
100707,20170517,  165,    0
100707,20170518,  117,    0
100707,20170519,   99,    0
100707,20170520,  100,    0
100707,20170521,  187,    0
100707,20170522,  164,    0
100707,20170523,  162,    0
100707,20170524,  182,    0
100707,20170525,  179,    0
100707,20170526,  192,    0
100707,20170527,  166,    0
100707,20170528,  183,    0
100707,20170529,  167,    0
100707,20170530,  149,    0
100707,20170531,  157,    0
100707,20170601,  166,    0
100707,20170602,  157,    0
100707,20170603,  153,    0
100707,20170604,  122,    0
100707,20170605,  123,    0
100707,20170606,  155,    0
100707,20170607,  151,    0
100707,20170608,  174,    0
100707,20170609,  163,    0
100707,20170610,  170,    0
100707,20170611,  188,    0
100707,20170612,  196,    0
100707,20170613,  228,    0
100707,20170614,  204,    0
100707,20170615,  193,    0
100707,20170616,  214,    0
100707,20170617,  236,    0
100707,20170618,  221,    0
100707,20170619,  219,    0
100707,20170620,  193,    0
100707,20170621,  225,    0
100707,20170622,  194,    0
100707,20170623,  163,    0
100707,20170624,  206,    0
100707,20170625,  184,    0
100707,20170626,  153,    0
100707,20170627,  169,    0
100707,20170628,  156,    0
100707,20170629,  118,    0
100707,20170630,  115,    0
100707,20170701,  140,    0
100707,20170702,  144,    0
100707,20170703,  161,    0
100707,20170704,  188,    0
100707,20170705,  205,    0
100707,20170706,  175,    0
100707,20170707,  150,    0
100707,20170708,  169,    0
100707,20170709,  179,    0
100707,20170710,  155,    0
100707,20170711,  164,    0
100707,20170712,  176,    0
100707,20170713,  222,    0
100707,20170714,  209,    0
100707,20170715,  169,    0
100707,20170716,  181,    0
100707,20170717,  200,    0
100707,20170718,  185,    0
100707,20170719,  184,    0
100707,20170720,  152,    0
100707,20170721,  128,    0
100707,20170722,  145,    0
100707,20170723,  161,    0
100707,20170724,  181,    0
100707,20170725,  178,    0
100707,20170726,  213,    0
100707,20170727,  204,    0
100707,20170728,  178,    0
100707,20170729,  198,    0
100707,20170730,  185,    0
100707,20170731,  151,    0
100707,20170801,  156,    0
100707,20170802,  148,    0
100707,20170803,  163,    0
100707,20170804,  215,    0
100707,20170805,  203,    0
100707,20170806,  163,    0
100707,20170807,  177,    0
100707,20170808,  143,    0
100707,20170809,  144,    0
100707,20170810,  169,    0
100707,20170811,  141,    0
100707,20170812,  156,    0
100707,20170813,  183,    0
100707,20170814,  202,    0
100707,20170815,  161,    0
100707,20170816,  164,    0
100707,20170817,  186,    0
100707,20170818,  187,    0
100707,20170819,  193,    0
100707,20170820,  204,    0
100707,20170821,  224,    0
100707,20170822,  231,    0
100707,20170823,  196,    0
100707,20170824,  164,    0
100707,20170825,  166,    0
100707,20170826,  182,    0
100707,20170827,  207,    0
100707,20170828,  172,    0
100707,20170829,  165,    0
100707,20170830,  145,    0
100707,20170831,  162,    0
100707,20170901,  187,    0
100707,20170902,  166,    0
100707,20170903,  177,    0
100707,20170904,  164,    0
100707,20170905,  166,    0
100707,20170906,  179,    0
100707,20170907,  215,    0
100707,20170908,  157,    0
100707,20170909,  155,    0
100707,20170910,  133,    0
100707,20170911,  159,    0
100707,20170912,  162,    0
100707,20170913,  176,    0
100707,20170914,  150,    0
100707,20170915,  120,    0
100707,20170916,  106,    0
100707,20170917,  102,    0
100707,20170918,  116,    0
100707,20170919,  133,    0
100707,20170920,  128,    0
100707,20170921,  147,    0
100707,20170922,  133,    0
100707,20170923,  143,    0
100707,20170924,  143,    0
100707,20170925,  161,    0
100707,20170926,  121,    0
100707,20170927,  115,    0
100707,20170928,  151,    0
100707,20170929,  176,    0
100707,20170930,  165,    0
100707,20171001,  159,    0
100707,20171002,  162,    0
100707,20171003,  168,    0
100707,20171004,  171,    0
100707,20171005,  160,    0
100707,20171006,  158,    0
100707,20171007,  161,    0
100707,20171008,  119,    0
100707,20171009,  118,    0
100707,20171010,  102,    0
100707,20171011,  107,    0
100707,20171012,  138,    0
100707,20171013,  120,    0
100707,20171014,  140,    0
100707,20171015,  179,    0
100707,20171016,  131,    0
100707,20171017,  172,    0
100707,20171018,  143,    0
100707,20171019,  135,    0
100707,20171020,  172,    0
100707,20171021,  136,    0
100707,20171022,   97,    0
100707,20171023,   79,    0
100707,20171024,   93,    0
100707,20171025,   91,    0
100707,20171026,   98,    0
100707,20171027,   85,    0
100707,20171028,   88,    0
100707,20171029,   79,    0
100707,20171030,   62,    0
100707,20171031,   67,    0
100707,20171101,   88,    0
100707,20171102,  157,    0
100707,20171103,  146,    0
100707,20171104,  132,    0
100707,20171105,  105,    0
100707,20171106,   73,    0
100707,20171107,   41,    0
100707,20171108,   82,    0
100707,20171109,   63,    0
100707,20171110,   38,    0
100707,20171111,   34,    0
100707,20171112,   26,    0
100707,20171113,   82,    0
100707,20171114,   31,    0
100707,20171115,   17,    0
100707,20171116,   16,    0
100707,20171117,   19,    0
100707,20171118,   21,    0
100707,20171119,   23,    0
100707,20171120,   23,    0
100707,20171121,   12,    0
100707,20171122,   20,    0
100707,20171123,  109,    0
100707,20171124,  106,    0
100707,20171125,   83,    0
100707,20171126,   51,    0
100707,20171127,   69,    0
100707,20171128,  101,    0
100707,20171129,   65,    0
100707,20171130,   37,    0
100707,20171201,    2,    0
100707,20171202,   10,    0
100707,20171203,  -21,    0
100707,20171204,  -24,    0
100707,20171205,  -15,    0
100707,20171206,  -26,    0
100707,20171207,   -3,    0
100707,20171208,   -5,    0
100707,20171209,  118,    0
100707,20171210,  108,    0
100707,20171211,   54,    0
100707,20171212,   30,    0
100707,20171213,    2,    0
100707,20171214,   92,    0
100707,20171215,   58,    0
100707,20171216,   38,    0
100707,20171217,   -4,    0
100707,20171218,   -9,    0
100707,20171219,    6,    0
100707,20171220,   -8,    0
100707,20171221,    3,    0
100707,20171222,    0,    0
100707,20171223,   -5,    0
100707,20171224,   34,    0
100707,20171225,   50,    0
100707,20171226,   69,    0
100707,20171227,  105,    0
100707,20171228,  119,    0
100707,20171229,  134,    0
100707,20171230,   92,    0
100707,20171231,   69,    0
100707,20180101,   13,    0
100707,20180102,   50,    0
100707,20180103,  112,    0
100707,20180104,  117,    0
100707,20180105,   88,    0
100707,20180106,   38,    0
100707,20180107,   38,    0
100707,20180108,   33,    0
100707,20180109,   11,    0
100707,20180110,   70,    0
100707,20180111,   54,    0
100707,20180112,   -4,    0
100707,20180113,   41,    0
100707,20180114,   34,    0
100707,20180115,   -7,    0
100707,20180116,   28,    0
100707,20180117,   60,    0
100707,20180118,   18,    0
100707,20180119,   25,    0
100707,20180120,   23,    0
100707,20180121,   57,    0
100707,20180122,   54,    0
100707,20180123,   64,    0
100707,20180124,   45,    0
100707,20180125,   60,    0
100707,20180126,   27,    0
100707,20180127,   28,    0
100707,20180128,   20,    0
100707,20180129,   42,    0
100707,20180130,   35,    0
100707,20180131,   32,    0
100707,20180201,   35,    0
100707,20180202,   30,    0
100707,20180203,   -5,    0
100707,20180204,   47,    0
100707,20180205,   22,    0
100707,20180206,   25,    0
100707,20180207,   -6,    0
100707,20180208,  -15,    0
100707,20180209,    3,    0
100707,20180210,    3,    0
100707,20180211,   38,    0
100707,20180212,   55,    0
100707,20180213,    8,    0
100707,20180214,   71,    0
100707,20180215,   78,    0
100707,20180216,   36,    0
100707,20180217,   35,    0
100707,20180218,   43,    0
100707,20180219,   52,    0
100707,20180220,   25,    0
100707,20180221,   42,    0
100707,20180222,    8,    0
100707,20180223,  -20,    0
100707,20180224,  -20,    0
100707,20180225,   26,    0
100707,20180226,   16,    0
100707,20180227,  107,    0
100707,20180228,  129,    0
100707,20180301,   98,    0
100707,20180302,   83,    0
100707,20180303,   98,    0
100707,20180304,   89,    0
100707,20180305,   68,    0
100707,20180306,   61,    0
100707,20180307,   21,    0
100707,20180308,   81,    0
100707,20180309,  115,    0
100707,20180310,   94,    0
100707,20180311,   85,    0
100707,20180312,   84,    0
100707,20180313,  117,    0
100707,20180314,   95,    0
100707,20180315,   78,    0
100707,20180316,   56,    0
100707,20180317,   71,    0
100707,20180318,   70,    0
100707,20180319,   54,    0
100707,20180320,   38,    0
100707,20180321,   22,    0
100707,20180322,   43,    0
100707,20180323,   61,    0
100707,20180324,   60,    0
100707,20180325,   81,    0
100707,20180326,   52,    0
100707,20180327,   73,    0
100707,20180328,   83,    0
100707,20180329,   75,    0
100707,20180330,   71,    0
100707,20180331,   64,    0
100707,20180401,   58,    0
100707,20180402,   80,    0
100707,20180403,  106,    0
100707,20180404,  104,    0
100707,20180405,   50,    0
100707,20180406,   67,    0
100707,20180407,   89,    0
100707,20180408,   76,    0
100707,20180409,   54,    0
100707,20180410,   77,    0
100707,20180411,   51,    0
100707,20180412,   86,    0
100707,20180413,   73,    0
100707,20180414,   71,    0
100707,20180415,   98,    0
100707,20180416,   74,    0
100707,20180417,   63,    0
100707,20180418,   86,    0
100707,20180419,  109,    0
100707,20180420,  122,    0
100707,20180421,  141,    0
100707,20180422,  134,    0
100707,20180423,  155,    0
100707,20180424,  167,    0
100707,20180425,  129,    0
100707,20180426,  130,    0
100707,20180427,   91,    0
100707,20180428,   77,    0
100707,20180429,   77,    0
100707,20180430,   71,    0
100707,20180501,   72,    0
100707,20180502,   64,    0
100707,20180503,   89,    0
100707,20180504,   78,    0
100707,20180505,   83,    0
100707,20180506,  104,    0
100707,20180507,  125,    0
100707,20180508,  157,    0
100707,20180509,  121,    0
100707,20180510,   98,    0
100707,20180511,  120,    0
100707,20180512,   94,    0
100707,20180513,   72,    0
100707,20180514,   97,    0
100707,20180515,   99,    0
100707,20180516,  105,    0
100707,20180517,  123,    0
100707,20180518,  146,    0
100707,20180519,  128,    0
100707,20180520,  145,    0
100707,20180521,  122,    0
100707,20180522,  118,    0
100707,20180523,  136,    0
100707,20180524,  131,    0
100707,20180525,  123,    0
100707,20180526,  114,    0
100707,20180527,  146,    0
100707,20180528,  112,    0
100707,20180529,  119,    0
100707,20180530,  129,    0
100707,20180531,  123,    0
100707,20180601,  104,    0
100707,20180602,  109,    0
100707,20180603,  124,    0
100707,20180604,  133,    0
100707,20180605,  123,    0
100707,20180606,  148,    0
100707,20180607,  134,    0
100707,20180608,  155,    0
100707,20180609,  127,    0
100707,20180610,  125,    0
100707,20180611,  150,    0
100707,20180612,  134,    0
100707,20180613,  127,    0
100707,20180614,  145,    0
100707,20180615,  165,    0
100707,20180616,  144,    0
100707,20180617,  196,    0
100707,20180618,  204,    0
100707,20180619,  189,    0
100707,20180620,  203,    0
100707,20180621,  219,    0
100707,20180622,  211,    0
100707,20180623,  200,    0
100707,20180624,  189,    0
100707,20180625,  195,    0
100707,20180626,  162,    0
100707,20180627,  138,    0
100707,20180628,  164,    0
100707,20180629,  146,    0
100707,20180630,  166,    0
100707,20180701,  163,    0
100707,20180702,  162,    0
100707,20180703,  154,    0
100707,20180704,  147,    0
100707,20180705,  150,    0
100707,20180706,  158,    0
100707,20180707,  161,    0
100707,20180708,  161,    0
100707,20180709,  185,    0
100707,20180710,  172,    0
100707,20180711,  189,    0
100707,20180712,  167,    0
100707,20180713,  161,    0
100707,20180714,  166,    0
100707,20180715,  172,    0
100707,20180716,  165,    0
100707,20180717,  169,    0
100707,20180718,  163,    0
100707,20180719,  150,    0
100707,20180720,  177,    0
100707,20180721,  157,    0
100707,20180722,  163,    0
100707,20180723,  174,    0
100707,20180724,  158,    0
100707,20180725,  153,    0
100707,20180726,  184,    0
100707,20180727,  149,    0
100707,20180728,  138,    0
100707,20180729,  154,    0
100707,20180730,  150,    0
100707,20180731,  179,    0
100707,20180801,  176,    0
100707,20180802,  210,    0
100707,20180803,  239,    0
100707,20180804,  250,    0
100707,20180805,  262,    0
100707,20180806,  233,    0
100707,20180807,  173,    0
100707,20180808,  161,    0
100707,20180809,  166,    0
100707,20180810,  151,    0
100707,20180811,  167,    0
100707,20180812,  189,    0
100707,20180813,  185,    0
100707,20180814,  152,    0
100707,20180815,  177,    0
100707,20180816,  188,    0
100707,20180817,  158,    0
100707,20180818,  196,    0
100707,20180819,  202,    0
100707,20180820,  218,    0
100707,20180821,  215,    0
100707,20180822,  211,    0
100707,20180823,  191,    0
100707,20180824,  190,    0
100707,20180825,  192,    0
100707,20180826,  166,    0
100707,20180827,  162,    0
100707,20180828,  192,    0
100707,20180829,  170,    0
100707,20180830,  164,    0
100707,20180831,  191,    0
100707,20180901,  201,    0
100707,20180902,  213,    0
100707,20180903,  203,    0
100707,20180904,  163,    0
100707,20180905,  191,    0
100707,20180906,  157,    0
100707,20180907,  159,    0
100707,20180908,  165,    0
100707,20180909,  179,    0
100707,20180910,  157,    0
100707,20180911,  185,    0
100707,20180912,  188,    0
100707,20180913,  188,    0
100707,20180914,  190,    0
100707,20180915,  189,    0
100707,20180916,  185,    0
100707,20180917,  191,    0
100707,20180918,  186,    0
100707,20180919,  171,    0
100707,20180920,  180,    0
100707,20180921,  170,    0
100707,20180922,  178,    0
100707,20180923,  187,    0
100707,20180924,  188,    0
100707,20180925,  193,    0
100707,20180926,  198,    0
100707,20180927,  187,    0
100707,20180928,  169,    0
100707,20180929,  157,    0
100707,20180930,  156,    0
100707,20181001,  160,    0
100707,20181002,  122,    0
100707,20181003,   96,    0
100707,20181004,  107,    0
100707,20181005,  121,    0
100707,20181006,  123,    0
100707,20181007,  128,    0
100707,20181008,   89,    0
100707,20181009,   97,    0
100707,20181010,  116,    0
100707,20181011,  171,    0
100707,20181012,  162,    0
100707,20181013,  148,    0
100707,20181014,  120,    0
100707,20181015,  106,    0
100707,20181016,  134,    0
100707,20181017,  117,    0
100707,20181018,  130,    0
100707,20181019,  142,    0
100707,20181020,  127,    0
100707,20181021,  141,    0
100707,20181022,  147,    0
100707,20181023,  139,    0
100707,20181024,  132,    0
100707,20181025,  111,    0
100707,20181026,  158,    0
100707,20181027,   87,    0
100707,20181028,   54,    0
100707,20181029,   37,    0
100707,20181030,   81,    0
100707,20181031,   71,    0
100707,20181101,   47,    0
100707,20181102,  106,    0
100707,20181103,  105,    0
100707,20181104,  107,    0
100707,20181105,   83,    0
100707,20181106,   77,    0
100707,20181107,   97,    0
100707,20181108,   89,    0
100707,20181109,   57,    0
100707,20181110,  140,    0
100707,20181111,  115,    0
100707,20181112,   95,    0
100707,20181113,   91,    0
100707,20181114,   87,    0
100707,20181115,  116,    0
100707,20181116,   85,    0
100707,20181117,   91,    0
100707,20181118,   93,    0
100707,20181119,   77,    0
100707,20181120,   87,    0
100707,20181121,   91,    0
100707,20181122,   72,    0
100707,20181123,   66,    0
100707,20181124,   49,    0
100707,20181125,  116,    0
100707,20181126,   79,    0
100707,20181127,   46,    0
100707,20181128,   17,    0
100707,20181129,   12,    0
100707,20181130,   68,    0
100707,20181201,   30,    0
100707,20181202,   43,    0
100707,20181203,   52,    0
100707,20181204,   78,    0
100707,20181205,   55,    0
100707,20181206,   42,    0
100707,20181207,   43,    0
100707,20181208,   44,    0
100707,20181209,   61,    0
100707,20181210,   48,    0
100707,20181211,   40,    0
100707,20181212,   87,    0
100707,20181213,   64,    0
100707,20181214,   56,    0
100707,20181215,   37,    0
100707,20181216,   71,    0
100707,20181217,   27,    0
100707,20181218,   27,    0
100707,20181219,   52,    0
100707,20181220,   81,    0
100707,20181221,   43,    0
100707,20181222,   42,    0
100707,20181223,   45,    0
100707,20181224,   26,    0
100707,20181225,   31,    0
100707,20181226,   19,    0
100707,20181227,   20,    0
100707,20181228,   23,    0
100707,20181229,   25,    0
100707,20181230,   25,    0
100707,20181231,   -3,    0
100707,20190101,  -13,    0
100707,20190102,  -18,    0
100707,20190103,  -10,    0
100707,20190104,  -10,    0
100707,20190105,  -23,    0
100707,20190106,  -26,    0
100707,20190107,  -37,    0
100707,20190108,  -25,    0
100707,20190109,  -23,    0
100707,20190110,   -2,    0
100707,20190111,  -21,    0
100707,20190112,  -28,    0
100707,20190113,  -36,    0
100707,20190114,  -27,    0
100707,20190115,   -3,    0
100707,20190116,   13,    0
100707,20190117,   44,    0
100707,20190118,   -9,    0
100707,20190119,   66,    0
100707,20190120,   64,    0
100707,20190121,   39,    0
100707,20190122,   33,    0
100707,20190123,   82,    0
100707,20190124,   93,    0
100707,20190125,   43,    0
100707,20190126,    8,    0
100707,20190127,   53,    0
100707,20190128,   46,    0
100707,20190129,   74,    0
100707,20190130,   87,    0
100707,20190131,  119,    0
100707,20190201,   72,    0
100707,20190202,   36,    0
100707,20190203,   22,    0
100707,20190204,  -20,    0
100707,20190205,   -2,    0
100707,20190206,    5,    0
100707,20190207,   19,    0
100707,20190208,   24,    0
100707,20190209,    1,    0
100707,20190210,   44,    0
100707,20190211,   55,    0
100707,20190212,   20,    0
100707,20190213,   38,    0
100707,20190214,   47,    0
100707,20190215,   36,    0
100707,20190216,   39,    0
100707,20190217,   26,    0
100707,20190218,   76,    0
100707,20190219,   84,    0
100707,20190220,   71,    0
100707,20190221,   51,    0
100707,20190222,   52,    0
100707,20190223,   44,    0
100707,20190224,   33,    0
100707,20190225,   40,    0
100707,20190226,   35,    0
100707,20190227,   43,    0
100707,20190228,   43,    0
100707,20190301,   54,    0
100707,20190302,   81,    0
100707,20190303,   46,    0
100707,20190304,   98,    0
100707,20190305,  101,    0
100707,20190306,   79,    0
100707,20190307,   51,    0
100707,20190308,   57,    0
100707,20190309,   42,    0
100707,20190310,   58,    0
100707,20190311,   86,    0
100707,20190312,   67,    0
100707,20190313,   73,    0
100707,20190314,   40,    0
100707,20190315,   20,    0
100707,20190316,   44,    0
100707,20190317,   69,    0
100707,20190318,   58,    0
100707,20190319,   28,    0
100707,20190320,   35,    0
100707,20190321,   27,    0
100707,20190322,   23,    0
100707,20190323,   55,    0
100707,20190324,   74,    0
100707,20190325,   53,    0
100707,20190326,   70,    0
100707,20190327,   98,    0
100707,20190328,   42,    0
100707,20190329,   41,    0
100707,20190330,   78,    0
100707,20190331,   83,    0
100707,20190401,   94,    0
100707,20190402,   58,    0
100707,20190403,   69,    0
100707,20190404,   46,    0
100707,20190405,   54,    0
100707,20190406,   75,    0
100707,20190407,   89,    0
100707,20190408,   90,    0
100707,20190409,   89,    0
100707,20190410,   75,    0
100707,20190411,   68,    0
100707,20190412,   70,    0
100707,20190413,   94,    0
100707,20190414,  132,    0
100707,20190415,  121,    0
100707,20190416,   66,    0
100707,20190417,  104,    0
100707,20190418,   91,    0
100707,20190419,  101,    0
100707,20190420,   97,    0
100707,20190421,   88,    0
100707,20190422,   95,    0
100707,20190423,   80,    0
100707,20190424,   84,    0
100707,20190425,   97,    0
100707,20190426,   83,    0
100707,20190427,   88,    0
100707,20190428,   96,    0
100707,20190429,  130,    0
100707,20190430,  117,    0
100707,20190501,  121,    0
100707,20190502,  125,    0
100707,20190503,  155,    0
100707,20190504,  119,    0
100707,20190505,  126,    0
100707,20190506,  120,    0
100707,20190507,  120,    0
100707,20190508,  148,    0
100707,20190509,  135,    0
100707,20190510,  148,    0
100707,20190511,  108,    0
100707,20190512,  126,    0
100707,20190513,  127,    0
100707,20190514,  125,    0
100707,20190515,  163,    0
100707,20190516,  122,    0
100707,20190517,   95,    0
100707,20190518,   91,    0
100707,20190519,  104,    0
100707,20190520,   84,    0
100707,20190521,  117,    0
100707,20190522,  131,    0
100707,20190523,  136,    0
100707,20190524,  132,    0
100707,20190525,  150,    0
100707,20190526,  156,    0
100707,20190527,  165,    0
100707,20190528,  151,    0
100707,20190529,  156,    0
100707,20190530,  153,    0
100707,20190531,  148,    0
100707,20190601,  171,    0
100707,20190602,  194,    0
100707,20190603,  174,    0
100707,20190604,  145,    0
100707,20190605,  119,    0
100707,20190606,  103,    0
100707,20190607,  110,    0
100707,20190608,  114,    0
100707,20190609,  105,    0
100707,20190610,  121,    0
100707,20190611,  122,    0
100707,20190612,  122,    0
100707,20190613,   94,    0
100707,20190614,  101,    0
100707,20190615,  111,    0
100707,20190616,  135,    0
100707,20190617,  127,    0
100707,20190618,  128,    0
100707,20190619,  171,    0
100707,20190620,  160,    0
100707,20190621,  138,    0
100707,20190622,  144,    0
100707,20190623,  150,    0
100707,20190624,  185,    0
100707,20190625,  176,    0
100707,20190626,  182,    0
100707,20190627,  175,    0
100707,20190628,  174,    0
100707,20190629,  177,    0
100707,20190630,  180,    0
100707,20190701,  153,    0
100707,20190702,  149,    0
100707,20190703,  156,    0
100707,20190704,  158,    0
100707,20190705,  152,    0
100707,20190706,  162,    0
100707,20190707,  164,    0
100707,20190708,  159,    0
100707,20190709,  165,    0
100707,20190710,  193,    0
100707,20190711,  194,    0
100707,20190712,  215,    0
100707,20190713,  184,    0
100707,20190714,  183,    0
100707,20190715,  182,    0
100707,20190716,  167,    0
100707,20190717,  174,    0
100707,20190718,  170,    0
100707,20190719,  188,    0
100707,20190720,  183,    0
100707,20190721,  162,    0
100707,20190722,  192,    0
100707,20190723,  217,    0
100707,20190724,  198,    0
100707,20190725,  190,    0
100707,20190726,  162,    0
100707,20190727,  167,    0
100707,20190728,  160,    0
100707,20190729,  155,    0
100707,20190730,  147,    0
100707,20190731,  159,    0
100707,20190801,  166,    0
100707,20190802,  147,    0
100707,20190803,  155,    0
100707,20190804,  173,    0
100707,20190805,  149,    0
100707,20190806,  178,    0
100707,20190807,  199,    0
100707,20190808,  190,    0
100707,20190809,  215,    0
100707,20190810,  168,    0
100707,20190811,  154,    0
100707,20190812,  141,    0
100707,20190813,  162,    0
100707,20190814,  164,    0
100707,20190815,  197,    0
100707,20190816,  197,    0
100707,20190817,  163,    0
100707,20190818,  168,    0
100707,20190819,  152,    0
100707,20190820,  153,    0
100707,20190821,  160,    0
100707,20190822,  192,    0
100707,20190823,  209,    0
100707,20190824,  195,    0
100707,20190825,  185,    0
100707,20190826,  203,    0
100707,20190827,  178,    0
100707,20190828,  170,    0
100707,20190829,  180,    0
100707,20190830,  199,    0
100707,20190831,  205,    0
100707,20190901,  170,    0
100707,20190902,  179,    0
100707,20190903,  202,    0
100707,20190904,  202,    0
100707,20190905,  188,    0
100707,20190906,  183,    0
100707,20190907,  169,    0
100707,20190908,  174,    0
100707,20190909,  167,    0
100707,20190910,  152,    0
100707,20190911,  147,    0
100707,20190912,  157,    0
100707,20190913,  194,    0
100707,20190914,  160,    0
100707,20190915,  160,    0
100707,20190916,  172,    0
100707,20190917,  175,    0
100707,20190918,  164,    0
100707,20190919,  162,    0
100707,20190920,  168,    0
100707,20190921,  181,    0
100707,20190922,  149,    0
100707,20190923,  130,    0
100707,20190924,  142,    0
100707,20190925,  139,    0
100707,20190926,  136,    0
100707,20190927,  142,    0
100707,20190928,  142,    0
100707,20190929,  135,    0
100707,20190930,  130,    0
100707,20191001,  167,    0
100707,20191002,  118,    0
100707,20191003,  119,    0
100707,20191004,  142,    0
100707,20191005,  121,    0
100707,20191006,  105,    0
100707,20191007,  143,    0
100707,20191008,  133,    0
100707,20191009,  148,    0
100707,20191010,  114,    0
100707,20191011,  145,    0
100707,20191012,  178,    0
100707,20191013,  142,    0
100707,20191014,  112,    0
100707,20191015,   78,    0
100707,20191016,   86,    0
100707,20191017,  119,    0
100707,20191018,  138,    0
100707,20191019,  120,    0
100707,20191020,  101,    0
100707,20191021,   69,    0
100707,20191022,   69,    0
100707,20191023,  107,    0
100707,20191024,   90,    0
100707,20191025,   72,    0
100707,20191026,   81,    0
100707,20191027,   85,    0
100707,20191028,  139,    0
100707,20191029,  159,    0
100707,20191030,  132,    0
100707,20191031,  175,    0
100707,20191101,  182,    0
100707,20191102,  161,    0
100707,20191103,  157,    0
100707,20191104,  126,    0
100707,20191105,  104,    0
100707,20191106,   86,    0
100707,20191107,  109,    0
100707,20191108,   78,    0
100707,20191109,   46,    0
100707,20191110,   84,    0
100707,20191111,  100,    0
100707,20191112,   76,    0
100707,20191113,  110,    0
100707,20191114,   77,    0
100707,20191115,   40,    0
100707,20191116,   22,    0
100707,20191117,   77,    0
100707,20191118,   54,    0
100707,20191119,   27,    0
100707,20191120,   75,    0
100707,20191121,   97,    0
100707,20191122,  113,    0
100707,20191123,   88,    0
100707,20191124,   67,    0
100707,20191125,  129,    0
100707,20191126,  136,    0
100707,20191127,  110,    0
100707,20191128,  111,    0
100707,20191129,  130,    0
100707,20191130,  109,    0
100707,20191201,   83,    0
100707,20191202,   80,    0
100707,20191203,   61,    0
100707,20191204,   51,    0
100707,20191205,   69,    0
100707,20191206,   47,    0
100707,20191207,   31,    0
100707,20191208,   34,    0
100707,20191209,   53,    0
100707,20191210,   39,    0
100707,20191211,   45,    0
100707,20191212,   59,    0
100707,20191213,  129,    0
100707,20191214,  114,    0
100707,20191215,  111,    0
100707,20191216,   92,    0
100707,20191217,   62,    0
100707,20191218,   69,    0
100707,20191219,  139,    0
100707,20191220,  147,    0
100707,20191221,  137,    0
100707,20191222,  116,    0
100707,20191223,   75,    0
100707,20191224,   58,    0
100707,20191225,   57,    0
100707,20191226,   68,    0
100707,20191227,   57,    0
100707,20191228,   48,    0
100707,20191229,   41,    0
100707,20191230,   21,    0
100707,20191231,    4,    0
100707,20200101,    4,    0
100707,20200102,   17,    0
100707,20200103,   65,    0
100707,20200104,   12,    0
100707,20200105,    7,    0
100707,20200106,   -3,    0
100707,20200107,   -6,    0
100707,20200108,  -13,    0
100707,20200109,    7,    0
100707,20200110,   38,    0
100707,20200111,  -12,    0
100707,20200112,  -20,    0
100707,20200113,  -19,    0
100707,20200114,   -5,    0
100707,20200115,   55,    0
100707,20200116,   57,    0
100707,20200117,   78,    0
100707,20200118,   90,    0
100707,20200119,   53,    0
100707,20200120,   36,    0
100707,20200121,   32,    0
100707,20200122,   57,    0
100707,20200123,   71,    0
100707,20200124,   63,    0
100707,20200125,   63,    0
100707,20200126,   49,    0
100707,20200127,   41,    0
100707,20200128,  123,    0
100707,20200129,   95,    0
100707,20200130,   90,    0
100707,20200131,  126,    0
100707,20200201,  136,    0
100707,20200202,   82,    0
100707,20200203,   68,    0
100707,20200204,   74,    0
100707,20200205,   67,    0
100707,20200206,   62,    0
100707,20200207,   57,    0
100707,20200208,   72,    0
100707,20200209,   90,    0
100707,20200210,   53,    0
100707,20200211,   72,    0
100707,20200212,   98,    0
100707,20200213,   77,    0
100707,20200214,   45,    0
100707,20200215,   39,    0
100707,20200216,   50,    0
100707,20200217,   47,    0
100707,20200218,   47,    0
100707,20200219,   30,    0
100707,20200220,   33,    0
100707,20200221,   37,    0
100707,20200222,   29,    0
100707,20200223,   25,    0
100707,20200224,   28,    0
100707,20200225,   52,    0
100707,20200226,   54,    0
100707,20200227,   49,    0
100707,20200228,   29,    0
100707,20200229,   95,    0
100707,20200301,  112,    0
100707,20200302,   91,    0
100707,20200303,   76,    0
100707,20200304,  111,    0
100707,20200305,   94,    0
100707,20200306,   76,    0
100707,20200307,   55,    0
100707,20200308,   19,    0
100707,20200309,   78,    0
100707,20200310,   50,    0
100707,20200311,   70,    0
100707,20200312,   84,    0
100707,20200313,   97,    0
100707,20200314,   74,    0
100707,20200315,   69,    0
100707,20200316,   44,    0
100707,20200317,   40,    0
100707,20200318,  108,    0
100707,20200319,   93,    0
100707,20200320,  108,    0
100707,20200321,   81,    0
100707,20200322,   65,    0
100707,20200323,   84,    0
100707,20200324,   94,    0
100707,20200325,   79,    0
100707,20200326,   80,    0
100707,20200327,   62,    0
100707,20200328,   36,    0
100707,20200329,   54,    0
100707,20200330,   84,    0
100707,20200331,   70,    0
100707,20200401,   32,    0
100707,20200402,   73,    0
100707,20200403,   70,    0
100707,20200404,   83,    0
100707,20200405,   99,    0
100707,20200406,  125,    0
100707,20200407,  134,    0
100707,20200408,  115,    0
100707,20200409,  154,    0
100707,20200410,  144,    0
100707,20200411,  115,    0
100707,20200412,  112,    0
100707,20200413,  101,    0
100707,20200414,   95,    0
100707,20200415,  113,    0
100707,20200416,  123,    0
100707,20200417,  129,    0
100707,20200418,  115,    0
100707,20200419,  101,    0
100707,20200420,  105,    0
100707,20200421,   94,    0
100707,20200422,   99,    0
100707,20200423,   96,    0
100707,20200424,  119,    0
100707,20200425,  118,    0
100707,20200426,   99,    0
100707,20200427,   96,    0
100707,20200428,   86,    0
100707,20200429,   91,    0
100707,20200430,  122,    0
100707,20200501,  120,    0
100707,20200502,  128,    0
100707,20200503,  129,    0
100707,20200504,  152,    0
100707,20200505,  122,    0
100707,20200506,  128,    0
100707,20200507,  140,    0
100707,20200508,  145,    0
100707,20200509,  127,    0
100707,20200510,  116,    0
100707,20200511,  138,    0
100707,20200512,  122,    0
100707,20200513,  106,    0
100707,20200514,   89,    0
100707,20200515,  104,    0
100707,20200516,  112,    0
100707,20200517,  119,    0
100707,20200518,  129,    0
100707,20200519,  148,    0
100707,20200520,  159,    0
100707,20200521,  148,    0
100707,20200522,  151,    0
100707,20200523,  158,    0
100707,20200524,  163,    0
100707,20200525,  181,    0
100707,20200526,  192,    0
100707,20200527,  184,    0
100707,20200528,  183,    0
100707,20200529,  176,    0
100707,20200530,  194,    0
100707,20200531,  198,    0
100707,20200601,  173,    0
100707,20200602,  165,    0
100707,20200603,  157,    0
100707,20200604,  156,    0
100707,20200605,  111,    0
100707,20200606,  128,    0
100707,20200607,  136,    0
100707,20200608,  115,    0
100707,20200609,  126,    0
100707,20200610,  122,    0
100707,20200611,  124,    0
100707,20200612,  129,    0
100707,20200613,  108,    0
100707,20200614,  121,    0
100707,20200615,  121,    0
100707,20200616,  142,    0
100707,20200617,  130,    0
100707,20200618,  119,    0
100707,20200619,  121,    0
100707,20200620,  132,    0
100707,20200621,  133,    0
100707,20200622,  173,    0
100707,20200623,  190,    0
100707,20200624,  178,    0
100707,20200625,  161,    0
100707,20200626,  137,    0
100707,20200627,  169,    0
100707,20200628,  180,    0
100707,20200629,  187,    0
100707,20200630,  192,    0
100707,20200701,  175,    0
100707,20200702,  171,    0
100707,20200703,  124,    0
100707,20200704,  158,    0
100707,20200705,  185,    0
100707,20200706,  214,    0
100707,20200707,  195,    0
100707,20200708,  206,    0
100707,20200709,  165,    0
100707,20200710,  187,    0
100707,20200711,  211,    0
100707,20200712,  210,    0
100707,20200713,  239,    0
100707,20200714,  240,    0
100707,20200715,  194,    0
100707,20200716,  229,    0
100707,20200717,  246,    0
100707,20200718,  224,    0
100707,20200719,  200,    0
100707,20200720,  195,    0
100707,20200721,  225,    0
100707,20200722,  201,    0
100707,20200723,  210,    0
100707,20200724,  187,    0
100707,20200725,  179,    0
100707,20200726,  185,    0
100707,20200727,  204,    0
100707,20200728,  187,    0
100707,20200729,  169,    0
100707,20200730,  222,    0
100707,20200731,  206,    0
100707,20200801,  162,    0
100707,20200802,  161,    0
100707,20200803,  173,    0
100707,20200804,  178,    0
100707,20200805,  217,    0
100707,20200806,  210,    0
100707,20200807,  225,    0
100707,20200808,  210,    0
100707,20200809,  184,    0
100707,20200810,  161,    0
100707,20200811,  166,    0
100707,20200812,  185,    0
100707,20200813,  174,    0
100707,20200814,  151,    0
100707,20200815,  156,    0
100707,20200816,  147,    0
100707,20200817,  188,    0
100707,20200818,  189,    0
100707,20200819,  163,    0
100707,20200820,  175,    0
100707,20200821,  213,    0
100707,20200822,  154,    0
100707,20200823,  152,    0
100707,20200824,  172,    0
100707,20200825,  190,    0
100707,20200826,  180,    0
100707,20200827,  189,    0
100707,20200828,  177,    0
100707,20200829,  131,    0
100707,20200830,  143,    0
100707,20200831,  118,    0
100707,20200901,  176,    0
100707,20200902,  139,    0
100707,20200903,  145,    0
100707,20200904,  169,    0
100707,20200905,  181,    0
100707,20200906,  180,    0
100707,20200907,  193,    0
100707,20200908,  158,    0
100707,20200909,  150,    0
100707,20200910,  171,    0
100707,20200911,  168,    0
100707,20200912,  160,    0
100707,20200913,  204,    0
100707,20200914,  206,    0
100707,20200915,  171,    0
100707,20200916,  160,    0
100707,20200917,  177,    0
100707,20200918,  144,    0
100707,20200919,  175,    0
100707,20200920,  179,    0
100707,20200921,  154,    0
100707,20200922,  158,    0
100707,20200923,  185,    0
100707,20200924,  153,    0
100707,20200925,  126,    0
100707,20200926,  125,    0
100707,20200927,  145,    0
100707,20200928,  107,    0
100707,20200929,  125,    0
100707,20200930,  142,    0
100707,20201001,  125,    0
100707,20201002,  114,    0
100707,20201003,   89,    0
100707,20201004,   97,    0
100707,20201005,  103,    0
100707,20201006,  133,    0
100707,20201007,  130,    0
100707,20201008,  109,    0
100707,20201009,  137,    0
100707,20201010,  129,    0
100707,20201011,  130,    0
100707,20201012,   90,    0
100707,20201013,   59,    0
100707,20201014,   93,    0
100707,20201015,   74,    0
100707,20201016,   39,    0
100707,20201017,   45,    0
100707,20201018,   58,    0
100707,20201019,   91,    0
100707,20201020,  151,    0
100707,20201021,  151,    0
100707,20201022,  126,    0
100707,20201023,  101,    0
100707,20201024,   82,    0
100707,20201025,  120,    0
100707,20201026,   92,    0
100707,20201027,   73,    0
100707,20201028,  121,    0
100707,20201029,  129,    0
100707,20201030,  107,    0
100707,20201031,   98,    0
100707,20201101,  116,    0
100707,20201102,  149,    0
100707,20201103,  139,    0
100707,20201104,  116,    0
100707,20201105,  116,    0
100707,20201106,  124,    0
100707,20201107,  122,    0
100707,20201108,  123,    0
100707,20201109,  116,    0
100707,20201110,   89,    0
100707,20201111,   77,    0
100707,20201112,  100,    0
100707,20201113,   83,    0
100707,20201114,  141,    0
100707,20201115,  138,    0
100707,20201116,  106,    0
100707,20201117,  108,    0
100707,20201118,   96,    0
100707,20201119,   99,    0
100707,20201120,   82,    0
100707,20201121,   51,    0
100707,20201122,   60,    0
100707,20201123,   45,    0
100707,20201124,   42,    0
100707,20201125,   88,    0
100707,20201126,   86,    0
100707,20201127,   83,    0
100707,20201128,   66,    0
100707,20201129,   74,    0
100707,20201130,   86,    0
100707,20201201,   67,    0
100707,20201202,   39,    0
100707,20201203,   24,    0
100707,20201204,   43,    0
100707,20201205,   32,    0
100707,20201206,   40,    0
100707,20201207,   95,    0
100707,20201208,   64,    0
100707,20201209,   44,    0
100707,20201210,  108,    0
100707,20201211,  149,    0
100707,20201212,  127,    0
100707,20201213,  133,    0
100707,20201214,  113,    0
100707,20201215,   84,    0
100707,20201216,   92,    0
100707,20201217,   67,    0
100707,20201218,   52,    0
100707,20201219,   88,    0
100707,20201220,   76,    0
100707,20201221,   53,    0
100707,20201222,   67,    0
100707,20201223,   65,    0
100707,20201224,   60,    0
100707,20201225,   25,    0
100707,20201226,   -5,    0
100707,20201227,  -29,    0
100707,20201228,   57,    0
100707,20201229,   36,    0
100707,20201230,    9,    0
100707,20201231,   12,    0
100707,20210101,   32,    0
100707,20210102,    8,    0
100707,20210103,  -15,    0
100707,20210104,    2,    0
100707,20210105,  -13,    0
100707,20210106,  -21,    0
100707,20210107,   25,    0
100707,20210108,   14,    0
100707,20210109,   23,    0
100707,20210110,    3,    0
100707,20210111,   -5,    0
100707,20210112,  -43,    0
100707,20210113,  -45,    0
100707,20210114,  -21,    0
100707,20210115,  -32,    0
100707,20210116,  -28,    0
100707,20210117,  -29,    0
100707,20210118,  -30,    0
100707,20210119,  -25,    0
100707,20210120,   92,    0
100707,20210121,  107,    0
100707,20210122,   81,    0
100707,20210123,   79,    0
100707,20210124,  102,    0
100707,20210125,  119,    0
100707,20210126,  134,    0
100707,20210127,  113,    0
100707,20210128,   76,    0
100707,20210129,   76,    0
100707,20210130,  107,    0
100707,20210131,  102,    0
100707,20210201,  109,    0
100707,20210202,  114,    0
100707,20210203,  115,    0
100707,20210204,   98,    0
100707,20210205,   97,    0
100707,20210206,   94,    0
100707,20210207,   54,    0
100707,20210208,   96,    0
100707,20210209,  104,    0
100707,20210210,  112,    0
100707,20210211,  128,    0
100707,20210212,   99,    0
100707,20210213,   66,    0
100707,20210214,   44,    0
100707,20210215,   66,    0
100707,20210216,   46,    0
100707,20210217,   50,    0
100707,20210218,   86,    0
100707,20210219,   58,    0
100707,20210220,   68,    0
100707,20210221,   74,    0
100707,20210222,   31,    0
100707,20210223,   37,    0
100707,20210224,   48,    0
100707,20210225,   90,    0
100707,20210226,   90,    0
100707,20210227,   54,    0
100707,20210228,   38,    0
100707,20210301,   77,    0
100707,20210302,   73,    0
100707,20210303,   75,    0
100707,20210304,   84,    0
100707,20210305,   95,    0
100707,20210306,   73,    0
100707,20210307,   53,    0
100707,20210308,   71,    0
100707,20210309,   52,    0
100707,20210310,   37,    0
100707,20210311,   76,    0
100707,20210312,   81,    0
100707,20210313,   50,    0
100707,20210314,   60,    0
100707,20210315,   43,    0
100707,20210316,   40,    0
100707,20210317,   55,    0
100707,20210318,   58,    0
100707,20210319,   44,    0
100707,20210320,   43,    0
100707,20210321,   21,    0
100707,20210322,   35,    0
100707,20210323,   38,    0
100707,20210324,   51,    0
100707,20210325,   38,    0
100707,20210326,   72,    0
100707,20210327,   75,    0
100707,20210328,   75,    0
100707,20210329,  138,    0
100707,20210330,  133,    0
100707,20210331,  137,    0
100707,20210401,  129,    0
100707,20210402,  120,    0
100707,20210403,   92,    0
100707,20210404,  112,    0
100707,20210405,   94,    0
100707,20210406,   92,    0
100707,20210407,   80,    0
100707,20210408,  136,    0
100707,20210409,  136,    0
100707,20210410,  130,    0
100707,20210411,  126,    0
100707,20210412,   80,    0
100707,20210413,  144,    0
100707,20210414,  142,    0
100707,20210415,  137,    0
100707,20210416,  113,    0
100707,20210417,   75,    0
100707,20210418,   74,    0
100707,20210419,  136,    0
100707,20210420,  116,    0
100707,20210421,  108,    0
100707,20210422,  116,    0
100707,20210423,  126,    0
100707,20210424,  127,    0
100707,20210425,  139,    0
100707,20210426,  116,    0
100707,20210427,  125,    0
100707,20210428,  102,    0
100707,20210429,   86,    0
100707,20210430,   67,    0
100707,20210501,   59,    0
100707,20210502,   55,    0
100707,20210503,   83,    0
100707,20210504,  107,    0
100707,20210505,   93,    0
100707,20210506,  107,    0
100707,20210507,  102,    0
100707,20210508,  116,    0
100707,20210509,  117,    0
100707,20210510,   96,    0
100707,20210511,   74,    0
100707,20210512,  119,    0
100707,20210513,   95,    0
100707,20210514,  104,    0
100707,20210515,  121,    0
100707,20210516,  150,    0
100707,20210517,  124,    0
100707,20210518,  118,    0
100707,20210519,  125,    0
100707,20210520,  137,    0
100707,20210521,  126,    0
100707,20210522,  100,    0
100707,20210523,   92,    0
100707,20210524,  106,    0
100707,20210525,  105,    0
100707,20210526,  139,    0
100707,20210527,  159,    0
100707,20210528,  172,    0
100707,20210529,  149,    0
100707,20210530,  147,    0
100707,20210531,  170,    0
100707,20210601,  153,    0
100707,20210602,  124,    0
100707,20210603,  120,    0
100707,20210604,   93,    0
100707,20210605,  139,    0
100707,20210606,  136,    0
100707,20210607,  141,    0
100707,20210608,  142,    0
100707,20210609,  153,    0
100707,20210610,  153,    0
100707,20210611,  146,    0
100707,20210612,  177,    0
100707,20210613,  175,    0
100707,20210614,  171,    0
100707,20210615,  187,    0
100707,20210616,  172,    0
100707,20210617,  165,    0
100707,20210618,  139,    0
100707,20210619,  144,    0
100707,20210620,  145,    0
100707,20210621,  135,    0
100707,20210622,  123,    0
100707,20210623,  147,    0
100707,20210624,  144,    0
100707,20210625,  182,    0
100707,20210626,  195,    0
100707,20210627,  134,    0
100707,20210628,  111,    0
100707,20210629,  132,    0
100707,20210630,  114,    0
100707,20210701,  134,    0
100707,20210702,  157,    0
100707,20210703,  177,    0
100707,20210704,  158,    0
100707,20210705,  170,    0
100707,20210706,  152,    0
100707,20210707,  127,    0
100707,20210708,  149,    0
100707,20210709,  163,    0
100707,20210710,  188,    0
100707,20210711,  193,    0
100707,20210712,  146,    0
100707,20210713,  144,    0
100707,20210714,  160,    0
100707,20210715,  184,    0
100707,20210716,  188,    0
100707,20210717,  200,    0
100707,20210718,  190,    0
100707,20210719,  154,    0
100707,20210720,  161,    0
100707,20210721,  143,    0
100707,20210722,  146,    0
100707,20210723,  161,    0
100707,20210724,  153,    0
100707,20210725,  169,    0
100707,20210726,  181,    0
100707,20210727,  169,    0
100707,20210728,  162,    0
100707,20210729,  180,    0
100707,20210730,  134,    0
100707,20210731,  150,    0
100707,20210801,  138,    0
100707,20210802,  181,    0
100707,20210803,  178,    0
100707,20210804,  182,    0
100707,20210805,  166,    0
100707,20210806,  163,    0
100707,20210807,  169,    0
100707,20210808,  136,    0
100707,20210809,  137,    0
100707,20210810,  170,    0
100707,20210811,  181,    0
100707,20210812,  182,    0
100707,20210813,  208,    0
100707,20210814,  227,    0
100707,20210815,  213,    0
100707,20210816,  169,    0
100707,20210817,  198,    0
100707,20210818,  174,    0
100707,20210819,  141,    0
100707,20210820,  137,    0
100707,20210821,  145,    0
100707,20210822,  172,    0
100707,20210823,  199,    0
100707,20210824,  204,    0
100707,20210825,  205,    0
100707,20210826,  181,    0
100707,20210827,  185,    0
100707,20210828,  160,    0
100707,20210829,  164,    0
100707,20210830,  158,    0
100707,20210831,  174,    0
100707,20210901,  194,    0
100707,20210902,  185,    0
100707,20210903,  168,    0
100707,20210904,  162,    0
100707,20210905,  176,    0
100707,20210906,  229,    0
100707,20210907,  195,    0
100707,20210908,  184,    0
100707,20210909,  184,    0
100707,20210910,  177,    0
100707,20210911,  169,    0
100707,20210912,  166,    0
100707,20210913,  172,    0
100707,20210914,  163,    0
100707,20210915,  165,    0
100707,20210916,  169,    0
100707,20210917,  158,    0
100707,20210918,  142,    0
100707,20210919,  132,    0
100707,20210920,  137,    0
100707,20210921,  145,    0
100707,20210922,  122,    0
100707,20210923,  151,    0
100707,20210924,  150,    0
100707,20210925,  146,    0
100707,20210926,  136,    0
100707,20210927,  146,    0
100707,20210928,  144,    0
100707,20210929,  112,    0
100707,20210930,  122,    0
100707,20211001,  143,    0
100707,20211002,  136,    0
100707,20211003,  126,    0
100707,20211004,  104,    0
100707,20211005,  124,    0
100707,20211006,  148,    0
100707,20211007,  126,    0
100707,20211008,  116,    0
100707,20211009,  120,    0
100707,20211010,  109,    0
100707,20211011,  137,    0
100707,20211012,  120,    0
100707,20211013,  109,    0
100707,20211014,  100,    0
100707,20211015,  114,    0
100707,20211016,  131,    0
100707,20211017,  138,    0
100707,20211018,  153,    0
100707,20211019,  152,    0
100707,20211020,  136,    0
100707,20211021,  125,    0
100707,20211022,   94,    0
100707,20211023,   69,    0
100707,20211024,   69,    0
100707,20211025,   61,    0
100707,20211026,   61,    0
100707,20211027,   64,    0
100707,20211028,   61,    0
100707,20211029,  155,    0
100707,20211030,  190,    0
100707,20211031,  192,    0
100707,20211101,  120,    0
100707,20211102,  103,    0
100707,20211103,   83,    0
100707,20211104,   59,    0
100707,20211105,   60,    0
100707,20211106,   50,    0
100707,20211107,   10,    0
100707,20211108,   26,    0
100707,20211109,   46,    0
100707,20211110,   46,    0
100707,20211111,   47,    0
100707,20211112,   30,    0
100707,20211113,   39,    0
100707,20211114,   36,    0
100707,20211115,   25,    0
100707,20211116,   38,    0
100707,20211117,   28,    0
100707,20211118,   31,    0
100707,20211119,   74,    0
100707,20211120,  111,    0
100707,20211121,  112,    0
100707,20211122,   47,    0
100707,20211123,   21,    0
100707,20211124,   30,    0
100707,20211125,   52,    0
100707,20211126,   31,    0
100707,20211127,   36,    0
100707,20211128,   14,    0
100707,20211129,   65,    0
100707,20211130,   28,    0
100707,20211201,   -4,    0
100707,20211202,   57,    0
100707,20211203,   24,    0
100707,20211204,   49,    0
100707,20211205,   53,    0
100707,20211206,   46,    0
100707,20211207,  105,    0
100707,20211208,   80,    0
100707,20211209,   68,    0
100707,20211210,   98,    0
100707,20211211,   74,    0
100707,20211212,   36,    0
100707,20211213,   45,    0
100707,20211214,   33,    0
100707,20211215,   21,    0
100707,20211216,    8,    0
100707,20211217,   30,    0
100707,20211218,   18,    0
100707,20211219,   58,    0
100707,20211220,   91,    0
100707,20211221,   86,    0
100707,20211222,   87,    0
100707,20211223,  100,    0
100707,20211224,  108,    0
100707,20211225,  117,    0
100707,20211226,  119,    0
100707,20211227,  138,    0
100707,20211228,  108,    0
100707,20211229,  109,    0
100707,20211230,   67,    0
100707,20211231,   44,    0
100707,20220101,   47,    0
100707,20220102,   39,    0
100707,20220103,   53,    0
100707,20220104,   32,    0
100707,20220105,   51,    0
100707,20220106,   38,    0
100707,20220107,   16,    0
100707,20220108,   -6,    0
100707,20220109,   13,    0
100707,20220110,   82,    0
100707,20220111,   51,    0
100707,20220112,   19,    0
100707,20220113,   30,    0
100707,20220114,   13,    0
100707,20220115,   20,    0
100707,20220116,    9,    0
100707,20220117,   -2,    0
100707,20220118,  -14,    0
100707,20220119,  -22,    0
100707,20220120,  -26,    0
100707,20220121,   -8,    0
100707,20220122,  -10,    0
100707,20220123,   -2,    0
100707,20220124,   14,    0
100707,20220125,    9,    0
100707,20220126,   20,    0
100707,20220127,   59,    0
100707,20220128,   28,    0
100707,20220129,    9,    0
100707,20220130,   11,    0
100707,20220131,   -3,    0
100707,20220201,   -7,    0
100707,20220202,    5,    0
100707,20220203,   15,    0
100707,20220204,   74,    0
100707,20220205,   49,    0
100707,20220206,   10,    0
100707,20220207,    4,    0
100707,20220208,    1,    0
100707,20220209,   31,    0
100707,20220210,   16,    0
100707,20220211,   42,    0
100707,20220212,   44,    0
100707,20220213,   61,    0
100707,20220214,   61,    0
100707,20220215,    8,    0
100707,20220216,   52,    0
100707,20220217,   60,    0
100707,20220218,   42,    0
100707,20220219,   65,    0
100707,20220220,   10,    0
100707,20220221,   14,    0
100707,20220222,   18,    0
100707,20220223,   43,    0
100707,20220224,   42,    0
100707,20220225,   87,    0
100707,20220226,   88,    0
100707,20220227,   57,    0
100707,20220228,   29,    0
100707,20220301,   33,    0
100707,20220302,   73,    0
100707,20220303,   68,    0
100707,20220304,   49,    0
100707,20220305,   52,    0
100707,20220306,   40,    0
100707,20220307,   32,    0
100707,20220308,   69,    0
100707,20220309,   42,    0
100707,20220310,   52,    0
100707,20220311,   75,    0
100707,20220312,   53,    0
100707,20220313,   73,    0
100707,20220314,   79,    0
100707,20220315,   80,    0
100707,20220316,  121,    0
100707,20220317,   98,    0
100707,20220318,   68,    0
100707,20220319,   70,    0
100707,20220320,   93,    0
100707,20220321,   87,    0
100707,20220322,   91,    0
100707,20220323,  110,    0
100707,20220324,  106,    0
100707,20220325,   99,    0
100707,20220326,   74,    0
100707,20220327,   91,    0
100707,20220328,  112,    0
100707,20220329,  115,    0
100707,20220330,   96,    0
100707,20220331,   93,    0
100707,20220401,   74,    0
100707,20220402,   23,    0
100707,20220403,   22,    0
100707,20220404,   61,    0
100707,20220405,   61,    0
100707,20220406,   54,    0
100707,20220407,   76,    0
100707,20220408,   85,    0
100707,20220409,  116,    0
100707,20220410,   86,    0
100707,20220411,  105,    0
100707,20220412,  104,    0
100707,20220413,   78,    0
100707,20220414,   93,    0
100707,20220415,  110,    0
100707,20220416,  109,    0
100707,20220417,  128,    0
100707,20220418,  110,    0
100707,20220419,   94,    0
100707,20220420,   72,    0
100707,20220421,   63,    0
100707,20220422,   76,    0
100707,20220423,   73,    0
100707,20220424,   63,    0
100707,20220425,   68,    0
100707,20220426,   89,    0
100707,20220427,  101,    0
100707,20220428,   95,    0
100707,20220429,  104,    0
100707,20220430,   98,    0
100707,20220501,  121,    0
100707,20220502,   97,    0
100707,20220503,  111,    0
100707,20220504,  118,    0
100707,20220505,  105,    0
100707,20220506,  137,    0
100707,20220507,  130,    0
100707,20220508,  110,    0
100707,20220509,  121,    0
100707,20220510,  138,    0
100707,20220511,  155,    0
100707,20220512,  175,    0
100707,20220513,  154,    0
100707,20220514,  182,    0
100707,20220515,  164,    0
100707,20220516,  122,    0
100707,20220517,  148,    0
100707,20220518,  172,    0
100707,20220519,  153,    0
100707,20220520,  173,    0
100707,20220521,  180,    0
100707,20220522,  166,    0
100707,20220523,  153,    0
100707,20220524,  116,    0
100707,20220525,  122,    0
100707,20220526,  121,    0
100707,20220527,  139,    0
100707,20220528,  156,    0
100707,20220529,  149,    0
100707,20220530,  168,    0
100707,20220531,  147,    0
100707,20220601,  165,    0
100707,20220602,  155,    0
100707,20220603,  144,    0
100707,20220604,  150,    0
100707,20220605,  145,    0
100707,20220606,  126,    0
100707,20220607,  170,    0
100707,20220608,  170,    0
100707,20220609,  172,    0
100707,20220610,  206,    0
100707,20220611,  220,    0
100707,20220612,  226,    0
100707,20220613,  220,    0
100707,20220614,  229,    0
100707,20220615,  232,    0
100707,20220616,  180,    0
100707,20220617,  182,    0
100707,20220618,  190,    0
100707,20220619,  167,    0
100707,20220620,  140,    0
100707,20220621,  129,    0
100707,20220622,  151,    0
100707,20220623,  136,    0
100707,20220624,  140,    0
100707,20220625,  143,    0
100707,20220626,  113,    0
100707,20220627,  113,    0
100707,20220628,  130,    0
100707,20220629,  128,    0
100707,20220630,  122,    0
100707,20220701,  155,    0
100707,20220702,  168,    0
100707,20220703,  221,    0
100707,20220704,  168,    0
100707,20220705,  190,    0
100707,20220706,  183,    0
100707,20220707,  214,    0
100707,20220708,  210,    0
100707,20220709,  206,    0
100707,20220710,  229,    0
100707,20220711,  209,    0
100707,20220712,  229,    0
100707,20220713,  202,    0
100707,20220714,  226,    0
100707,20220715,  214,    0
100707,20220716,  221,    0
100707,20220717,  215,    0
100707,20220718,  203,    0
100707,20220719,  176,    0
100707,20220720,  174,    0
100707,20220721,  204,    0
100707,20220722,  179,    0
100707,20220723,  178,    0
100707,20220724,  194,    0
100707,20220725,  193,    0
100707,20220726,  207,    0
100707,20220727,  167,    0
100707,20220728,  173,    0
100707,20220729,  164,    0
100707,20220730,  207,    0
100707,20220731,  226,    0
100707,20220801,  243,    0
100707,20220802,  224,    0
100707,20220803,  183,    0
100707,20220804,  174,    0
100707,20220805,  180,    0
100707,20220806,  191,    0
100707,20220807,  179,    0
100707,20220808,  175,    0
100707,20220809,  177,    0
100707,20220810,  220,    0
100707,20220811,  177,    0
100707,20220812,  183,    0
100707,20220813,  207,    0
100707,20220814,  155,    0
100707,20220815,  158,    0
100707,20220816,  168,    0
100707,20220817,  159,    0
100707,20220818,  161,    0
100707,20220819,  160,    0
100707,20220820,  170,    0
100707,20220821,  173,    0
100707,20220822,  188,    0
100707,20220823,  205,    0
100707,20220824,  196,    0
100707,20220825,  172,    0
100707,20220826,  171,    0
100707,20220827,  181,    0
100707,20220828,  199,    0
100707,20220829,  220,    0
100707,20220830,  172,    0
100707,20220831,  151,    0
100707,20220901,  150,    0
100707,20220902,  171,    0
100707,20220903,  158,    0
100707,20220904,  143,    0
100707,20220905,  154,    0
100707,20220906,  182,    0
100707,20220907,  149,    0
100707,20220908,  178,    0
100707,20220909,  187,    0
100707,20220910,  183,    0
100707,20220911,  178,    0
100707,20220912,  194,    0
100707,20220913,  192,    0
100707,20220914,  182,    0
100707,20220915,  185,    0
100707,20220916,  168,    0
100707,20220917,  181,    0
100707,20220918,  184,    0
100707,20220919,  212,    0
100707,20220920,  183,    0
100707,20220921,  188,    0
100707,20220922,  164,    0
100707,20220923,  148,    0
100707,20220924,  156,    0
100707,20220925,  123,    0
100707,20220926,  128,    0
100707,20220927,  123,    0
100707,20220928,  127,    0
100707,20220929,  140,    0
100707,20220930,  114,    0
100707,20221001,   89,    0
100707,20221002,  105,    0
100707,20221003,  142,    0
100707,20221004,  149,    0
100707,20221005,  142,    0
100707,20221006,  142,    0
100707,20221007,  169,    0
100707,20221008,  132,    0
100707,20221009,  134,    0
100707,20221010,  170,    0
100707,20221011,  150,    0
100707,20221012,  134,    0
100707,20221013,  122,    0
100707,20221014,  125,    0
100707,20221015,  123,    0
100707,20221016,  119,    0
100707,20221017,  146,    0
100707,20221018,  129,    0
100707,20221019,  167,    0
100707,20221020,  156,    0
100707,20221021,  171,    0
100707,20221022,  142,    0
100707,20221023,  144,    0
100707,20221024,  124,    0
100707,20221025,  150,    0
100707,20221026,  163,    0
100707,20221027,  154,    0
100707,20221028,  138,    0
100707,20221029,  123,    0
100707,20221030,  154,    0
100707,20221031,  151,    0
100707,20221101,  125,    0
100707,20221102,   94,    0
100707,20221103,  118,    0
100707,20221104,   92,    0
100707,20221105,   52,    0
100707,20221106,   51,    0
100707,20221107,  104,    0
100707,20221108,  151,    0
100707,20221109,  128,    0
100707,20221110,   80,    0
100707,20221111,   67,    0
100707,20221112,   94,    0
100707,20221113,   70,    0
100707,20221114,  140,    0
100707,20221115,  150,    0
100707,20221116,  140,    0
100707,20221117,  125,    0
100707,20221118,   86,    0
100707,20221119,   74,    0
100707,20221120,   93,    0
100707,20221121,  110,    0
100707,20221122,   99,    0
100707,20221123,  140,    0
100707,20221124,  136,    0
100707,20221125,   67,    0
100707,20221126,   41,    0
100707,20221127,   44,    0
100707,20221128,   68,    0
100707,20221129,   32,    0
100707,20221130,   14,    0
100707,20221201,   65,    0
100707,20221202,   16,    0
100707,20221203,   20,    0
100707,20221204,   93,    0
100707,20221205,  100,    0
100707,20221206,  111,    0
100707,20221207,   66,    0
100707,20221208,  116,    0
100707,20221209,  108,    0
100707,20221210,  107,    0
100707,20221211,  104,    0
100707,20221212,  149,    0
100707,20221213,  147,    0
100707,20221214,  113,    0
100707,20221215,   89,    0
100707,20221216,   87,    0
100707,20221217,   72,    0
100707,20221218,   55,    0
100707,20221219,   66,    0
100707,20221220,  122,    0
100707,20221221,  121,    0
100707,20221222,  116,    0
100707,20221223,   87,    0
100707,20221224,   74,    0
100707,20221225,  107,    0
100707,20221226,   82,    0
100707,20221227,   53,    0
100707,20221228,   48,    0
100707,20221229,   83,    0
100707,20221230,   80,    0
100707,20221231,   34,    0
100707,20230101,   93,    0
100707,20230102,   64,    0
100707,20230103,   23,    0
100707,20230104,   24,    0
100707,20230105,   24,    0
100707,20230106,   18,    0
100707,20230107,   41,    0
100707,20230108,  129,    0
100707,20230109,   88,    0
100707,20230110,   66,    0
100707,20230111,   77,    0
100707,20230112,   46,    0
100707,20230113,   48,    0
100707,20230114,   58,    0
100707,20230115,   54,    0
100707,20230116,   50,    0
100707,20230117,   74,    0
100707,20230118,   43,    0
100707,20230119,   21,    0
100707,20230120,   98,    0
100707,20230121,   72,    0
100707,20230122,   22,    0
100707,20230123,   18,    0
100707,20230124,    4,    0
100707,20230125,  -16,    0
100707,20230126,   -2,    0
100707,20230127,   16,    0
100707,20230128,   16,    0
100707,20230129,  -23,    0
100707,20230130,  -22,    0
100707,20230131,  -24,    0
100707,20230201,  -23,    0
100707,20230202,  -20,    0
100707,20230203,  -15,    0
100707,20230204,  -16,    0
100707,20230205,  -12,    0
100707,20230206,  -13,    0
100707,20230207,   31,    0
100707,20230208,   57,    0
100707,20230209,   50,    0
100707,20230210,   42,    0
100707,20230211,   40,    0
100707,20230212,   58,    0
100707,20230213,   28,    0
100707,20230214,   33,    0
100707,20230215,   67,    0
100707,20230216,   24,    0
100707,20230217,   40,    0
100707,20230218,   92,    0
100707,20230219,   56,    0
100707,20230220,   87,    0
100707,20230221,   51,    0
100707,20230222,   64,    0
100707,20230223,   47,    0
100707,20230224,   -4,    0
100707,20230225,   38,    0
100707,20230226,   70,    0
100707,20230227,   29,    0
100707,20230228,    2,    0
100707,20230301,   -1,    0
100707,20230302,  -27,    0
100707,20230303,  -21,    0
100707,20230304,   34,    0
100707,20230305,   77,    0
100707,20230306,   83,    0
100707,20230307,   99,    0
100707,20230308,  141,    0
100707,20230309,  126,    0
100707,20230310,  118,    0
100707,20230311,  120,    0
100707,20230312,   88,    0
100707,20230313,   81,    0
100707,20230314,   68,    0
100707,20230315,   38,    0
100707,20230316,   65,    0
100707,20230317,  103,    0
100707,20230318,   87,    0
100707,20230319,   76,    0
100707,20230320,   48,    0
100707,20230321,   77,    0
100707,20230322,   72,    0
100707,20230323,   56,    0
100707,20230324,   89,    0
100707,20230325,   91,    0
100707,20230326,   95,    0
100707,20230327,   73,    0
100707,20230328,   53,    0
100707,20230329,   69,    0
100707,20230330,  123,    0
100707,20230331,  123,    0
100707,20230401,   95,    0
100707,20230402,   98,    0
100707,20230403,   41,    0
100707,20230404,  106,    0
100707,20230405,   57,    0
100707,20230406,   65,    0
100707,20230407,   69,    0
100707,20230408,   68,    0
100707,20230409,   92,    0
100707,20230410,   92,    0
100707,20230411,   97,    0
100707,20230412,   88,    0
100707,20230413,   56,    0
100707,20230414,   84,    0
100707,20230415,  109,    0
100707,20230416,   99,    0
100707,20230417,   93,    0
100707,20230418,   81,    0
100707,20230419,  100,    0
100707,20230420,  109,    0
100707,20230421,  114,    0
100707,20230422,  107,    0
100707,20230423,  101,    0
100707,20230424,  128,    0
100707,20230425,  135,    0
100707,20230426,  114,    0
100707,20230427,  144,    0
100707,20230428,  177,    0
100707,20230429,  167,    0
100707,20230430,  141,    0
100707,20230501,  145,    0
100707,20230502,  124,    0
100707,20230503,  175,    0
100707,20230504,  142,    0
100707,20230505,  131,    0
100707,20230506,  124,    0
100707,20230507,  138,    0
100707,20230508,  140,    0
100707,20230509,  153,    0
100707,20230510,  142,    0
100707,20230511,  119,    0
100707,20230512,  135,    0
100707,20230513,  103,    0
100707,20230514,  122,    0
100707,20230515,  130,    0
100707,20230516,  111,    0
100707,20230517,  129,    0
100707,20230518,  127,    0
100707,20230519,  120,    0
100707,20230520,  122,    0
100707,20230521,  144,    0
100707,20230522,  140,    0
100707,20230523,  142,    0
100707,20230524,  130,    0
100707,20230525,  136,    0
100707,20230526,  159,    0
100707,20230527,  141,    0
100707,20230528,  147,    0
100707,20230529,  147,    0
100707,20230530,  147,    0
100707,20230531,  131,    0
100707,20230601,  148,    0
100707,20230602,  138,    0
100707,20230603,  140,    0
100707,20230604,  183,    0
100707,20230605,  180,    0
100707,20230606,  173,    0
100707,20230607,  177,    0
100707,20230608,  184,    0
100707,20230609,  169,    0
100707,20230610,  173,    0
100707,20230611,  164,    0
100707,20230612,  179,    0
100707,20230613,  175,    0
100707,20230614,  155,    0
100707,20230615,  191,    0
100707,20230616,  209,    0
100707,20230617,  196,    0
100707,20230618,  180,    0
100707,20230619,  197,    0
100707,20230620,  179,    0
100707,20230621,  187,    0
100707,20230622,  159,    0
100707,20230623,  189,    0
100707,20230624,  212,    0
100707,20230625,  238,    0
100707,20230626,  206,    0
100707,20230627,  198,    0
100707,20230628,  230,    0
100707,20230629,  198,    0
100707,20230630,  191,    0
100707,20230701,  200,    0
100707,20230702,  236,    0
100707,20230703,  214,    0
100707,20230704,  176,    0
100707,20230705,  178,    0
100707,20230706,  174,    0
100707,20230707,  169,    0
100707,20230708,  173,    0
100707,20230709,  167,    0
100707,20230710,  184,    0
100707,20230711,  182,    0
100707,20230712,  178,    0
100707,20230713,  192,    0
100707,20230714,  195,    0
100707,20230715,  192,    0
100707,20230716,  142,    0
100707,20230717,  160,    0
100707,20230718,  209,    0
100707,20230719,  190,    0
100707,20230720,  166,    0
100707,20230721,  160,    0
100707,20230722,  152,    0
100707,20230723,  163,    0
100707,20230724,  174,    0
100707,20230725,  155,    0
100707,20230726,  168,    0
100707,20230727,  175,    0
100707,20230728,  152,    0
100707,20230729,  201,    0
100707,20230730,  181,    0
100707,20230731,  156,    0
100707,20230801,  173,    0
100707,20230802,  198,    0
100707,20230803,  162,    0
100707,20230804,  182,    0
100707,20230805,  171,    0
100707,20230806,  185,    0
100707,20230807,  205,    0
100707,20230808,  237,    0
100707,20230809,  233,    0
100707,20230810,  186,    0
100707,20230811,  187,    0
100707,20230812,  210,    0
100707,20230813,  168,    0
100707,20230814,  150,    0
100707,20230815,  161,    0
100707,20230816,  163,    0
100707,20230817,  162,    0
100707,20230818,  182,    0
100707,20230819,  204,    0
100707,20230820,  219,    0
100707,20230821,  210,    0
100707,20230822,  217,    0
100707,20230823,  219,    0
100707,20230824,  232,    0
100707,20230825,  225,    0
100707,20230826,  181,    0
100707,20230827,  148,    0
100707,20230828,  172,    0
100707,20230829,  173,    0
100707,20230830,  176,    0
100707,20230831,  173,    0
100707,20230901,  174,    0
100707,20230902,  182,    0
100707,20230903,  151,    0
100707,20230904,  147,    0
100707,20230905,  152,    0
100707,20230906,  167,    0
100707,20230907,  191,    0
100707,20230908,  176,    0
100707,20230909,  187,    0
100707,20230910,  170,    0
100707,20230911,  176,    0
100707,20230912,  170,    0
100707,20230913,  174,    0
100707,20230914,  195,    0
100707,20230915,  189,    0
100707,20230916,  171,    0
100707,20230917,  160,    0
100707,20230918,  170,    0
100707,20230919,  154,    0
100707,20230920,  148,    0
100707,20230921,  159,    0
100707,20230922,  129,    0
100707,20230923,  129,    0
100707,20230924,  120,    0
100707,20230925,  130,    0
100707,20230926,  160,    0
100707,20230927,  151,    0
100707,20230928,  171,    0
100707,20230929,  144,    0
100707,20230930,  159,    0
100707,20231001,  160,    0
100707,20231002,  147,    0
100707,20231003,  182,    0
100707,20231004,  160,    0
100707,20231005,  162,    0
100707,20231006,  148,    0
100707,20231007,  153,    0
100707,20231008,  141,    0
100707,20231009,  145,    0
100707,20231010,  141,    0
100707,20231011,  132,    0
100707,20231012,  125,    0
100707,20231013,  141,    0
100707,20231014,  173,    0
100707,20231015,  145,    0
100707,20231016,  164,    0
100707,20231017,  186,    0
100707,20231018,  176,    0
100707,20231019,  144,    0
100707,20231020,  125,    0
100707,20231021,  105,    0
100707,20231022,  113,    0
100707,20231023,  117,    0
100707,20231024,   88,    0
100707,20231025,  154,    0
100707,20231026,  147,    0
100707,20231027,  137,    0
100707,20231028,  144,    0
100707,20231029,  157,    0
100707,20231030,  123,    0
100707,20231031,  110,    0
